Species_Code,Site,Block,Grazing_Treatment,Slice,Count,Total Area,Average Size,% Area,Mean,NOTES
ALDE,FK,1,LG,FK_Early_B1_LG_22,1,0.152,0.152,8.087,255,
ALDE,FK,1,MG,FK_Early_22.jpg,1,0.149,0.149,14.493,255,
ALDE,FK,1,HG,FK_Early_B1_HG_22.jpg,1,0.07,0.07,5.398,255,found
ALDE,FK,2,HG,FK_Early_B2_MG_22.jpg,1,0.127,0.127,9.432,255,
ALDE,FK,2,LG,FK_Early_B1_HG_22.jpg,1,0.138,0.138,8.696,255,found
ALDE,FK,2,MG,FK_Early_B2_MG_22.jpg,1,0.204,0.204,11.277,255,
ALDE,FK,3,HG,FK_Early_B3_HG_22.jpg,1,0.206,0.206,9.899,255,
ALDE,FK,3,LG,FK_Early_B3_LG_22.jpg,1,0.185,0.185,12.834,255,
ALDE,TB,1,MG,TB_Early_B1_LG_22_2.jpg,1,0.053,0.053,3.656,255,
ALDE,TB,1,LG,TB_Early_B1_LG_22_3.jpg,1,0.06,0.06,4.054,255,
ALDE,TB,1,HG,TB_Early_B1_MG_22.jpg,1,0.066,0.066,5.699,255,
ALDE,TB,2,HG,TB_Early_B2_HG_22.jpg,1,0.129,0.129,7.065,255,
ALDE,TB,2,LG,TB_Early_B2_LG_22.jpg,1,0.088,0.088,7.513,255,
ALDE,TB,2,MG,TB_Early_B2_MG_22.jpg,1,0.045,0.045,3.214,255,
ALDE,TB,3,HG,TB_Early_B3_HG_22.jpg,1,0.069,0.069,7.682,255,
ALDE,TB,3,LG,TB_Early_B3_LG_22.jpg,1,0.077,0.077,8.435,255,
ALDE,TB,3,MG,TB_Early_B3_MG_22_1.jpg,1,0.03,0.03,4.013,255,
ALDE ,FK,3,MG,FK_Early_B3_MG_22.jpg,1,0.131,0.131,7.043,255,
HEHI,TB,1,MG,TB_Early_B1_MG_22.jpg,1,0.347,0.347,16.129,255,
HEHI,TB,2,MG,TB_Early_B2_MG_22.jpg,1,0.161,0.161,11.607,255,
HEHI,FK,1,LG,FK_Early_B1_LG_22.jpg,1,0.1,0.1,5.325,255,
HEHI,FK,1,MG,,,,,,,NO LEAF IN BAG
HEHI,FK,2,HG,FK_Early_B2_HG_22.jpg,1,0.06,0.06,3.414,255,
HEHI,FK,2,LG,FK_Early_B1_HG_22.jpg,1,0.11,0.11,6.91,255,found
HEHI,FK,2,MG,FK_Early_B2_MG_22.jpg,1,0.09,0.09,6.53,255,
HEHI,FK,3,HG,FK_Early_B3_HG_22.jpg,1,0.076,0.076,8.472,255,
HEHI,FK,3,LG,FK_Early_B3_LG_22.jpg,1,0.069,0.069,4.823,255,
HEHI,FK,3,MG,FK_Early_B3_MG_22.jpg,1,0.073,0.073,3.92,255,
HEHI,TB,1,HG,TB_Early_B1_HG_22.jpg,1,0.112,0.112,6.593,255,
HEHI,TB,1,LG,TB_Early_B1_LG_22_3.jpg,2,0.077,0.038,5.236,255,
HEHI,TB,2,HG,TB_Early_B2_HG_22.jpg,1,0.388,0.388,17.784,255,
HEHI,TB,2,LG,TB_Early_B2_LG_22.jpg,1,0.124,0.124,10.582,255,
HEHI,TB,3,HG,TB_Early_B3_HG_22.jpg,1,0.125,0.125,8.907,255,
HEHI,TB,3,LG,TB_Early_B3_LG_22.jpg,1,0.195,0.195,15.258,255,
HEHI,TB,3,MG,TB_Early_B3_MG_22_1.jpg,1,0.417,0.417,19.555,255,
LEDE,FK,1,LG,FK_Early_B1_LG_22.jpg,1,0.067,0.067,4.538,255,
LEDE,FK,1,MG,FK_Early_B1_MG_22_2.jpg,1,0.047,0.047,1.846,255,
LEDE,FK,2,HG,FK_Early_22.jpg,2,0.061,0.03,5.918,255,
LEDE,FK,2,LG,FK_Early_B1_HG_22.jpg,1,0.071,0.071,4.503,255,found
LEDE,FK,2,MG,FK_Early_B2_MG_22.jpg,1,0.19,0.19,10.462,255,
LEDE,FK,3,HG,FK_Early_B3_HG_22.jpg,1,0.166,0.166,5.162,255,
LEDE,FK,3,LG,FK_Early_B3_LG_22.jpg,1,0.035,0.035,2.412,255,
LEDE,FK,3,MG,FK_Early_B3_MG_22.jpg,1,0.047,0.047,2.525,255,
LEDE,TB,1,HG,TB_Early_B1_HG_22.jpg,1,0.182,0.182,7.391,255,
LEDE,TB,1,LG,TB_Early_B1_LG_22_3.jpg,1,0.063,0.063,4.307,255,
LEDE,TB,1,MG,TB_Early_B1_MG_22.jpg,1,0.088,0.088,5.453,255,
LEDE,TB,2,HG,TB_Early_B2_HG_22.jpg,1,0.046,0.046,2.514,255,
LEDE,TB,2,LG,TB_Early_B2_LG_22.jpg,1,0.289,0.289,16.595,255,
LEDE,TB,2,MG,TB_Early_B2_MG_22_2.jpg,1,0.263,0.263,9.456,255,
LEDE,TB,3,HG,,,,,,,not collected
LEDE,TB,3,LG,,,,,,,not collected
LEDE,TB,3,MG,,,,,,,not collected
LOAR,FK,1,LG,FK_Early_B1_LG_22.jpg,1,0.088,0.088,5.259,255,
LOAR,FK,1,MG,FK_Early_B1_MG_22_2.jpg,1,0.093,0.093,3.644,255,
LOAR,FK,1,HG,FK_Early_B1_HG_22.jpg,1,0.054,0.054,4.583,255,found
LOAR,FK,2,HG,FK_Early_B2_MG_22.jpg,1,0.112,0.112,8.333,255,
LOAR,FK,2,LG,FK_Early_B1_HG_22.jpg,1,0.074,0.074,4.082,255,"found, literally under B1-HG-Pose"
LOAR,FK,2,MG,FK_Early_B2_MG_22.jpg,1,0.058,0.058,4.304,255,
LOAR,FK,3,HG,FK_Early_B3_HG_22.jpg,1,0.076,0.076,4.373,255,
LOAR,FK,3,LG,FK_Early_B3_LG_22.jpg,1,0.197,0.197,9.95,255,
LOAR,FK,3,MG,FK_Early_B3_MG_22.jpg,1,0.112,0.112,5.98,255,
LOAR,TB,1,HG,TB_Early_B1_HG_22.jpg,1,0.325,0.325,12.209,255,
LOAR,TB,1,LG,TB_Early_B1_LG_22_3.jpg,1,0.114,0.114,7.77,255,
LOAR,TB,1,MG,TB_Early_B1_MG_22_2.jpg,1,0.276,0.276,11.507,255,
LOAR,TB,2,HG,TB_Early_B2_HG_22.jpg,1,0.311,0.311,18.241,255,
LOAR,TB,2,LG,TB_Early_B2_LG_22.jpg,1,0.327,0.327,18.803,255,
LOAR,TB,2,MG,TB_Early_B2_MG_22_2.jpg,1,0.382,0.382,12.097,255,
LOAR,TB,3,HG,TB_Early_B3_HG_22.jpg,2,0.236,0.118,12.566,255,
LOAR,TB,3,LG,TB_Early_B3_LG_22.jpg,1,0.064,0.064,6.878,255,
LOAR,TB,3,MG,TB_Early_B3_MG_22_1.jpg,1,0.287,0.287,13.466,255,
POSE,FK,1,LG,FK_Early_B1_LG_22.jpg,1,0.212,0.212,6.209,255,
POSE,FK,1,MG,FK_Early_B1_MG_22.jpg,1,1.039,1.039,12.492,255,
POSE,FK,2,HG,FK_Early_B2_HG_22.jpg,3,0.622,0.207,8.746,255,
POSE,FK,2,LG,FK_Early_B2_LG_22.jpg,1,0.416,0.416,10.946,255,
POSE,FK,2,MG,FK_Early_B2_MG_22.jpg,1,0.412,0.412,6.965,255,
POSE,FK,3,HG,FK_Early_B3_HG_22.jpg,1,0.966,0.966,9.919,255,
POSE,FK,3,LG,FK_Early_B3_LG_22.jpg,1,0.681,0.681,12.615,255,
POSE,FK,3,MG,FK_Early_B3_MG_22.jpg,1,0.188,0.188,4.477,255,
POSE,TB,1,HG,TB_Early_B1_HG_22.jpg,1,0.373,0.373,7.976,255,
POSE,TB,1,LG,TB_Early_B1_LG_22_2.jpg,1,0.402,0.402,4.339,255,
POSE,TB,1,MG,TB_Early_B1_MG_22_2.jpg,1,0.503,0.503,7.799,255,
POSE,TB,2,HG,TB_Early_B2_HG_22_2.jpg,1,0.283,0.283,4.58,255,
POSE,TB,2,LG,TB_Early_B2_LG_22_2.jpg,1,0.792,0.792,9.29,255,
POSE,TB,2,MG,TB_Early_B2_MG_22_2.jpg,1,0.314,0.314,7.653,255,
POSE,TB,3,HG,TB_Early_B3_HG_22_2.jpg,1,0.395,0.395,9.114,255,
POSE,TB,3,LG,TB_Early_B3_LG_22.jpg,2,0.418,0.209,6.278,255,
POSE,TB,3,MG,TB_Early_B3_MG_22_1.jpg,2,0.567,0.283,11.749,255,
VUOC,FK,1,LG,FK_Early_B1_LG_22.jpg,2,0.071,0.035,2.059,255,
VUOC,FK,1,MG,FK_Early_B1_MG_22.jpg,1,0.022,0.022,1.163,255,
VUOC,FK,1,HG,FK_Early_B1_HG_22.jpg,4,0.062,0.015,3.401,255,found
VUOC,FK,2,HG,FK_Early_B2_HG_22.jpg,1,0.022,0.022,2.143,255,
VUOC,FK,2,LG,FK_Early_B2_LG_22.jpg,1,0.075,0.075,3.401,255,
VUOC,FK,2,MG,FK_Early_B2_MG_22.jpg,1,0.049,0.049,3.663,255,
VUOC,FK,3,LG,FK_Early_B3_LG_22.jpg,1,0.029,0.029,1.494,255,
VUOC,FK,3,MG,FK_Early_B3_MG_22.jpg,1,0.024,0.024,0.835,255,
VUOC,TB,1,HG,TB_Early_B1_HG_22.jpg,1,0.03,0.03,2.778,255,
VUOC,TB,1,LG,TB_Early_B1_LG_22_2.jpg,1,0.094,0.094,3.414,255,
VUOC,TB,1,MG,TB_Early_B1_MG_22_2.jpg,2,0.03,0.015,1.469,255,
VUOC,TB,2,HG,TB_Early_B2_HG_22_2.jpg,1,0.021,0.021,1.065,255,
VUOC,TB,2,LG,TB_Early_B2_LG_22_2.jpg,1,0.066,0.066,2.146,255,
VUOC,TB,2,MG,TB_Early_B2_MG_22_2.jpg,1,0.048,0.048,2.095,255,
VUOC,TB,3,HG,,,,,,,not collected
VUOC,TB,3,LG,TB_Early_B3_LG_22_2.jpg,2,0.047,0.023,3.85,255,
VUOC,TB,3,MG,TB_Early_B3_MG_22_1.jpg,1,0.038,0.038,1.974,255,
VUOC ,FK,3,HG,FK_Early_B3_HG_22.jpg,1,0.072,0.072,4.932,255,
ANOC,FK,1,HG,FK_Early_B1_HG_22.jpg,1,0.034,0.034,3.989,255,found
ANOC,FK,1,LG,FK_Early_B1_LG_22.jpg,1,0.042,0.042,10.526,255,
ANOC,FK,1,MG,FK_Early_22.jpg,1,0.021,0.021,1.932,255,
ANOC,FK,2,HG,FK_Early_B2_MG_22.jpg,1,0.038,0.038,4.133,255,
ANOC,FK,2,LG,FK_Early_B1_HG_22.jpg,1,0.03,0.03,3.419,255,found
ANOC,FK,2,MG,FK_Early_B2_MG_22.jpg,2,0.023,0.012,1.979,255,
ANOC,FK,3,HG,FK_Early_B3_HG_22.jpg,1,0.03,0.03,1.908,255,
ANOC,FK,3,LG,FK_Early_B3_MG_22.jpg,1,0.057,0.057,4.381,255,
ANOC,FK,3,MG,FK_Early_B3_MG_22.jpg,1,0.056,0.056,5.707,255,
ARFR,FK,1,HG,FK_Late_Season_2022_Block1-2.jpg,1,0.053,0.053,3.853,255,
ARFR,FK,1,LG,FK_Late_Season_2022_Block1.jpg,1,0.053,0.053,3.646,255,
ARFR,FK,1,MG,FK_Late_Season_2022_Block1.jpg,1,0.186,0.186,7.475,255,
ARFR,FK,2,HG,FK_Late_Season_2022_Block2-3.jpg,1,0.101,0.101,4.881,255,
ARFR,FK,2,LG,FK_Late_Season_2022_Block1-2.jpg,1,0.071,0.071,5.197,255,
ARFR,FK,2,MG,FK_Late_Season_2022_Block1-2.jpg,1,0.105,0.105,7.616,255,
ARFR,FK,3,HG,FK_Late_Season_2022_Block3.jpg,1,0.145,0.145,4.799,255,
ARFR,FK,3,LG,FK_Late_Season_2022_Block2-3.jpg,2,0.202,0.101,6.749,255,
ARFR,FK,3,MG,FK_Late_Season_2022_Block2-3.jpg,1,0.106,0.106,5.012,255,
PLPA,FK,1,HG,FK_Early_B1_HG_22.jpg,1,0.367,0.367,9.943,255,found
PLPA,FK,1,LG,FK_Early_B1_LG_22.jpg,2,0.484,0.242,7.198,255,
PLPA,FK,1,MG,FK_Early_B1_MG_22.jpg,1,0.288,0.288,7.073,255,
PLPA,FK,2,HG,FK_Early_B2_HG_22.jpg,1,0.302,0.302,9.926,255,
PLPA,FK,2,LG,FK_Early_B2_LG_22.jpg,1,0.336,0.336,7.69,255,
PLPA,FK,2,MG,FK_Early_B2_MG_22.jpg,2,0.172,0.086,6.763,255,
PLPA,FK,3,HG,FK_Early_B3_HG_22.jpg,1,0.242,0.242,5.114,255,
PLPA,FK,3,LG,FK_Early_B3_LG_22.jpg,2,0.137,0.069,5.671,255,
PLPA,FK,3,MG,FK_Early_B3_MG_22.jpg,1,0.348,0.348,7.816,255,
COLI,TB,1,HG,TB_Early_B1_MG_22.jpg,1,0.207,0.207,8.034,255,
COLI,TB,1,LG,TB_Early_B1_LG_22_3.jpg,1,0.198,0.198,7.188,255,
COLI,TB,1,MG,TB_Early_B1_LG_22_2.jpg,1,0.151,0.151,6.071,255,
COLI,TB,2,HG,TB_Early_B2_HG_22.jpg,1,0.176,0.176,6.334,255,
COLI,TB,2,LG,TB_Early_B2_MG_22_2.jpg,1,0.24,0.24,8.071,255,
COLI,TB,2,MG,TB_Early_B2_MG_22.jpg,1,0.557,0.557,20.43,255,
COLI,TB,3,HG,,,,,,,not colllected
COLI,TB,3,LG,TB_Early_B3_LG_22.jpg,1,0.351,0.351,23.583,255,
COLI,TB,3,MG,,,,,,,not collected
DEPI,TB,1,HG,TB_Early_B1_MG_22.jpg,2,0.588,0.294,18.789,255,
DEPI,TB,1,LG,TB_Early_B1_LG_22_3.jpg,1,0.095,0.095,3.459,255,
DEPI,TB,1,MG,TB_Early_B1_LG_22_2.jpg,1,0.094,0.094,4.637,255,
DEPI,TB,2,HG,TB_Early_B2_HG_22.jpg,1,0.039,0.039,5.167,255,
DEPI,TB,2,LG,TB_Early_B2_LG_22.jpg,1,0.06,0.06,4.504,255,
DEPI,TB,2,MG,TB_Early_B2_MG_22.jpg,1,0.626,0.626,14.222,255,
DEPI,TB,3,HG,TB_Early_B3_HG_22.jpg,1,0.109,0.109,15.104,255,
DEPI,TB,3,LG,TB_Early_B3_LG_22.jpg,2,0.202,0.101,10.838,255,
DEPI,TB,3,MG,TB_Early_B3_MG_22_1.jpg,2,0.158,0.079,10.714,255,
DRRE,TB,1,HG,TB_Early_B1_MG_22.jpg,1,0.134,0.134,8.308,255,
DRRE,TB,1,LG,TB_Early_B1_LG_22_3.jpg,1,0.119,0.119,10.714,255,
DRRE,TB,1,MG,TB_Early_B1_LG_22_2.jpg,1,0.28,0.28,13.847,255,
DRRE,TB,2,HG,TB_Early_B2_HG_22.jpg,1,0.362,0.362,17.344,255,
DRRE,TB,2,LG,TB_Early_B2_LG_22.jpg,1,0.274,0.274,10.821,255,
DRRE,TB,2,MG,TB_Early_B2_MG_22.jpg,1,0.182,0.182,9.198,255,
DRRE,TB,3,HG,TB_Early_B3_HG_22.jpg,1,0.069,0.069,9.549,255,
DRRE,TB,3,LG,TB_Early_B3_LG_22.jpg,2,0.076,0.038,11.091,255,
DRRE,TB,3,MG,TB_Early_B3_MG_22_1.jpg,1,0.312,0.312,21.088,255,
ERCA,TB,1,HG,TB_Early_B1_MG_22.jpg,1,0.379,0.379,8.537,255,
ERCA,TB,1,LG,TB_Early_B1_LG_22_3.jpg,1,0.506,0.506,15.106,255,
ERCA,TB,1,MG,TB_Early_B1_MG_22.jpg,1,0.422,0.422,9.214,255,
ERCA,TB,2,HG,TB_Early_B2_HG_22.jpg,1,1.212,1.212,10.703,255,
ERCA,TB,2,LG,TB_Early_B2_LG_22.jpg,2,0.44,0.22,12.605,255,
ERCA,TB,2,MG,TB_Early_B2_MG_22.jpg,1,0.193,0.193,7.079,255,
ERCA,TB,3,HG,TB_Early_B3_HG_22.jpg,1,0.542,0.542,9.309,255,
ERCA,TB,3,LG,TB_Early_B3_LG_22.jpg,1,0.523,0.523,12.711,255,
ERCA,TB,3,MG,TB_Early_B3_MG_22_1.jpg,1,0.692,0.692,7.051,255,
ERHO,TB,1,HG,TB_Early_B1_HG_22.jpg,1,0.099,0.099,6.173,255,
ERHO,TB,1,LG,TB_Early_B1_LG_22_3.jpg,1,0.063,0.063,2.833,255,
ERHO,TB,1,MG,TB_Early_B1_MG_22_2.jpg,1,0.07,0.07,2.659,255,
ERHO,TB,2,HG,TB_Early_B2_HG_22.jpg,1,0.096,0.096,5.941,255,
ERHO,TB,2,LG,TB_Early_B2_LG_22.jpg,1,0.021,0.021,1.724,255,
ERHO,TB,2,MG,TB_Early_B2_MG_22.jpg,4,0.068,0.017,2.509,255,
ERHO,TB,3,HG,TB_Early_B3_HG_22.jpg,4,0.176,0.044,6.386,255,
ERHO,TB,3,LG,TB_Early_B3_LG_22.jpg,1,0.161,0.161,6.828,255,
ERHO,TB,3,MG,TB_Early_B3_MG_22_1.jpg,1,0.122,0.122,5.047,255,
LOFO,TB,1,HG,TB_Early_B1_HG_22.jpg,2,0.439,0.219,16.091,255,
LOFO,TB,1,LG,TB_Early_B1_LG_22_3.jpg,1,0.639,0.639,18.864,255,
LOFO,TB,1,MG,TB_Early_B1_MG_22.jpg,5,0.274,0.055,11,255,
LOFO,TB,2,HG,TB_Early_B2_HG_22.jpg,1,0.838,0.838,27.056,255,
LOFO,TB,2,LG,TB_Early_B2_LG_22.jpg,1,0.68,0.68,28.081,255,
LOFO,TB,2,MG,TB_Early_B2_MG_22_2.jpg,1,2.493,2.493,29.748,255,
LOFO,TB,3,HG,TB_Early_B3_HG_22.jpg,3,1.939,0.646,30.789,255,
LOFO,TB,3,LG,TB_Early_B3_LG_22.jpg,1,1.48,1.48,27.69,255,
LOFO,TB,3,MG,TB_Early_B3_MG_22_1.jpg,1,4.275,4.275,27.778,255,
PHHO,TB,1,HG,TB_Early_B1_HG_22.jpg,1,0.053,0.053,5.534,255,
PHHO,TB,1,LG,TB_Early_B1_LG_22_3.jpg,1,0.064,0.064,2.948,255,
PHHO,TB,1,MG,TB_Early_B1_MG_22_2.jpg,1,0.11,0.11,4.622,255,
PHHO,TB,2,HG,TB_Early_B2_HG_22.jpg,1,0.022,0.022,1.678,255,
PHHO,TB,2,LG,TB_Early_B2_LG_22.jpg,1,0.044,0.044,1.818,255,
PHHO,TB,2,MG,TB_Early_B2_MG_22_2.jpg,1,0.019,0.019,2.351,255,
PHHO,TB,3,HG,TB_Early_B3_HG_22_2.jpg,1,0.03,0.03,1.858,255,
PHHO,TB,3,LG,TB_Early_B3_LG_22.jpg,1,0.032,0.032,3.095,255,
PHHO,TB,3,MG,TB_Early_B3_MG_22_1.jpg,1,0.039,0.039,1.304,255,
PIOP,TB,1,HG,TB_Early_B1_HG_22.jpg,2,0.451,0.226,16.508,255,
PIOP,TB,1,LG,TB_Early_B1_LG_22_2.jpg,1,1.67,1.67,6.969,255,
PIOP,TB,1,MG,TB_Early_B1_MG_22_2.jpg,5,1.928,0.386,8.833,255,
PIOP,TB,2,HG,TB_Early_B2_HG_22_2.jpg,3,1.925,0.642,6.892,255,
PIOP,TB,2,LG,TB_Early_B2_LG_22.jpg,1,0.561,0.561,12.75,255,
PIOP,TB,2,MG,TB_Early_B2_MG_22_2.jpg,1,0.281,0.281,18.029,255,
PIOP,TB,3,HG,,,,,,,not collected
PIOP,TB,3,LG,TB_Early_B3_LG_22.jpg,1,1.974,1.974,24.64,255,
PIOP,TB,3,MG,,,,,,,not collected
ALTE,TB,1,HG,TB_Early_B1_LG_22_2.jpg,2,3.547,1.773,21.498,255,
ALTE,TB,1,LG,TB_Early_B1_LG_22_3.jpg,1,1.001,1.001,7.451,255,
ALTE,TB,1,MG,TB_Early_B1_MG_22.jpg,1,1.655,1.655,11.922,255,
ALTE,TB,2,HG,TB_Early_B2_HG_22.jpg,2,1.206,0.603,16.518,255,
ALTE,TB,2,LG,TB_Early_B2_LG_22.jpg,1,1.414,1.414,13.279,255,
ALTE,TB,2,MG,TB_Early_B2_MG_22.jpg,5,1.53,0.306,12.411,255,
ALTE,TB,3,HG,TB_Early_B3_HG_22.jpg,1,0.902,0.902,7.554,255,
ALTE,TB,3,LG,TB_Early_B3_LG_22.jpg,1,1.349,1.349,14.106,255,
ALTE,TB,3,MG,TB_Early_B3_MG_22_1.jpg,2,1.058,0.529,9.242,255,
ANPA,TB,1,HG,TB_Early_B1_LG_22_2.jpg,1,0.162,0.162,5.836,255,
ANPA,TB,1,LG,TB_Early_B1_LG_22_3.jpg,1,0.611,0.611,15.442,255,
ANPA,TB,1,MG,TB_Early_B1_MG_22.jpg,1,0.38,0.38,12.243,255,
ANPA,TB,2,HG,TB_Early_B2_HG_22.jpg,1,0.321,0.321,15.576,255,
ANPA,TB,2,LG,TB_Early_B2_LG_22.jpg,1,0.639,0.639,21.253,255,
ANPA,TB,2,MG,TB_Early_B2_MG_22.jpg,1,0.551,0.551,19.705,255,
ANPA,TB,3,HG,TB_Early_B3_HG_22.jpg,1,0.643,0.643,22.795,255,
ANPA,TB,3,LG,TB_Early_B3_LG_22.jpg,4,0.479,0.12,17.523,255,
ANPA,TB,3,MG,TB_Early_B3_MG_22_1.jpg,1,0.631,0.631,25.612,255,
ARCA,FK,2,LG,FK_Late_Season_2022_Block1-2.jpg,1,1.148,1.148,14.717,255,
ARCA,FK,2,MG,FK_Late_Season_2022_Block1-2.jpg,2,0.854,0.427,14.133,255,
ARCA,FK,1,LG,FK_Late_Season_2022_Block1.jpg,2,1.387,0.693,22.529,255,
ARCA,FK,1,MG,FK_Late_Season_2022_Block1.jpg,1,1.088,1.088,19.308,255,
ARCA,FK,1,HG,FK_Late_Season_2022_Block1.jpg,1,1.226,1.226,15.968,255,
ARCA,FK,2,HG,FK_Late_Season_2022_Block2-3.jpg,1,1.24,1.24,19.354,255,
ARCA,FK,3,LG,FK_Late_Season_2022_Block2-3.jpg,1,0.622,0.622,9.104,255,
ARCA,FK,3,MG,FK_Late_Season_2022_Block2-3.jpg,1,1.009,1.009,16.687,255,
ARCA,FK,3,HG,FK_Late_Season_2022_Block3.jpg,1,0.606,0.606,7.552,255,
ARDR,FK,1,HG,FK_Late_Season_2022_Block1-2.jpg,1,0.167,0.167,14.211,255,
ARDR,FK,2,LG,FK_Late_Season_2022_Block1-2.jpg,1,0.26,0.26,11.641,255,
ARDR,FK,2,MG,FK_Late_Season_2022_Block1-2.jpg,1,0.268,0.268,6.459,255,
ARDR,FK,1,LG,FK_Late_Season_2022_Block1.jpg,1,0.236,0.236,6.447,255,
ARDR,FK,1,MG,FK_Late_Season_2022_Block1.jpg,1,0.199,0.199,6.096,255,
ARDR,FK,2,HG,FK_Late_Season_2022_Block2-3.jpg,1,0.394,0.394,8.869,255,
ARDR,FK,3,LG,FK_Late_Season_2022_Block2-3.jpg,1,0.431,0.431,7.055,255,
ARDR,FK,3,MG,FK_Late_Season_2022_Block2-3.jpg,1,0.257,0.257,7.051,255,
ARDR,FK,3,HG,FK_Late_Season_2022_Block3.jpg,1,0.179,0.179,4.503,255,
ARPU,FK,2,LG,FK_Late_Season_2022_Block1-2.jpg,1,0.604,0.604,6.75,255,
ARPU,FK,2,MG,FK_Late_Season_2022_Block1-2.jpg,1,1.639,1.639,9.912,255,
ARPU,FK,1,LG,FK_Late_Season_2022_Block1.jpg,1,0.519,0.519,4.882,255,
ARPU,FK,1,MG,FK_Late_Season_2022_Block1.jpg,2,0.091,0.045,2.778,255,
ARPU,FK,1,HG,FK_Late_Season_2022_Block1.jpg,4,0.392,0.098,3.939,255,
ARPU,FK,2,HG,FK_Late_Season_2022_Block2-3.jpg,1,0.288,0.288,5.177,255,
ARPU,FK,3,LG,FK_Late_Season_2022_Block2-3.jpg,2,1.214,0.607,8.867,255,
ARPU,FK,3,MG,FK_Late_Season_2022_Block2-3.jpg,1,0.118,0.118,4.167,255,
ARPU,FK,3,HG,FK_Late_Season_2022_Block3.jpg,1,0.182,0.182,3.889,255,
ASBI,TB,1,HG,TB_Early_B1_LG_22_2.jpg,3,13.418,4.473,48.009,255,
ASBI,TB,1,LG,TB_Early_B1_LG_22_3.jpg,1,11.708,11.708,40.205,255,
ASBI,TB,1,MG,TB_Early_B1_MG_22.jpg,2,15.196,7.598,41.673,255,
ASBI,TB,2,HG,TB_Early_B2_HG_22.jpg,1,11.407,11.407,49.277,255,
ASBI,TB,2,LG,TB_Early_B2_LG_22.jpg,1,18.064,18.064,46.532,255,
ASBI,TB,2,MG,TB_Early_B2_MG_22.jpg,5,7.186,1.437,32.783,255,
ASBI,TB,3,LG,TB_Early_B3_LG_22.jpg,4,11.605,2.901,33.968,255,
ASBI,TB,3,MG,TB_Early_B3_MG_22_1.jpg,4,12.157,3.039,45.544,255,
ASBI ,TB,3,HG,TB_Early_B3_HG_22.jpg,2,18.986,9.493,57.765,255,
ASGR,FK,1,LG,FK_Early_B1_LG_22.jpg,7,4.687,0.67,21.875,255,
ASGR,FK,1,MG,FK_Early_B1_MG_22_2.jpg,1,3.294,3.294,20.918,255,
ASGR,FK,2,HG,FK_Early_B2_HG_22.jpg,4,2.552,0.638,17.167,255,
ASGR,FK,2,MG,FK_Early_B2_MG_22.jpg,4,3.415,0.854,25.022,255,
ASGR,FK,3,HG,FK_Early_B3_HG_22.jpg,2,4.224,2.112,21.054,255,
ASGR,FK,3,LG,FK_Early_B3_LG_22.jpg,2,3.867,1.933,22.537,255,
ASGR,FK,3,MG,FK_Early_B3_MG_22.jpg,4,3.996,0.999,19.584,255,
ASGR,FK,1,HG,FK_Early_B1_HG_22.jpg,1,1.829,1.829,16.511,255,found
ASGR,FK,2,LG,FK_Early_B1_HG_22.jpg,1,3.781,3.781,17.378,255,found
ASPU,FK,1,LG,FK_Early_B1_LG_22.jpg,3,6.498,2.166,29.02,255,
ASPU,FK,1,MG,FK_Early_B1_MG_22.jpg,7,18.614,2.659,41.496,255,
ASPU,FK,2,HG,FK_Early_B2_HG_22.jpg,1,3.959,3.959,23.188,255,
ASPU,FK,2,MG,FK_Early_B2_MG_22.jpg,1,8.355,8.355,42.65,255,
ASPU,FK,3,HG,FK_Early_B3_HG_22.jpg,1,6.556,6.556,42.262,255,
ASPU,FK,3,LG,FK_Early_B3_LG_22.jpg,2,7.858,3.929,31.723,255,
ASPU,FK,3,MG,FK_Early_B3_MG_22.jpg,2,6.599,3.299,35.033,255,
ASPU,FK,1,HG,FK_Early_B1_HG_22.jpg,4,13.459,3.365,48.884,255,found
ASPU,FK,2,LG,FK_Early_B1_HG_22.jpg,1,2.786,2.786,23.106,255,found
BODA,FK,1,HG,FK_Late_Season_2022_Block1-2.jpg,3,0.682,0.227,7.992,255,
BODA,FK,2,LG,FK_Late_Season_2022_Block1-2.jpg,1,0.735,0.735,8.218,255,
BODA,FK,2,MG,FK_Late_Season_2022_Block1-2.jpg,1,0.588,0.588,8.62,255,
BODA,FK,1,LG,FK_Late_Season_2022_Block1.jpg,1,0.89,0.89,9.147,255,
BODA,FK,1,MG,FK_Late_Season_2022_Block1.jpg,3,0.84,0.28,6.901,255,
BODA,FK,2,HG,FK_Late_Season_2022_Block2-3.jpg,2,1.195,0.598,6.952,255,
BODA,FK,3,LG,FK_Late_Season_2022_Block2-3.jpg,1,0.916,0.916,11.048,255,
BODA,FK,3,MG,FK_Late_Season_2022_Block2-3.jpg,4,0.665,0.166,8.272,255,
BODA,FK,3,HG,FK_Late_Season_2022_Block3.jpg,1,1.145,1.145,6.561,255,labeled B3-HG BOGR BOTTOM RIGHT
BOGR,FK,1,HG,FK_Late_Season_2022_Block1-2.jpg,1,0.645,0.645,8.895,255,
BOGR,FK,2,LG,FK_Late_Season_2022_Block1-2.jpg,1,0.586,0.586,7.734,255,
BOGR,FK,2,MG,FK_Late_Season_2022_Block1-2.jpg,2,0.476,0.238,6.983,255,
BOGR,FK,1,LG,FK_Late_Season_2022_Block1.jpg,7,0.823,0.118,8.463,255,
BOGR,FK,1,MG,FK_Late_Season_2022_Block1.jpg,1,0.8,0.8,6.57,255,
BOGR,FK,2,HG,FK_Late_Season_2022_Block2-3.jpg,3,0.724,0.241,8.486,255,
BOGR,FK,3,LG,FK_Late_Season_2022_Block2-3.jpg,1,0.565,0.565,7.531,255,
BOGR,FK,3,MG,FK_Late_Season_2022_Block2-3.jpg,2,0.462,0.231,8.55,255,
BOGR,FK,3,HG,FK_Late_Season_2022_Block3.jpg,1,0.811,0.811,4.649,255,labeled B3-HG BOGR middle
BRAR,FK,1,LG,FK_Early_B1_LG_22.jpg,1,0.383,0.383,10.51,255,
BRAR,FK,1,MG,FK_Early_B1_MG_22.jpg,1,0.397,0.397,12.121,255,
BRAR,FK,2,HG,FK_Early_B2_HG_22.jpg,1,0.148,0.148,5.582,255,
BRAR,FK,2,MG,FK_Early_B2_MG_22.jpg,1,0.979,0.979,14.235,255,
BRAR,FK,3,HG,FK_Early_B3_HG_22.jpg,1,0.231,0.231,13.783,255,
BRAR,FK,3,LG,FK_Early_B3_LG_22.jpg,1,0.943,0.943,15.444,255,
BRAR,FK,3,MG,FK_Early_B3_MG_22.jpg,1,0.124,0.124,4.146,255,
BRAR,FK,1,HG,FK_Early_B1_HG_22.jpg,1,0.586,0.586,13.542,255,found
BRAR,FK,2,LG,FK_Early_B1_HG_22.jpg,1,0.91,0.91,13.655,255,found
BRAR,TB,1,LG,TB_Early_B1_LG_22_3.jpg,1,0.933,0.933,11.26,255,
BRAR,TB,1,MG,TB_Early_B1_LG_22_2.jpg,1,0.351,0.351,11.981,255,
BRAR,TB,1,HG,TB_Early_B1_MG_22.jpg,1,1.074,1.074,17.557,255,
BRAR,TB,2,HG,TB_Early_B2_HG_22.jpg,1,0.438,0.438,18.841,255,
BRAR,TB,2,LG,TB_Early_B2_LG_22.jpg,2,1.351,0.676,23.26,255,
BRAR,TB,2,MG,TB_Early_B2_MG_22.jpg,1,1.431,1.431,31.719,255,
BRAR,TB,3,HG,TB_Early_B3_HG_22.jpg,1,0.551,0.551,16.345,255,
BRAR,TB,3,LG,TB_Early_B3_LG_22.jpg,1,0.81,0.81,15.331,255,
BRAR,TB,3,MG,TB_Early_B3_MG_22_1.jpg,1,0.483,0.483,12.19,255,
BRTE,FK,1,LG,FK_Early_B1_LG_22.jpg,2,3.773,1.886,23.211,255,
BRTE,FK,1,MG,FK_Early_B1_MG_22.jpg,2,0.603,0.301,10.616,255,
BRTE,FK,2,HG,FK_Early_B2_HG_22.jpg,1,0.191,0.191,5.238,255,
BRTE,FK,2,MG,FK_Early_B2_MG_22.jpg,1,1.216,1.216,15.154,255,
BRTE,FK,3,HG,FK_Early_B3_HG_22.jpg,1,0.179,0.179,10.63,255,
BRTE,FK,3,LG,FK_Early_B3_LG_22.jpg,1,0.705,0.705,13.643,255,
BRTE,FK,3,MG,FK_Early_B3_MG_22.jpg,3,0.292,0.097,7.406,255,
BRTE,FK,1,HG,FK_Early_B1_HG_22.jpg,1,0.534,0.534,9.623,255,found
BRTE,FK,2,LG,,,,,,,NOT COLLECTED
BRTE,TB,1,HG,TB_Early_B1_LG_22_2.jpg,3,3.463,1.154,28.725,255,
BRTE,TB,1,LG,TB_Early_B1_LG_22_3.jpg,1,1.641,1.641,16.738,255,
BRTE,TB,1,MG,TB_Early_B1_MG_22.jpg,1,2.61,2.61,32.05,255,
BRTE,TB,2,HG,TB_Early_B2_HG_22.jpg,1,1.608,1.608,19.592,255,
BRTE,TB,2,LG,TB_Early_B2_LG_22.jpg,1,1.091,1.091,20.031,255,
BRTE,TB,3,HG,TB_Early_B3_HG_22.jpg,1,0.079,0.079,4.844,255,
BRTE,TB,3,MG,TB_Early_B3_MG_22_1.jpg,1,0.629,0.629,12.107,255,
BRTE,TB,2,MG,TB_Early_B2_MG_22.jpg,1,0.186,0.186,6.1,255,found b2-mg-22
BRTE,TB,3,LG,,,,,,,not collected
CADU,FK,1,LG,FK_Early_B1_LG_22.jpg,4,0.541,0.135,5.237,255,
CADU,FK,1,MG,FK_Early_B1_MG_22.jpg,1,1.581,1.581,8.955,255,
CADU,FK,2,MG,FK_Early_B2_MG_22.jpg,1,0.861,0.861,11.754,255,
CADU,FK,3,HG,FK_Early_B3_HG_22.jpg,1,0.766,0.766,12.292,255,
CADU,FK,3,LG,FK_Early_B3_LG_22.jpg,1,0.63,0.63,7.129,255,
CADU,FK,3,MG,FK_Early_B3_MG_22.jpg,1,0.295,0.295,9.324,255,
CADU,FK,1,HG,FK_Early_B1_HG_22.jpg,1,0.591,0.591,7.505,255,found
CADU,FK,2,LG,FK_Early_B1_HG_22.jpg,1,0.697,0.697,9.965,255,found
CADU,FK,2,HG,,,,,,,"MISSING, double checked"
CADU,TB,1,MG,TB_Early_B1_LG_22_2.jpg,1,0.309,0.309,5.606,255,
CADU,TB,1,LG,TB_Early_B1_LG_22_3.jpg,1,0.667,0.667,6.483,255,
CADU,TB,1,HG,TB_Early_B1_MG_22.jpg,2,0.376,0.188,4.619,255,
CADU,TB,2,HG,TB_Early_B2_HG_22.jpg,1,0.306,0.306,5.472,255,
CADU,TB,2,LG,TB_Early_B2_LG_22.jpg,1,0.283,0.283,5.192,255,
CADU,TB,2,MG,TB_Early_B2_MG_22.jpg,3,0.821,0.274,17.223,255,
CADU,TB,3,MG,TB_Early_B3_MG_22_1.jpg,1,0.59,0.59,4.926,255,
CADU,TB,3,LG,TB_Early_B3_LG_22.jpg,1,0.632,0.632,6.966,255,"found, b3-lg-22"
CADU,TB,3,HG,,,,,,,not collected
CAFI,FK,1,LG,FK_Early_B1_LG_22.jpg,1,0.957,0.957,4.3,255,
CAFI,FK,1,MG,FK_Early_B1_MG_22.jpg,1,0.95,0.95,4.659,255,
CAFI,FK,1,HG,FK_Early_B1_HG_22.jpg,1,0.408,0.408,4.649,255,found
CAFI,FK,2,HG,FK_Early_B2_HG_22.jpg,1,0.879,0.879,7.793,255,
CAFI,FK,2,LG,FK_Early_B2_LG_22.jpg,4,0.864,0.216,9.29,255,
CAFI,FK,2,MG,FK_Early_B2_MG_22.jpg,1,0.745,0.745,5.664,255,
CAFI,FK,3,HG,FK_Early_B3_HG_22.jpg,8,0.696,0.087,4.829,255,
CAFI,FK,3,LG,FK_Early_B3_LG_22.jpg,1,0.396,0.396,5.089,255,
CAFI,FK,3,MG,FK_Early_B3_MG_22.jpg,10,0.57,0.057,5.767,255,
CAFI,TB,1,LG,TB_Early_B1_LG_22_3.jpg,3,0.688,0.229,4.943,255,
CAFI,TB,1,MG,TB_Early_B1_MG_22_2.jpg,7,0.456,0.065,3.94,255,
CAFI,TB,1,HG,TB_Early_B1_MG_22.jpg,1,0.373,0.373,4.574,255,
CAFI,TB,2,HG,TB_Early_B2_HG_22.jpg,8,0.498,0.062,4.109,255,
CAFI,TB,2,MG,TB_Early_B2_MG_22.jpg,1,1.326,1.326,9.223,255,
CAFI,TB,3,HG,TB_Early_B3_HG_22.jpg,4,0.421,0.105,6.74,255,
CAFI,TB,3,LG,TB_Early_B3_LG_22.jpg,1,0.598,0.598,8.316,255,"found, b3-lg-22"
CAFI,TB,3,MG,,,,,,,not collected
CAFI ,TB,2,LG,TB_Early_B2_LG_22.jpg,5,0.572,0.114,4.905,255,
CIUN,TB,1,LG,TB_Early_B1_LG_22_3.jpg,8,9.68,1.21,22.668,255,
CIUN,TB,1,MG,,,,,,,not collected
CIUN,TB,2,LG,TB_Early_B2_LG_22.jpg,6,4.3,0.717,23.463,255,
CIUN ,TB,1,HG,TB_Early_B1_MG_22.jpg,3,6.23,2.077,37.145,255,tb-b1-mg-22
CIUN ,TB,3,HG,TB_Early_B3_HG_22-1.jpg,10,3.798,0.38,11.87,255,
CIUN ,TB,3,LG,TB_Early_B3_LG_22.jpg,1,9.252,9.252,39.839,255,"found, tb-b3-lg-22"
CIUN ,TB,3,MG,TB_Early_B3_MG_22_2.jpg,5,18.372,3.674,42.163,255,"found, tb-b3-22-mg-2"
CIUN ,TB,2,MG,,,,,,,not collected
CIUN ,TB,2,HG ,,,,,,,not collected
COCA,FK,1,LG,FK_Early_B1_LG_22.jpg,1,0.686,0.686,15.675,255,
COCA,FK,1,MG,FK_Early_B1_MG_22.jpg,1,0.944,0.944,16.623,255,
COCA,FK,1,HG,FK_Early_B1_HG_22.jpg,1,0.563,0.563,11.976,255,found 
COCA,FK,2,LG,FK_Early_B1_HG_22.jpg,1,0.559,0.559,13.892,255,found 
COCA,FK,2,HG,FK_Early_B2_HG_22.jpg,1,0.756,0.756,15.025,255,
COCA,FK,2,MG,FK_Early_B2_MG_22.jpg,1,0.477,0.477,11.146,255,
COCA,FK,3,HG,FK_Early_B3_HG_22.jpg,1,0.753,0.753,17.317,255,
COCA,FK,3,LG,FK_Early_B3_LG_22.jpg,1,0.723,0.723,12.941,255,
COCA,FK,3,MG,FK_Early_B3_MG_22.jpg,1,0.622,0.622,15.781,255,
ERPU,TB,1,HG,TB_Early_B1_HG_22.jpg,1,0.513,0.513,12.504,255,
ERPU,TB,1,LG,TB_Early_B1_LG_22_3.jpg,1,0.279,0.279,6.292,255,
ERPU,TB,1,MG,TB_Early_B1_MG_22.jpg,1,0.306,0.306,6.546,255,
ERPU,TB,2,HG,TB_Early_B2_HG_22.jpg,1,0.521,0.521,9.314,255,
ERPU,TB,2,LG,TB_Early_B2_LG_22.jpg,1,0.688,0.688,12.275,255,
ERPU,TB,2,MG,TB_Early_B2_MG_22.jpg,1,0.403,0.403,22.585,255,
ERPU,TB,3,HG,TB_Early_B3_HG_22.jpg,1,0.568,0.568,14.355,255,
ERPU,TB,3,LG,TB_Early_B3_LG_22.jpg,1,0.256,0.256,7.22,255,
ERPU,TB,3,MG,TB_Early_B3_MG_22_1.jpg,1,0.475,0.475,11.739,255,
HECO,FK,1,LG,FK_Early_B1_LG_22.jpg,1,1.759,1.759,8.376,255,
HECO,FK,1,MG,FK_Early_B1_MG_22_2.jpg,1,2.058,2.058,9.229,255,
HECO,FK,1,HG,FK_Early_B1_HG_22.jpg,1,0.712,0.712,7.84,255,found
HECO,FK,2,HG,FK_Early_B2_HG_22.jpg,1,1.42,1.42,14.157,255,
HECO,FK,2,LG,FK_Early_B2_LG_22.jpg,2,1.157,0.578,11.96,255,
HECO,FK,2,MG,FK_Early_B2_MG_22.jpg,1,1.723,1.723,13.553,255,
HECO,FK,3,HG,FK_Early_B3_HG_22.jpg,1,1.567,1.567,11.644,255,
HECO,FK,3,LG,FK_Early_B3_LG_22.jpg,1,1.609,1.609,10.329,255,
HECO,FK,3,MG,FK_Early_B3_MG_22.jpg,1,0.512,0.512,5.283,255,
HECO,TB,1,HG,TB_Early_B1_HG_22.jpg,2,0.604,0.302,6.854,255,
HECO,TB,1,LG,TB_Early_B1_LG_22_3.jpg,2,0.302,0.151,5.016,255,
HECO,TB,1,MG,TB_Early_B1_MG_22_2.jpg,2,1.1,0.55,7.815,255,
HECO,TB,2,HG,TB_Early_B2_HG_22.jpg,1,1.422,1.422,11.67,255,
HECO,TB,2,LG,TB_Early_B2_LG_22.jpg,1,0.732,0.732,6.974,255,
HECO,TB,2,MG,TB_Early_B2_MG_22.jpg,1,2.471,2.471,9.819,255,
HECO,TB,3,LG,TB_Early_B3_LG_22.jpg,1,1.243,1.243,10.439,255,
HECO,TB,3,HG,TB_Early_B3_HG_22.jpg,4,1.046,0.262,10.068,255,"found, tb-b3-hg-22 "
HECO,TB,3,MG,TB_Early_B3_MG_22_1.jpg,5,1.136,0.227,6.239,255,
KOMA,FK,1,LG,FK_Early_B1_LG_22.jpg,1,1.673,1.673,11.929,255,
KOMA,FK,1,MG,FK_Early_B1_MG_22_2.jpg,1,1.763,1.763,10.587,255,
KOMA,FK,1,HG,FK_Early_B1_MG_22_2.jpg,2,1.112,0.556,11.831,255,
KOMA,FK,2,HG,FK_Early_B2_HG_22.jpg,1,1.581,1.581,18.953,255,
KOMA,FK,2,MG,FK_Early_B2_MG_22.jpg,1,1.011,1.011,15.341,255,
KOMA,FK,2,LG,FK_Early_B1_HG_22.jpg,1,1.837,1.837,20.829,255,found
KOMA,FK,3,HG,FK_Early_B3_HG_22.jpg,1,0.842,0.842,11.362,255,
KOMA,FK,3,LG,FK_Early_B3_LG_22.jpg,1,2.104,2.104,16.675,255,
KOMA,FK,3,MG,FK_Early_B3_MG_22.jpg,2,0.824,0.412,9.911,255,
KOMA,TB,1,HG,TB_Early_B1_HG_22.jpg,1,1.049,1.049,9.302,255,
KOMA,TB,1,LG,TB_Early_B1_LG_22_3.jpg,1,0.584,0.584,9.9,255,
KOMA,TB,1,MG,TB_Early_B1_MG_22_2.jpg,4,1.005,0.251,12.262,255,
KOMA,TB,2,HG,TB_Early_B2_HG_22.jpg,2,1.08,0.54,11.895,255,
KOMA,TB,2,LG,TB_Early_B2_LG_22.jpg,2,0.697,0.348,12.427,255,
KOMA,TB,2,MG,TB_Early_B2_MG_22_2.jpg,2,1.64,0.82,17.066,255,
KOMA,TB,3,HG,TB_Early_B3_HG_22.jpg,3,1.008,0.336,10.81,255,
KOMA,TB,3,LG,TB_Early_B3_LG_22.jpg,1,0.44,0.44,15.335,255,
KOMA,TB,3,MG,TB_Early_B3_MG_22_1.jpg,1,0.605,0.605,17.954,255,
LIIN,FK,1,HG,FK_Early_B1_HG_22.jpg,1,0.618,0.618,17.485,255,found
LIIN,FK,1,LG,FK_Early_22.jpg,1,1.215,1.215,16.511,255,
LIIN,FK,1,MG,FK_Early_B1_MG_22_2.jpg,1,0.787,0.787,9.48,255,
LIIN,FK,2,HG,FK_Early_B2_HG_22.jpg,1,1.066,1.066,23.889,255,
LIIN,FK,2,LG,FK_Early_B2_LG_22.jpg,3,0.842,0.281,17.168,255,
LIIN,FK,2,MG,,,,,,,NOT COLLECTED
LIIN,FK,3,HG,FK_Early_B3_HG_22.jpg,2,2.39,1.195,20.24,255,
LIIN,FK,3,LG,FK_Early_B3_LG_22.jpg,1,1.69,1.69,19.117,255,
LIIN,FK,3,MG,FK_Early_B3_MG_22.jpg,1,3.299,3.299,32.227,255,
LIIN,TB,1,HG,TB_Early_B1_HG_22.jpg,1,0.678,0.678,12.089,255,
LIIN,TB,1,LG,TB_Early_B1_LG_22_3.jpg,1,0.633,0.633,10.735,255,
LIIN,TB,1,MG,TB_Early_B1_MG_22_2.jpg,1,0.62,0.62,12.577,255,
LIIN,TB,2,HG,TB_Early_B2_HG_22.jpg,1,0.346,0.346,8.186,255,
LIIN,TB,2,LG,TB_Early_B2_LG_22.jpg,2,0.619,0.31,18.111,255,
LIIN,TB,2,MG,TB_Early_B2_MG_22_2.jpg,2,0.137,0.068,5.882,255,
LIIN,TB,3,HG ,,,,,,,not collected
LIIN,TB,3,MG,,,,,,,not collected
LIIN,TB,3,LG,TB_Early_B3_LG_22.jpg,1,0.497,0.497,7.24,255,
LIPU,FK,1,LG,FK_Early_B1_LG_22.jpg,2,2.823,1.412,17.929,255,"FOUND, fk-1-lg-22"
LIPU,FK,1,MG,FK_Early_B1_MG_22_2.jpg,1,0.717,0.717,15.364,255,
LIPU,FK,2,HG,FK_Early_B2_HG_22.jpg,1,2.367,2.367,19.786,255,
LIPU,FK,2,LG,FK_Early_22.jpg,1,5.496,5.496,38.649,255,
LIPU,FK,2,MG,FK_Early_B2_MG_22.jpg,3,1.537,0.512,22.704,255,
LIPU,FK,3,HG,FK_Early_B3_HG_22.jpg,1,2.367,2.367,21.132,255,
LIPU,FK,3,LG,FK_Early_B3_LG_22.jpg,1,1.933,1.933,23.436,255,
LIPU,FK,3,MG,FK_Early_B3_MG_22.jpg,4,3.693,0.923,20.073,255,"found, fk-3,mg-22"
LYJU,FK,1,HG,FK_Early_B1_HG_22.jpg,3,0.699,0.233,12.481,255,found
LYJU,FK,1,LG,FK_Early_B1_LG_22.jpg,1,0.544,0.544,14.633,255,
LYJU,FK,1,MG,FK_Early_22.jpg,1,0.247,0.247,7.138,255,
LYJU,FK,2,HG,FK_Early_B2_MG_22.jpg,1,0.726,0.726,18.835,255,
LYJU,FK,2,LG,FK_Early_B1_HG_22.jpg,2,0.291,0.145,7.773,255,found
LYJU,FK,2,MG,FK_Early_B2_MG_22.jpg,1,0.544,0.544,15.395,255,
LYJU,FK,3,HG,FK_Early_B3_HG_22.jpg,1,0.478,0.478,8.661,255,
LYJU,FK,3,LG,FK_Early_B3_LG_22.jpg,1,0.421,0.421,12.284,255,
LYJU,FK,3,MG,FK_Early_B3_MG_22.jpg,1,0.585,0.585,15.152,255,
MUDI,TB,1,HG,TB_Early_B1_HG_22.jpg,1,0.831,0.831,26.989,255,
MUDI,TB,1,LG,TB_Early_B1_LG_22_3.jpg,2,0.686,0.343,30.338,255,
MUDI,TB,1,MG,TB_Early_B1_MG_22_2.jpg,1,0.506,0.506,18.611,255,
MUDI,TB,2,HG,TB_Early_B2_HG_22.jpg,1,1.687,1.687,24.995,255,
MUDI,TB,2,LG,TB_Early_B2_LG_22.jpg,1,0.62,0.62,19.783,255,
MUDI,TB,2,MG,TB_Early_B2_MG_22_2.jpg,1,0.833,0.833,24.744,255,
MUDI,TB,3,HG,TB_Early_B3_HG_22.jpg,2,1.68,0.84,26.261,255,
MUDI,TB,3,MG,TB_Early_B3_MG_22_1.jpg,5,3.99,0.798,18.693,255,
MUDI,,3,LG,,,,,,,not collected
NAVI,TB,1,HG,TB_Early_B1_HG_22.jpg,5,3.014,0.603,6.991,255,
NAVI,TB,1,LG,TB_Early_B1_LG_22_3.jpg,2,2.536,1.268,23.796,255,
NAVI,TB,1,MG,TB_Early_B1_MG_22_2.jpg,1,3,3,13.139,255,
NAVI,TB,2,HG,TB_Early_B2_HG_22_2.jpg,2,2.374,1.187,21.507,255,
NAVI,TB,2,LG,TB_Early_B2_LG_22_2.jpg,1,3.669,3.669,11.347,255,
NAVI,TB,3,HG,TB_Early_B3_HG_22.jpg,3,3.51,1.17,24.739,255,
NAVI,TB,3,LG,TB_Early_B3_LG_22.jpg,4,5.666,1.416,26.497,255,
NAVI,TB,3,MG,TB_Early_B3_MG_22_1.jpg,8,4.695,0.587,16.144,255,
NAVI ,TB,2,MG,TB_Early_B2_MG_22_2.jpg,1,3.557,3.557,17.515,255,
NOCU,TB,1,HG,TB_Early_B1_HG_22.jpg,3,9.739,3.246,40.517,255,
NOCU,TB,1,LG,TB_Early_B1_LG_22_2.jpg,2,5.598,2.799,30.957,255,
NOCU,TB,1,MG,TB_Early_B1_MG_22_2.jpg,3,9.054,3.018,38.919,255,
NOCU,TB,2,HG,TB_Early_B2_HG_22.jpg,2,4.776,2.388,29.19,255,
NOCU,TB,2,LG,TB_Early_B2_LG_22.jpg,1,6.327,6.327,33.348,255,
NOCU,TB,2,MG,TB_Early_B2_MG_22_2.jpg,4,7.87,1.968,34.586,255,
NOCU,TB,3,HG,TB_Early_B3_HG_22_2.jpg,1,11.75,11.75,45.427,163.515,
NOCU,TB,3,LG,,,,,,,not collected
NOCU,TB,3,MG,,,,,,,not collected
OESU,TB,1,LG,TB_Early_B1_LG_22_3.jpg,1,0.293,0.293,12.963,255,
OESU,TB,1,MG,TB_Early_B1_MG_22_2.jpg,1,0.308,0.308,9.027,255,
OESU,TB,2,HG,TB_Early_B2_HG_22.jpg,1,0.375,0.375,14.124,255,
OESU,TB,2,LG,TB_Early_B2_LG_22.jpg,1,0.188,0.188,8.044,255,
OESU,TB,2,MG,TB_Early_B2_MG_22_2.jpg,1,0.426,0.426,15.201,255,
OESU,TB,1,HG,TB_Early_B1_HG_22.jpg,1,0.341,0.341,7.869,255,
OESU,TB,3,LG,,,,,,,not collected
OESU,TB,3,MG,,,,,,,not collected
OESU,TB,3,HG,,,,,,,not collected
PASM,FK,1,HG,FK_Early_B1_MG_22_2.jpg,2,3.28,1.64,19.811,255,
PASM,FK,1,LG,FK_Early_B1_LG_22.jpg,2,2.437,1.219,15.098,255,
PASM,FK,1,MG,FK_Early_B1_MG_22_2.jpg,1,5.338,5.338,25.431,255,
PASM,FK,2,HG,FK_Early_B2_HG_22.jpg,2,3.391,1.695,16.187,255,
PASM,FK,2,LG,FK_Early_B2_LG_22.jpg,1,2.03,2.03,16.011,255,
PASM,FK,2,MG,FK_Early_B2_MG_22.jpg,3,3.526,1.175,15.529,255,
PASM,FK,3,HG,FK_Early_B3_HG_22.jpg,1,1.049,1.049,10.185,255,
PASM,FK,3,LG,FK_Early_B3_LG_22.jpg,2,3.474,1.737,25.3,255,
PASM,FK,3,MG,FK_Early_B3_MG_22.jpg,1,3.392,3.392,22.873,255,
PASM,TB,1,HG,TB_Early_B1_HG_22.jpg,1,1.261,1.261,10.031,255,
PASM,TB,1,LG,TB_Early_B1_LG_22_2.jpg,1,2.126,2.126,10.003,255,
PASM,TB,1,MG,TB_Early_B1_MG_22_2.jpg,1,2.135,2.135,14.746,255,
PASM,TB,2,HG,TB_Early_B2_HG_22_2.jpg,1,2.558,2.558,14.93,255,
PASM,TB,2,LG,TB_Early_B2_LG_22.jpg,1,2.922,2.922,23.586,255,
PASM,TB,3,LG,TB_Early_B3_LG_22.jpg,1,3.111,3.111,12.246,255,
PASM ,TB,2,MG,TB_Early_B2_MG_22_2.jpg,1,4.778,4.778,18.573,255,
PASM ,TB,3,HG,TB_Early_B3_HG_22_2.jpg,1,2.729,2.729,13.535,255,
PASM ,TB,3,MG,TB_Early_B3_MG_22_2.jpg,1,3.103,3.103,18.578,255,"found, b3-mg-22-2"
PEES,FK,1,HG,FK_Early_B1_HG_22.jpg,2,10.774,5.387,40.146,255,found
PEES,FK,1,LG,FK_Early_B1_LG_22.jpg,1,4.424,4.424,27.216,255,
PEES,FK,1,MG,FK_Early_B1_MG_22_2.jpg,1,10.754,10.754,36.281,255,
PEES,FK,2,HG,FK_Early_B2_HG_22.jpg,1,13.114,13.114,50.028,255,
PEES,FK,2,LG,FK_Early_B2_LG_22.jpg,2,15.975,7.988,40.402,255,
PEES,FK,2,MG,FK_Early_B2_MG_22.jpg,1,12.61,12.61,46.302,255,
PEES,FK,3,HG,FK_Early_B3_HG_22.jpg,4,10.707,2.677,36.67,255,
PEES,FK,3,LG,FK_Early_B3_LG_22.jpg,1,8.652,8.652,35.418,255,
PEES,FK,3,MG,FK_Early_B3_MG_22.jpg,2,14.86,7.43,43.257,255,NOT LABELED 
PLPA,TB,3,MG,TB_Early_B3_MG_22_1.jpg,3,0.14,0.047,2.502,255,FOUND B3MG
PLPA,TB,3,LG,TB_Early_B3_LG_22.jpg,1,3.155,3.155,17.733,255,FOUND B3LG
PLPA,TB,1,HG,TB_Early_B1_HG_22.jpg,2,0.829,0.415,7.067,255,"FOUND, B1HG"
PLPA,TB,3,HG,TB_Early_B3_HG_22_2.jpg,2,0.437,0.219,6.452,255,FOUND B3HG22-2
PLPA,TB,2,LG,TB_Early_B2_LG_22.jpg,1,0.354,0.354,11.157,255,FOUNF B2LG
PLPA,TB,2,HG,TB_Early_B2_HG_22_2.jpg,1,0.483,0.483,5.582,255,FOUND B2HG22-2
PLPA,TB,1,LG,TB_Early_B1_LG_22_3.jpg,1,0.494,0.494,7.5,255,FOUND B1LG22-3
PLPA,TB,1,MG,TB_Early_B1_MG_22_2.jpg,1,0.956,0.956,18.34,255,FOUND B1MG22-2
PLPA,TB,2,MG,TB_Early_B2_MG_22_2.jpg,1,0.731,0.731,15.357,255,
PSTE,TB,1,HG,TB_Early_B1_HG_22.jpg,1,1.41,1.41,23.854,255,
PSTE,TB,1,LG,TB_Early_B1_LG_22_2.jpg,2,1.043,0.521,14.937,255,
PSTE,TB,1,MG,TB_Early_B1_MG_22_2.jpg,1,1.305,1.305,21.491,255,
PSTE,TB,2,HG,TB_Early_B2_HG_22_2.jpg,2,1.831,0.916,25.858,255,
PSTE,TB,2,LG,TB_Early_B2_LG_22_2.jpg,1,1.473,1.473,37.658,255,
PSTE,TB,2,MG,TB_Early_B2_MG_22_2.jpg,1,1.722,1.722,15.72,255,
PSTE,TB,3,HG,,,,,,,not collected
PSTE,TB,3,LG,,,,,,,not collected
PSTE,TB,3,MG,,,,,,,not collected
SPCO,FK,1,HG ,FK_Early_B1_MG_22_2.jpg,2,5.169,2.584,29.133,255,
SPCO,FK,1,LG,FK_Early_B1_LG_22.jpg,2,3.537,1.769,24.921,255,
SPCO,FK,1,MG,FK_Early_B1_MG_22.jpg,1,5.07,5.07,24.444,255,
SPCO,FK,2,HG,FK_Early_B2_HG_22.jpg,1,3.734,3.734,32.629,255,
SPCO,FK,2,LG,FK_Early_B2_LG_22.jpg,2,2.941,1.47,22.392,255,
SPCO,FK,2,MG,FK_Early_B2_MG_22.jpg,5,5.191,1.038,38.278,255,
SPCO,FK,3,HG,FK_Early_B3_HG_22.jpg,6,3.237,0.539,22.893,255,
SPCO,FK,3,LG,FK_Early_B3_LG_22.jpg,5,3.586,0.717,30.983,255,
SPCO,FK,3,MG,FK_Early_B3_MG_22.jpg,6,2.604,0.434,17.013,255,
SPCO,TB,1,HG,TB_Early_B1_HG_22.jpg,1,1.267,1.267,24.807,255,
SPCO,TB,1,LG,TB_Early_B1_LG_22_2.jpg,1,0.738,0.738,11.671,255,
SPCO,TB,1,MG,TB_Early_B1_MG_22_2.jpg,1,1.353,1.353,18.148,255,
SPCO,TB,2,HG,TB_Early_B2_HG_22_2.jpg,2,2.527,1.263,19.794,255,
SPCO,TB,2,LG,TB_Early_B2_LG_22_2.jpg,1,1.654,1.654,24.292,255,
SPCO,TB,2,MG,TB_Early_B2_MG_22_2.jpg,1,0.766,0.766,17.913,255,
SPCO,TB,3,HG,TB_Early_B3_HG_22_2.jpg,5,2.216,0.443,19.573,255,
SPCO,TB,3,LG,TB_Early_B3_LG_22.jpg,1,1.764,1.764,17.497,255,
SPCO,TB,3,MG,TB_Early_B3_MG_22_1.jpg,1,1.544,1.544,13.945,255,
SPCR,FK,1,HG,FK_Late_Season_2022_Block1-2.jpg,1,2.188,2.188,12.046,255,
SPCR,FK,2,LG,FK_Late_Season_2022_Block1-2.jpg,1,3.152,3.152,22.089,255,
SPCR,FK,2,MG,FK_Late_Season_2022_Block1-2.jpg,1,8.532,8.532,26.104,255,
SPCR,FK,1,MG,FK_Late_Season_2022_Block1.jpg,2,5.48,2.74,23.039,255,
SPCR,FK,1,LG,FK_Late_Season_2022_Block1.jpg,9,8.276,0.92,12.755,255,
SPCR,FK,2,HG,FK_Late_Season_2022_Block2-3.jpg,1,4.146,4.146,20.384,255,
SPCR,FK,3,LG,FK_Late_Season_2022_Block2-3.jpg,1,4.469,4.469,28.855,255,
SPCR,FK,3,MG,FK_Late_Season_2022_Block3.jpg,1,4.164,4.164,17.476,255,
SPCR,FK,3,HG,FK_Late_Season_2022_Block3.jpg,5,6.692,1.338,21.9,255,
TAOF,FK,1,LG,FK_Early_B1_LG_22.jpg,16,6.757,0.422,31.182,220.471,
TAOF,FK,1,MG,FK_Early_B1_MG_22.jpg,2,5.414,2.707,21.261,255,
TAOF,FK,2,HG,FK_Early_B2_HG_22.jpg,6,6.571,1.095,34.901,197.892,
TAOF,FK,2,LG,FK_Early_B2_LG_22.jpg,1,2.248,2.248,20.348,255,
TAOF,FK,2,MG,FK_Early_B2_MG_22.jpg,1,4.666,4.666,28.534,255,
TAOF,FK,3,HG,FK_Early_B3_HG_22.jpg,6,3.957,0.659,24.129,255,
TAOF,FK,3,LG,FK_Early_B3_LG_22.jpg,2,2.806,1.403,37.166,255,
TAOF,FK,3,MG,FK_Early_B3_MG_22.jpg,2,2.316,1.158,23.886,255,
TAOF,FK,1,HG,FK_Early_B1_HG_22.jpg,1,2.345,2.345,21.261,255,found
TAOF,TB,1,HG,TB_Early_B1_HG_22.jpg,1,3.866,3.866,30.824,255,
TAOF,TB,1,LG,TB_Early_B1_LG_22_2.jpg,1,1.881,1.881,16.564,255,
TAOF,TB,1,MG,TB_Early_B1_MG_22_2.jpg,1,2.18,2.18,18.924,255,
TAOF,TB,2,HG,TB_Early_B2_HG_22_2.jpg,5,6.338,1.268,20.87,255,
TAOF,TB,2,LG,TB_Early_B2_LG_22_2.jpg,2,0.887,0.444,18.345,255,
TAOF,TB,2,MG,TB_Early_B2_MG_22_2.jpg,5,7.818,1.564,28.865,255,
TAOF,TB,3,HG,TB_Early_B3_HG_22_2.jpg,1,3.086,3.086,22.223,255,
TAOF,TB,3,MG,TB_Early_B3_MG_22_2.jpg,2,4.269,2.135,24.52,255,"found, tb-b3-mg-22-2"
TEAC,TB,1,HG,TB_Early_B1_HG_22.jpg,1,0.345,0.345,10.695,255,
TEAC,TB,1,LG,TB_Early_B1_LG_22_2.jpg,2,0.771,0.386,13.86,255,
TEAC,TB,1,MG,TB_Early_B1_MG_22_2.jpg,1,0.238,0.238,3.188,255,
TEAC,TB,2,HG,TB_Early_B2_HG_22_2.jpg,1,2.145,2.145,15.513,255,
TEAC,TB,2,LG,TB_Early_B2_LG_22_2.jpg,1,0.676,0.676,10.009,255,
TEAC,TB,2,MG,TB_Early_B2_MG_22_2.jpg,1,1.462,1.462,23.58,255,
TEAC,TB,3,HG,,,,,,,not collected
TEAC,TB,3,LG,,,,,,,not collected
TEAC,TB,3,MG,,,,,,,not collected
TAOF,TB,3,LG,TB_Early_B3_LG_22_2.jpg,9,4.694,0.522,26.596,204.455,
TRDU,FK,1,LG,FK_Early_B1_LG_22.jpg,1,5.588,5.588,25.329,255,
TRDU,FK,1,MG,FK_Early_B1_MG_22_2.jpg,1,8.618,8.618,24.794,255,
TRDU,FK,1,HG,FK_Early_B1_HG_22-1.jpg,4,2.298,0.575,7.737,255,found
TRDU,FK,2,HG,FK_Early_B2_HG_22.jpg,1,5.738,5.738,19.974,255,
TRDU,FK,2,LG,FK_Early_B2_LG_22.jpg,1,4.932,4.932,18.678,255,
TRDU,FK,2,MG,FK_Early_B2_MG_22.jpg,2,5.877,2.939,28.46,255,
TRDU,FK,3,HG,FK_Early_B3_HG_22.jpg,2,4.176,2.088,20.62,255,
TRDU,FK,3,LG,FK_Early_B3_LG_22.jpg,5,5.366,1.073,29.095,255,
TRDU,FK,3,MG,FK_Early_B3_MG_22.jpg,5,8.251,1.65,34.776,255,
TRDU,TB,1,HG,TB_Early_B1_HG_22.jpg,3,9.37,3.123,33.738,255,
TRDU,TB,1,LG,TB_Early_B1_LG_22_2.jpg,2,6.499,3.25,25.064,255,
TRDU,TB,1,MG,TB_Early_B1_MG_22.jpg,1,5.517,5.517,22,255,
TRDU,TB,2,HG,TB_Early_B2_HG_22_2.jpg,5,3.856,0.771,15.913,255,
TRDU,TB,2,LG,TB_Early_B2_LG_22_2.jpg,4,7.815,1.954,22.51,255,
TRDU,TB,2,MG,TB_Early_B2_MG_22_2.jpg,2,8.033,4.016,23.565,255,
TRDU,TB,3,HG,TB_Early_B3_HG_22_2.jpg,6,4.454,0.742,25.874,199.268,
TRDU,TB,3,LG,TB_Early_B3_LG_22_2.jpg,2,5.772,2.886,32.825,176.702,
TRDU,TB,3,MG,TB_Early_B3_MG_22_2.jpg,2,5.148,2.574,21.558,255,"found, tb-b3-22-2"
VIAM,TB,1,HG,TB_Early_B1_HG_22.jpg,2,2.806,1.403,13.599,255,
VIAM,TB,1,LG,TB_Early_B1_LG_22_2.jpg,1,3.325,3.325,19.777,255,
VIAM,TB,1,MG,TB_Early_B1_MG_22_2.jpg,2,3.521,1.76,21.198,255,
VIAM,TB,2,HG,TB_Early_B2_HG_22_2.jpg,3,1.464,0.488,13.053,255,
VIAM,TB,2,LG,TB_Early_B2_LG_22_2.jpg,1,2.123,2.123,13.67,255,
VIAM,TB,2,MG,TB_Early_B2_MG_22_2.jpg,1,3.235,3.235,27.652,255,
VIAM,TB,3,HG,TB_Early_B3_HG_22_2.jpg,2,3.263,1.632,21.369,255,
VIAM,TB,3,LG,TB_Early_B3_LG_22_2.jpg,8,3.239,0.405,29.8,208.993,
VIAM,TB,3,MG,TB_Early_B3_MG_22_2.jpg,2,2.881,1.44,20.168,255,"found, tb-b3-22-2"