Barcode_Scan,Year,Site,Block,Grazing_Paddock,Species,Biomass_Type,dry_weight_g,comments
2022-FK-1-HG-ALDE-B,2022,FK,1,HG,ALDE,B,0.0287,
2022-FK-1-LG-ALDE-B,2022,FK,1,LG,ALDE,B,0.0522,
2022-FK-1-MG-ALDE-B,2022,FK,1,MG,ALDE,B,0.058,
2022-FK-2-HG-ALDE-B,2022,FK,2,HG,ALDE,B,0.1476,
2022-FK-2-LG-ALDE-B,2022,FK,2,LG,ALDE,B,0.054,
2022-FK-2-MG-ALDE-B,2022,FK,2,MG,ALDE,B,0.1833,
2022-FK-3-HG-ALDE-B,2022,FK,3,HG,ALDE,B,0.0831,
2022-FK-3-LG-ALDE-B,2022,FK,3,LG,ALDE,B,0.0204,
2022-FK-3-MG-ALDE-B,2022,FK,3,MG,ALDE,B,0.0566,
2022-FK-1-HG-ANOC-B,2022,FK,1,HG,ANOC,B,0.0213,
2022-FK-1-LG-ANOC-B,2022,FK,1,LG,ANOC,B,0.0237,
2022-FK-1-MG-ANOC-B,2022,FK,1,MG,ANOC,B,0.0074,
2022-FK-2-HG-ANOC-B,2022,FK,2,HG,ANOC,B,0.0427,
2022-FK-2-LG-ANOC-B,2022,FK,2,LG,ANOC,B,0.0196,
2022-FK-2-MG-ANOC-B,2022,FK,2,MG,ANOC,B,0.0256,
2022-FK-3-HG-ANOC-B,2022,FK,3,HG,ANOC,B,0.013,
2022-FK-3-LG-ANOC-B,2022,FK,3,LG,ANOC,B,0.006,
2022-FK-3-MG-ANOC-B,2022,FK,3,MG,ANOC,B,0.0328,
2022-FK-1-HG-ARCA-B,2022,FK,1,HG,ARCA,B,0.1295,
2022-FK-1-LG-ARCA-B,2022,FK,1,LG,ARCA,B,0.738,
2022-FK-1-MG-ARCA-B,2022,FK,1,MG,ARCA,B,0.2518,
2022-FK-2-HG-ARCA-B,2022,FK,2,HG,ARCA,B,0.9436,
2022-FK-2-LG-ARCA-B,2022,FK,2,LG,ARCA,B,0.1136,
2022-FK-2-MG-ARCA-B,2022,FK,2,MG,ARCA,B,0.1875,
2022-FK-3-HG-ARCA-B,2022,FK,3,HG,ARCA,B,0.4289,
2022-FK-3-LG-ARCA-B,2022,FK,3,LG,ARCA,B,0.0905,
2022-FK-3-MG-ARCA-B,2022,FK,3,MG,ARCA,B,0.2798,
2022-FK-1-HG-ARDR-B,2022,FK,1,HG,ARDR,B,0.8274,
2022-FK-1-LG-ARDR-B,2022,FK,1,LG,ARDR,B,0.5248,
2022-FK-1-MG-ARDR-B,2022,FK,1,MG,ARDR,B,0.3541,
2022-FK-2-HG-ARDR-B,2022,FK,2,HG,ARDR,B,0.8126,
2022-FK-2-LG-ARDR-B,2022,FK,2,LG,ARDR,B,0.1782,
2022-FK-2-MG-ARDR-B,2022,FK,2,MG,ARDR,B,0.1009,
2022-FK-3-HG-ARDR-B,2022,FK,3,HG,ARDR,B,0.4265,
2022-FK-3-LG-ARDR-B,2022,FK,3,LG,ARDR,B,0.3582,
2022-FK-3-MG-ARDR-B,2022,FK,3,MG,ARDR,B,0.4893,
2022-FK-1-HG-ARFR-B,2022,FK,1,HG,ARFR,B,0.0156,
2022-FK-1-LG-ARFR-B,2022,FK,1,LG,ARFR,B,0.0582,
2022-FK-1-MG-ARFR-B,2022,FK,1,MG,ARFR,B,0.1001,
2022-FK-2-HG-ARFR-B,2022,FK,2,HG,ARFR,B,0.0621,
2022-FK-2-LG-ARFR-B,2022,FK,2,LG,ARFR,B,0.0365,
2022-FK-2-MG-ARFR-B,2022,FK,2,MG,ARFR,B,0.0291,
2022-FK-3-HG-ARFR-B,2022,FK,3,HG,ARFR,B,0.1193,
2022-FK-3-LG-ARFR-B,2022,FK,3,LG,ARFR,B,0.0505,
2022-FK-3-MG-ARFR-B,2022,FK,3,MG,ARFR,B,0.0544,
2022-FK-1-HG-ARPU-B,2022,FK,1,HG,ARPU,B,0.0294,
2022-FK-1-LG-ARPU-B,2022,FK,1,LG,ARPU,B,0.0138,
2022-FK-1-MG-ARPU-B,2022,FK,1,MG,ARPU,B,0.0195,
2022-FK-2-HG-ARPU-B,2022,FK,2,HG,ARPU,B,0.0327,
2022-FK-2-LG-ARPU-B,2022,FK,2,LG,ARPU,B,0.0415,
2022-FK-2-MG-ARPU-B,2022,FK,2,MG,ARPU,B,0.134,
2022-FK-3-HG-ARPU-B,2022,FK,3,HG,ARPU,B,0.0298,
2022-FK-3-LG-ARPU-B,2022,FK,3,LG,ARPU,B,0.0588,
2022-FK-3-MG-ARPU-B,2022,FK,3,MG,ARPU,B,0.0244,
2022-FK-1-HG-ASGR-B,2022,FK,1,HG,ASGR,B,0.0795,
2022-FK-1-LG-ASGR-B,2022,FK,1,LG,ASGR,B,0.2662,
2022-FK-1-MG-ASGR-B,2022,FK,1,MG,ASGR,B,0.2419,
2022-FK-2-HG-ASGR-B,2022,FK,2,HG,ASGR,B,0.3355,
2022-FK-2-LG-ASGR-B,2022,FK,2,LG,ASGR,B,0.1791,
2022-FK-2-MG-ASGR-B,2022,FK,2,MG,ASGR,B,0.1631,
2022-FK-3-HG-ASGR-B,2022,FK,3,HG,ASGR,B,0.1329,
2022-FK-3-LG-ASGR-B,2022,FK,3,LG,ASGR,B,0.165,
2022-FK-3-MG-ASGR-B,2022,FK,3,MG,ASGR,B,0.1664,
2022-FK-1-HG-ASPU-B,2022,FK,1,HG,ASPU,B,1.2991,
2022-FK-1-LG-ASPU-B,2022,FK,1,LG,ASPU,B,0.0616,
2022-FK-1-MG-ASPU-B,2022,FK,1,MG,ASPU,B,0.6332,
2022-FK-2-HG-ASPU-B,2022,FK,2,HG,ASPU,B,0.0621,
2022-FK-2-LG-ASPU-B,2022,FK,2,LG,ASPU,B,0.1096,
2022-FK-2-MG-ASPU-B,2022,FK,2,MG,ASPU,B,0.3528,
2022-FK-3-HG-ASPU-B,2022,FK,3,HG,ASPU,B,0.1867,
2022-FK-3-LG-ASPU-B,2022,FK,3,LG,ASPU,B,0.1458,
2022-FK-3-MG-ASPU-B,2022,FK,3,MG,ASPU,B,0.2547,
2022-FK-1-HG-BODA-B,2022,FK,1,HG,BODA,B,0.0093,
2022-FK-1-LG-BODA-B,2022,FK,1,LG,BODA,B,0.0164,
2022-FK-1-MG-BODA-B,2022,FK,1,MG,BODA,B,0.0068,
2022-FK-2-HG-BODA-B,2022,FK,2,HG,BODA,B,0.0211,
2022-FK-2-LG-BODA-B,2022,FK,2,LG,BODA,B,0.0129,
2022-FK-2-MG-BODA-B,2022,FK,2,MG,BODA,B,0.0113,
2022-FK-3-HG-BODA-B,2022,FK,3,HG,BODA,B,0.0212,
2022-FK-3-LG-BODA-B,2022,FK,3,LG,BODA,B,0.0196,
2022-FK-3-MG-BODA-B,2022,FK,3,MG,BODA,B,0.0149,
2022-FK-1-HG-BOGR-B,2022,FK,1,HG,BOGR,B,0.0078,
2022-FK-1-LG-BOGR-B,2022,FK,1,LG,BOGR,B,0.0258,
2022-FK-1-MG-BOGR-B,2022,FK,1,MG,BOGR,B,0.015,
2022-FK-2-HG-BOGR-B,2022,FK,2,HG,BOGR,B,0.0192,
2022-FK-2-LG-BOGR-B,2022,FK,2,LG,BOGR,B,0.0127,
2022-FK-2-MG-BOGR-B,2022,FK,2,MG,BOGR,B,0.0158,
2022-FK-3-HG-BOGR-B,2022,FK,3,HG,BOGR,B,0.041,
2022-FK-3-LG-BOGR-B,2022,FK,3,LG,BOGR,B,0.0135,
2022-FK-3-MG-BOGR-B,2022,FK,3,MG,BOGR,B,0.0108,
2022-FK-1-HG-BRAR-B,2022,FK,1,HG,BRAR,B,0.0188,
2022-FK-1-LG-BRAR-B,2022,FK,1,LG,BRAR,B,0.0116,
2022-FK-1-MG-BRAR-B,2022,FK,1,MG,BRAR,B,0.016,
2022-FK-2-HG-BRAR-B,2022,FK,2,HG,BRAR,B,0.008,
2022-FK-2-LG-BRAR-B,2022,FK,2,LG,BRAR,B,0.026,
2022-FK-2-MG-BRAR-B,2022,FK,2,MG,BRAR,B,0.0469,
2022-FK-3-HG-BRAR-B,2022,FK,3,HG,BRAR,B,0.0081,
2022-FK-3-LG-BRAR-B,2022,FK,3,LG,BRAR,B,0.0312,
2022-FK-3-MG-BRAR-B,2022,FK,3,MG,BRAR,B,0.0098,
2022-FK-1-HG-BRTE-B,2022,FK,1,HG,BRTE,B,0.0645,
2022-FK-1-LG-BRTE-B,2022,FK,1,LG,BRTE,B,0.4745,
2022-FK-1-MG-BRTE-B,2022,FK,1,MG,BRTE,B,0.0783,
2022-FK-2-HG-BRTE-B,2022,FK,2,HG,BRTE,B,0.0274,
,2022,FK,2,LG,BRTE,B,MISSING,
2022-FK-2-MG-BRTE-B,2022,FK,2,MG,BRTE,B,0.1037,
2022-FK-3-HG-BRTE-B,2022,FK,3,HG,BRTE,B,0.0263,
2022-FK-3-LG-BRTE-B,2022,FK,3,LG,BRTE,B,0.0946,
2022-FK-3-MG-BRTE-B,2022,FK,3,MG,BRTE,B,0.035,
2022-FK-1-HG-CADU-B,2022,FK,1,HG,CADU,B,0.0523,
2022-FK-1-LG-CADU-B,2022,FK,1,LG,CADU,B,0.0381,
2022-FK-1-MG-CADU-B,2022,FK,1,MG,CADU,B,0.0237,
2022-FK-2-HG-CADU-B,2022,FK,2,HG,CADU,B,0.0401,
2022-FK-2-LG-CADU-B,2022,FK,2,LG,CADU,B,0.0474,
2022-FK-2-MG-CADU-B,2022,FK,2,MG,CADU,B,0.0661,
2022-FK-3-HG-CADU-B,2022,FK,3,HG,CADU,B,0.0153,
2022-FK-3-LG-CADU-B,2022,FK,3,LG,CADU,B,0.0515,
2022-FK-3-MG-CADU-B,2022,FK,3,MG,CADU,B,0.0365,
2022-FK-1-HG-CAFI-B,2022,FK,1,HG,CAFI,B,0.012,
2022-FK-1-LG-CAFI-B,2022,FK,1,LG,CAFI,B,0.0224,
2022-FK-1-MG-CAFI-B,2022,FK,1,MG,CAFI,B,0.0202,
2022-FK-2-HG-CAFI-B,2022,FK,2,HG,CAFI,B,0.0281,
2022-FK-2-LG-CAFI-B,2022,FK,2,LG,CAFI,B,0.0196,
2022-FK-2-MG-CAFI-B,2022,FK,2,MG,CAFI,B,0.0176,
2022-FK-3-HG-CAFI-B,2022,FK,3,HG,CAFI,B,0.011,
2022-FK-3-LG-CAFI-B,2022,FK,3,LG,CAFI,B,0.0088,
2022-FK-3-MG-CAFI-B,2022,FK,3,MG,CAFI,B,0.0413,
2022-FK-1-HG-COCA-B,2022,FK,1,HG,COCA,B,0.3908,
2022-FK-1-LG-COCA-B,2022,FK,1,LG,COCA,B,0.4281,
2022-FK-1-MG-COCA-B,2022,FK,1,MG,COCA,B,0.5606,
2022-FK-2-HG-COCA-B,2022,FK,2,HG,COCA,B,0.3294,
2022-FK-2-LG-COCA-B,2022,FK,2,LG,COCA,B,0.182,
2022-FK-2-MG-COCA-B,2022,FK,2,MG,COCA,B,0.6176,
2022-FK-3-HG-COCA-B,2022,FK,3,HG,COCA,B,0.3182,
2022-FK-3-LG-COCA-B,2022,FK,3,LG,COCA,B,0.3392,
2022-FK-3-MG-COCA-B,2022,FK,3,MG,COCA,B,0.5317,
2022-FK-1-HG-HECO-B,2022,FK,1,HG,HECO,B,0.0094,
2022-FK-1-LG-HECO-B,2022,FK,1,LG,HECO,B,0.0672,
2022-FK-1-MG-HECO-B,2022,FK,1,MG,HECO,B,0.0514,
2022-FK-2-HG-HECO-B,2022,FK,2,HG,HECO,B,0.0173,
2022-FK-2-LG-HECO-B,2022,FK,2,LG,HECO,B,0.0409,
2022-FK-2-MG-HECO-B,2022,FK,2,MG,HECO,B,0.0162,
2022-FK-3-HG-HECO-B,2022,FK,3,HG,HECO,B,0.0151,
2022-FK-3-LG-HECO-B,2022,FK,3,LG,HECO,B,0.0295,
2022-FK-3-MG-HECO-B,2022,FK,3,MG,HECO,B,0.0303,
2022-FK-1-HG-HEDI-B,2022,FK,1,HG,HEDI,B,0.0066,
2022-FK-1-LG-HEDI-B,2022,FK,1,LG,HEDI,B,0.0064,
2022-FK-1-MG-HEDI-B,2022,FK,1,MG,HEDI,B,0.0021,
2022-FK-2-HG-HEDI-B,2022,FK,2,HG,HEDI,B,0.0036,
2022-FK-2-LG-HEDI-B,2022,FK,2,LG,HEDI,B,0.0059,
2022-FK-2-MG-HEDI-B,2022,FK,2,MG,HEDI,B,0.0058,
2022-FK-3-HG-HEDI-B,2022,FK,3,HG,HEDI,B,0.0032,
2022-FK-3-LG-HEDI-B,2022,FK,3,LG,HEDI,B,0.0035,
2022-FK-3-MG-HEDI-B,2022,FK,3,MG,HEDI,B,0.0029,
2022-FK-1-HG-KOMA-B,2022,FK,1,HG,KOMA,B,0.0159,
2022-FK-1-LG-KOMA-B,2022,FK,1,LG,KOMA,B,0.0062,
2022-FK-1-MG-KOMA-B,2022,FK,1,MG,KOMA,B,0.031,
2022-FK-2-HG-KOMA-B,2022,FK,2,HG,KOMA,B,0.0273,
2022-FK-2-LG-KOMA-B,2022,FK,2,LG,KOMA,B,0.0276,
2022-FK-2-MG-KOMA-B,2022,FK,2,MG,KOMA,B,0.0141,
2022-FK-3-HG-KOMA-B,2022,FK,3,HG,KOMA,B,0.0094,
2022-FK-3-LG-KOMA-B,2022,FK,3,LG,KOMA,B,0.0358,
2022-FK-3-MG-KOMA-B,2022,FK,3,MG,KOMA,B,0.0217,
2022-FK-1-HG-LEDE-B,2022,FK,1,HG,LEDE,B,0.0067,
2022-FK-1-LG-LEDE-B,2022,FK,1,LG,LEDE,B,0.0238,
2022-FK-1-MG-LEDE-B,2022,FK,1,MG,LEDE,B,0.0043,
2022-FK-2-HG-LEDE-B,2022,FK,2,HG,LEDE,B,0.0093,
2022-FK-2-LG-LEDE-B,2022,FK,2,LG,LEDE,B,0.0148,
2022-FK-2-MG-LEDE-B,2022,FK,2,MG,LEDE,B,0.1952,
2022-FK-3-HG-LEDE-B,2022,FK,3,HG,LEDE,B,0.1687,
2022-FK-3-LG-LEDE-B,2022,FK,3,LG,LEDE,B,0.0069,
2022-FK-3-MG-LEDE-B,2022,FK,3,MG,LEDE,B,0.0066,
2022-FK-1-HG-LIIN-B,2022,FK,1,HG,LIIN,B,0.0561,
2022-FK-1-LG-LIIN-B,2022,FK,1,LG,LIIN,B,0.2819,
2022-FK-1-MG-LIIN-B,2022,FK,1,MG,LIIN,B,0.0841,
2022-FK-2-HG-LIIN-B,2022,FK,2,HG,LIIN,B,0.1513,
2022-FK-2-LG-LIIN-B,2022,FK,2,LG,LIIN,B,0.1511,
2022-FK-2-MG-LIIN-B,2022,FK,2,MG,LIIN,B,0.1133,
2022-FK-3-HG-LIIN-B,2022,FK,3,HG,LIIN,B,0.035,
2022-FK-3-LG-LIIN-B,2022,FK,3,LG,LIIN,B,0.0474,
2022-FK-3-MG-LIIN-B,2022,FK,3,MG,LIIN,B,0.0623,
2022-FK-1-HG-LIPU-B,2022,FK,1,HG,LIPU,B,0.2091,
2022-FK-1-LG-LIPU-B,2022,FK,1,LG,LIPU,B,0.2143,
2022-FK-1-MG-LIPU-B,2022,FK,1,MG,LIPU,B,0.4262,
2022-FK-2-HG-LIPU-B,2022,FK,2,HG,LIPU,B,0.2893,
2022-FK-2-LG-LIPU-B,2022,FK,2,LG,LIPU,B,0.1881,
2022-FK-2-MG-LIPU-B,2022,FK,2,MG,LIPU,B,0.098,
2022-FK-3-HG-LIPU-B,2022,FK,3,HG,LIPU,B,0.067,
2022-FK-3-LG-LIPU-B,2022,FK,3,LG,LIPU,B,0.1596,
2022-FK-3-MG-LIPU-B,2022,FK,3,MG,LIPU,B,0.0341,
2022-FK-1-HG-LOAR-B,2022,FK,1,HG,LOAR,B,0.0043,
2022-FK-1-LG-LOAR-B,2022,FK,1,LG,LOAR,B,0.0075,
2022-FK-1-MG-LOAR-B,2022,FK,1,MG,LOAR,B,0.009,
2022-FK-2-HG-LOAR-B,2022,FK,2,HG,LOAR,B,0.0072,
2022-FK-2-LG-LOAR-B,2022,FK,2,LG,LOAR,B,0.0056,
2022-FK-2-MG-LOAR-B,2022,FK,2,MG,LOAR,B,0.0092,
2022-FK-3-HG-LOAR-B,2022,FK,3,HG,LOAR,B,0.0059,
2022-FK-3-LG-LOAR-B,2022,FK,3,LG,LOAR,B,0.0158,
2022-FK-3-MG-LOAR-B,2022,FK,3,MG,LOAR,B,0.0105,
2022-FK-1-HG-LYJU-B,2022,FK,1,HG,LYJU,B,0.1897,
2022-FK-1-LG-LYJU-B,2022,FK,1,LG,LYJU,B,0.139,
2022-FK-1-MG-LYJU-B,2022,FK,1,MG,LYJU,B,0.2006,
2022-FK-2-HG-LYJU-B,2022,FK,2,HG,LYJU,B,0.328,
2022-FK-2-LG-LYJU-B,2022,FK,2,LG,LYJU,B,0.0939,
2022-FK-2-MG-LYJU-B,2022,FK,2,MG,LYJU,B,0.175,
2022-FK-3-HG-LYJU-B,2022,FK,3,HG,LYJU,B,0.2251,
2022-FK-3-LG-LYJU-B,2022,FK,3,LG,LYJU,B,0.1353,
2022-FK-3-MG-LYJU-B,2022,FK,3,MG,LYJU,B,0.6015,
2022-FK-1-HG-PASM-B,2022,FK,1,HG,PASM,B,0.1235,
2022-FK-1-LG-PASM-B,2022,FK,1,LG,PASM,B,0.0726,
2022-FK-1-MG-PASM-B,2022,FK,1,MG,PASM,B,0.1901,
2022-FK-2-HG-PASM-B,2022,FK,2,HG,PASM,B,0.1748,
2022-FK-2-LG-PASM-B,2022,FK,2,LG,PASM,B,0.1089,
2022-FK-2-MG-PASM-B,2022,FK,2,MG,PASM,B,0.0946,
2022-FK-3-HG-PASM-B,2022,FK,3,HG,PASM,B,0.0527,
2022-FK-3-LG-PASM-B,2022,FK,3,LG,PASM,B,0.1193,
2022-FK-3-MG-PASM-B,2022,FK,3,MG,PASM,B,0.1099,
2022-FK-1-HG-PEES-B,2022,FK,1,HG,PEES,B,0.5919,
2022-FK-1-LG-PEES-B,2022,FK,1,LG,PEES,B,0.0845,
2022-FK-1-MG-PEES-B,2022,FK,1,MG,PEES,B,0.9468,
2022-FK-2-HG-PEES-B,2022,FK,2,HG,PEES,B,0.8365,
2022-FK-2-LG-PEES-B,2022,FK,2,LG,PEES,B,0.9333,
2022-FK-2-MG-PEES-B,2022,FK,2,MG,PEES,B,0.9183,
2022-FK-3-HG-PEES-B,2022,FK,3,HG,PEES,B,0.7578,
2022-FK-3-LG-PEES-B,2022,FK,3,LG,PEES,B,0.7136,
2022-FK-3-MG-PEES-B,2022,FK,3,MG,PEES,B,0.3253,
2022-FK-1-HG-PLPA-B,2022,FK,1,HG,PLPA,B,0.0075,
2022-FK-1-LG-PLPA-B,2022,FK,1,LG,PLPA,B,0.0093,
2022-FK-1-MG-PLPA-B,2022,FK,1,MG,PLPA,B,0.0074,
2022-FK-2-HG-PLPA-B,2022,FK,2,HG,PLPA,B,0.0037,
2022-FK-2-LG-PLPA-B,2022,FK,2,LG,PLPA,B,0.0091,
2022-FK-2-MG-PLPA-B,2022,FK,2,MG,PLPA,B,0.0062,
2022-FK-3-HG-PLPA-B,2022,FK,3,HG,PLPA,B,0.0049,
2022-FK-3-LG-PLPA-B,2022,FK,3,LG,PLPA,B,0.0036,
2022-FK-3-MG-PLPA-B,2022,FK,3,MG,PLPA,B,0.0061,
2022-FK-1-HG-POSE-B,2022,FK,1,HG,POSE,B,0.0082,
2022-FK-1-LG-POSE-B,2022,FK,1,LG,POSE,B,0.0059,
2022-FK-1-MG-POSE-B,2022,FK,1,MG,POSE,B,0.0151,
2022-FK-2-HG-POSE-B,2022,FK,2,HG,POSE,B,0.0063,
2022-FK-2-LG-POSE-B,2022,FK,2,LG,POSE,B,0.0101,
2022-FK-2-MG-POSE-B,2022,FK,2,MG,POSE,B,0.0041,
2022-FK-3-HG-POSE-B,2022,FK,3,HG,POSE,B,0.0083,
2022-FK-3-LG-POSE-B,2022,FK,3,LG,POSE,B,0.0036,
2022-FK-3-MG-POSE-B,2022,FK,3,MG,POSE,B,0.0021,
2022-FK-1-HG-SPCO-B,2022,FK,1,HG,SPCO,B,0.4036,
2022-FK-1-LG-SPCO-B,2022,FK,1,LG,SPCO,B,0.2092,
2022-FK-1-MG-SPCO-B,2022,FK,1,MG,SPCO,B,0.231,
2022-FK-2-HG-SPCO-B,2022,FK,2,HG,SPCO,B,0.1925,
2022-FK-2-LG-SPCO-B,2022,FK,2,LG,SPCO,B,0.1511,
2022-FK-2-MG-SPCO-B,2022,FK,2,MG,SPCO,B,0.1201,
2022-FK-3-HG-SPCO-B,2022,FK,3,HG,SPCO,B,0.2336,
2022-FK-3-LG-SPCO-B,2022,FK,3,LG,SPCO,B,0.179,
2022-FK-3-MG-SPCO-B,2022,FK,3,MG,SPCO,B,0.173,
2022-FK-1-HG-SPCR-B,2022,FK,1,HG,SPCR,B,0.019,
2022-FK-1-LG-SPCR-B,2022,FK,1,LG,SPCR,B,0.3164,
2022-FK-1-MG-SPCR-B,2022,FK,1,MG,SPCR,B,0.1323,
2022-FK-2-HG-SPCR-B,2022,FK,2,HG,SPCR,B,MISSING,
2022-FK-2-LG-SPCR-B,2022,FK,2,LG,SPCR,B,0.1087,
2022-FK-2-MG-SPCR-B,2022,FK,2,MG,SPCR,B,0.24,
2022-FK-3-HG-SPCR-B,2022,FK,3,HG,SPCR,B,0.1586,
2022-FK-3-LG-SPCR-B,2022,FK,3,LG,SPCR,B,0.1146,
2022-FK-3-MG-SPCR-B,2022,FK,3,MG,SPCR,B,0.2498,
2022-FK-1-HG-TAOF-B,2022,FK,1,HG,TAOF,B,0.0917,
2022-FK-1-LG-TAOF-B,2022,FK,1,LG,TAOF,B,0.031,
2022-FK-1-MG-TAOF-B,2022,FK,1,MG,TAOF,B,0.039,
2022-FK-2-HG-TAOF-B,2022,FK,2,HG,TAOF,B,0.0874,
2022-FK-2-LG-TAOF-B,2022,FK,2,LG,TAOF,B,0.0965,
2022-FK-2-MG-TAOF-B,2022,FK,2,MG,TAOF,B,0.1272,
2022-FK-3-HG-TAOF-B,2022,FK,3,HG,TAOF,B,0.076,
2022-FK-3-LG-TAOF-B,2022,FK,3,LG,TAOF,B,0.0469,
2022-FK-3-MG-TAOF-B,2022,FK,3,MG,TAOF,B,0.0695,
2022-FK-1-HG-TRDU-B,2022,FK,1,HG,TRDU,B,0.621,
2022-FK-1-LG-TRDU-B,2022,FK,1,LG,TRDU,B,0.671,
2022-FK-1-MG-TRDU-B,2022,FK,1,MG,TRDU,B,1.0294,
2022-FK-2-HG-TRDU-B,2022,FK,2,HG,TRDU,B,0.7619,
2022-FK-2-LG-TRDU-B,2022,FK,2,LG,TRDU,B,0.6737,
2022-FK-2-MG-TRDU-B,2022,FK,2,MG,TRDU,B,0.603,
2022-FK-3-HG-TRDU-B,2022,FK,3,HG,TRDU,B,0.3468,
2022-FK-3-LG-TRDU-B,2022,FK,3,LG,TRDU,B,0.8413,
2022-FK-3-MG-TRDU-B,2022,FK,3,MG,TRDU,B,1.0875,
2022-FK-1-HG-VUOC-B,2022,FK,1,HG,VUOC,B,0.0052,
2022-FK-1-LG-VUOC-B,2022,FK,1,LG,VUOC,B,0.008,
2022-FK-1-MG-VUOC-B,2022,FK,1,MG,VUOC,B,0.0027,
2022-FK-2-HG-VUOC-B,2022,FK,2,HG,VUOC,B,0.0063,
2022-FK-2-LG-VUOC-B,2022,FK,2,LG,VUOC,B,0.0102,
2022-FK-2-MG-VUOC-B,2022,FK,2,MG,VUOC,B,0.0058,
2022-FK-3-HG-VUOC-B,2022,FK,3,HG,VUOC,B,0.0062,
2022-FK-3-LG-VUOC-B,2022,FK,3,LG,VUOC,B,0.0068,
2022-FK-3-MG-VUOC-B,2022,FK,3,MG,VUOC,B,0.0056,
2022-FK-1-HG-ALDE-L,2022,FK,1,HG,ALDE,L,0.0001,
2022-FK-1-LG-ALDE-L,2022,FK,1,LG,ALDE,L,0.0005,
2022-FK-1-MG-ALDE-L,2022,FK,1,MG,ALDE,L,0.0012,
2022-FK-2-HG-ALDE-L,2022,FK,2,HG,ALDE,L,0.0011,
2022-FK-2-LG-ALDE-L,2022,FK,2,LG,ALDE,L,0.0004,
2022-FK-2-MG-ALDE-L,2022,FK,2,MG,ALDE,L,0.001,
2022-FK-3-HG-ALDE-L,2022,FK,3,HG,ALDE,L,0.0011,
2022-FK-3-LG-ALDE-L,2022,FK,3,LG,ALDE,L,0.0002,
2022-FK-3-MG-ALDE-L,2022,FK,3,MG,ALDE,L,0.0009,
2022-FK-1-HG-ANOC-L,2022,FK,1,HG,ANOC,L,0.0001,
2022-FK-1-LG-ANOC-L,2022,FK,1,LG,ANOC,L,<0.0001,
2022-FK-1-MG-ANOC-L,2022,FK,1,MG,ANOC,L,<0.0001,
2022-FK-2-HG-ANOC-L,2022,FK,2,HG,ANOC,L,<0.0001,
2022-FK-2-LG-ANOC-L,2022,FK,2,LG,ANOC,L,0.0002,
2022-FK-2-MG-ANOC-L,2022,FK,2,MG,ANOC,L,<0.0001,
2022-FK-3-HG-ANOC-L,2022,FK,3,HG,ANOC,L,<0.0001,
2022-FK-3-LG-ANOC-L,2022,FK,3,LG,ANOC,L,<0.0001,
2022-FK-3-MG-ANOC-L,2022,FK,3,MG,ANOC,L,<0.0001,
2022-FK-1-HG-ARCA-L,2022,FK,1,HG,ARCA,L,0.0003,
2022-FK-1-LG-ARCA-L,2022,FK,1,LG,ARCA,L,0.013,
2022-FK-1-MG-ARCA-L,2022,FK,1,MG,ARCA,L,0.0094,
2022-FK-2-HG-ARCA-L,2022,FK,2,HG,ARCA,L,0.0107,
2022-FK-2-LG-ARCA-L,2022,FK,2,LG,ARCA,L,0.009,
2022-FK-2-MG-ARCA-L,2022,FK,2,MG,ARCA,L,0.0085,
2022-FK-3-HG-ARCA-L,2022,FK,3,HG,ARCA,L,0.0055,
2022-FK-3-LG-ARCA-L,2022,FK,3,LG,ARCA,L,0.0061,
2022-FK-3-MG-ARCA-L,2022,FK,3,MG,ARCA,L,0.0076,
2022-FK-1-HG-ARDR-L,2022,FK,1,HG,ARDR,L,0.0008,
2022-FK-1-LG-ARDR-L,2022,FK,1,LG,ARDR,L,0.0014,
2022-FK-1-MG-ARDR-L,2022,FK,1,MG,ARDR,L,0.0005,
2022-FK-2-HG-ARDR-L,2022,FK,2,HG,ARDR,L,0.0031,
2022-FK-2-LG-ARDR-L,2022,FK,2,LG,ARDR,L,<0.0001,
2022-FK-2-MG-ARDR-L,2022,FK,2,MG,ARDR,L,0.0018,
2022-FK-3-HG-ARDR-L,2022,FK,3,HG,ARDR,L,0.0013,
2022-FK-3-LG-ARDR-L,2022,FK,3,LG,ARDR,L,0.0039,
2022-FK-3-MG-ARDR-L,2022,FK,3,MG,ARDR,L,0.0014,
2022-FK-1-HG-ARFR-L,2022,FK,1,HG,ARFR,L,<0.0001,
2022-FK-1-LG-ARFR-L,2022,FK,1,LG,ARFR,L,0.0003,
2022-FK-1-MG-ARFR-L,2022,FK,1,MG,ARFR,L,0.0005,
2022-FK-2-HG-ARFR-L,2022,FK,2,HG,ARFR,L,0.0001,
2022-FK-2-LG-ARFR-L,2022,FK,2,LG,ARFR,L,0.0002,
2022-FK-2-MG-ARFR-L,2022,FK,2,MG,ARFR,L,0.0001,
2022-FK-3-HG-ARFR-L,2022,FK,3,HG,ARFR,L,0.0014,
2022-FK-3-LG-ARFR-L,2022,FK,3,LG,ARFR,L,0.0007,
2022-FK-3-MG-ARFR-L,2022,FK,3,MG,ARFR,L,0.0001,
2022-FK-1-HG-ARPU-L,2022,FK,1,HG,ARPU,L,0.0027,
2022-FK-1-LG-ARPU-L,2022,FK,1,LG,ARPU,L,0.0046,
2022-FK-1-MG-ARPU-L,2022,FK,1,MG,ARPU,L,0.0012,
2022-FK-2-HG-ARPU-L,2022,FK,2,HG,ARPU,L,0.0018,
2022-FK-2-LG-ARPU-L,2022,FK,2,LG,ARPU,L,0.0023,
2022-FK-2-MG-ARPU-L,2022,FK,2,MG,ARPU,L,0.0123,
2022-FK-3-HG-ARPU-L,2022,FK,3,HG,ARPU,L,0.0014,
2022-FK-3-LG-ARPU-L,2022,FK,3,LG,ARPU,L,0.0087,
2022-FK-3-MG-ARPU-L,2022,FK,3,MG,ARPU,L,0.0004,
2022-FK-1-HG-ASGR-L,2022,FK,1,HG,ASGR,L,0.0152,
2022-FK-1-LG-ASGR-L,2022,FK,1,LG,ASGR,L,0.033,
2022-FK-1-MG-ASGR-L,2022,FK,1,MG,ASGR,L,0.0292,
2022-FK-2-HG-ASGR-L,2022,FK,2,HG,ASGR,L,0.017,
2022-FK-2-LG-ASGR-L,2022,FK,2,LG,ASGR,L,0.0325,
2022-FK-2-MG-ASGR-L,2022,FK,2,MG,ASGR,L,0.0286,
2022-FK-3-HG-ASGR-L,2022,FK,3,HG,ASGR,L,0.034,
2022-FK-3-LG-ASGR-L,2022,FK,3,LG,ASGR,L,0.0293,
2022-FK-3-MG-ASGR-L,2022,FK,3,MG,ASGR,L,0.0358,
2022-FK-1-HG-ASPU-L,2022,FK,1,HG,ASPU,L,0.0738,
2022-FK-1-LG-ASPU-L,2022,FK,1,LG,ASPU,L,0.0281,
2022-FK-1-MG-ASPU-L,2022,FK,1,MG,ASPU,L,0.1031,
2022-FK-2-HG-ASPU-L,2022,FK,2,HG,ASPU,L,0.0217,
2022-FK-2-LG-ASPU-L,2022,FK,2,LG,ASPU,L,0.0163,
2022-FK-2-MG-ASPU-L,2022,FK,2,MG,ASPU,L,0.0634,
2022-FK-3-HG-ASPU-L,2022,FK,3,HG,ASPU,L,0.0298,
2022-FK-3-LG-ASPU-L,2022,FK,3,LG,ASPU,L,0.0438,
2022-FK-3-MG-ASPU-L,2022,FK,3,MG,ASPU,L,0.0427,
2022-FK-1-HG-BODA-L,2022,FK,1,HG,BODA,L,0.0034,
2022-FK-1-LG-BODA-L,2022,FK,1,LG,BODA,L,0.0038,
2022-FK-1-MG-BODA-L,2022,FK,1,MG,BODA,L,0.0048,
2022-FK-2-HG-BODA-L,2022,FK,2,HG,BODA,L,0.0057,
2022-FK-2-LG-BODA-L,2022,FK,2,LG,BODA,L,0.0042,
2022-FK-2-MG-BODA-L,2022,FK,2,MG,BODA,L,0.0027,
2022-FK-3-HG-BODA-L,2022,FK,3,HG,BODA,L,0.0069,
2022-FK-3-LG-BODA-L,2022,FK,3,LG,BODA,L,0.0043,
2022-FK-3-MG-BODA-L,2022,FK,3,MG,BODA,L,0.0039,
2022-FK-1-HG-BOGR-L,2022,FK,1,HG,BOGR,L,0.0041,
2022-FK-1-LG-BOGR-L,2022,FK,1,LG,BOGR,L,0.0067,
2022-FK-1-MG-BOGR-L,2022,FK,1,MG,BOGR,L,0.0047,
2022-FK-2-HG-BOGR-L,2022,FK,2,HG,BOGR,L,0.0055,
2022-FK-2-LG-BOGR-L,2022,FK,2,LG,BOGR,L,0.0036,
2022-FK-2-MG-BOGR-L,2022,FK,2,MG,BOGR,L,0.0031,
2022-FK-3-HG-BOGR-L,2022,FK,3,HG,BOGR,L,0.0051,
2022-FK-3-LG-BOGR-L,2022,FK,3,LG,BOGR,L,0.0043,
2022-FK-3-MG-BOGR-L,2022,FK,3,MG,BOGR,L,0.004,
2022-FK-1-HG-BRAR-L,2022,FK,1,HG,BRAR,L,0.0017,
2022-FK-1-LG-BRAR-L,2022,FK,1,LG,BRAR,L,0.0016,
2022-FK-1-MG-BRAR-L,2022,FK,1,MG,BRAR,L,0.0016,
2022-FK-2-HG-BRAR-L,2022,FK,2,HG,BRAR,L,0.002,
2022-FK-2-LG-BRAR-L,2022,FK,2,LG,BRAR,L,0.0034,
2022-FK-2-MG-BRAR-L,2022,FK,2,MG,BRAR,L,0.005,
2022-FK-3-HG-BRAR-L,2022,FK,3,HG,BRAR,L,0.0011,
2022-FK-3-LG-BRAR-L,2022,FK,3,LG,BRAR,L,0.0038,
2022-FK-3-MG-BRAR-L,2022,FK,3,MG,BRAR,L,0.0003,
2022-FK-1-HG-BRTE-L,2022,FK,1,HG,BRTE,L,0.0019,
2022-FK-1-LG-BRTE-L,2022,FK,1,LG,BRTE,L,0.0187,
2022-FK-1-MG-BRTE-L,2022,FK,1,MG,BRTE,L,0.0018,
2022-FK-2-HG-BRTE-L,2022,FK,2,HG,BRTE,L,0.0008,
2022-FK-2-MG-BRTE-L,2022,FK,2,MG,BRTE,L,0.005,
2022-FK-2-MG-BRTE-L,2022,FK,2,MG,BRTE,L,0.005,
2022-FK-3-HG-BRTE-L,2022,FK,3,HG,BRTE,L,0.0008,
2022-FK-3-LG-BRTE-L,2022,FK,3,LG,BRTE,L,0.0026,
2022-FK-3-MG-BRTE-L,2022,FK,3,MG,BRTE,L,0.001,
2022-FK-1-HG-CADU-L,2022,FK,1,HG,CADU,L,0.0042,
2022-FK-1-LG-CADU-L,2022,FK,1,LG,CADU,L,0.0043,
2022-FK-1-MG-CADU-L,2022,FK,1,MG,CADU,L,0.0128,
2022-FK-2-HG-CADU-L,2022,FK,2,HG,CADU,L,0.0182,
2022-FK-2-LG-CADU-L,2022,FK,2,LG,CADU,L,0.0051,
2022-FK-2-MG-CADU-L,2022,FK,2,MG,CADU,L,0.0058,
2022-FK-3-HG-CADU-L,2022,FK,3,HG,CADU,L,0.0072,
2022-FK-3-LG-CADU-L,2022,FK,3,LG,CADU,L,0.0048,
2022-FK-3-MG-CADU-L,2022,FK,3,MG,CADU,L,0.001,
2022-FK-1-HG-CAFI-L,2022,FK,1,HG,CAFI,L,0.0032,
2022-FK-1-LG-CAFI-L,2022,FK,1,LG,CAFI,L,0.0092,
2022-FK-1-MG-CAFI-L,2022,FK,1,MG,CAFI,L,0.0082,
2022-FK-2-HG-CAFI-L,2022,FK,2,HG,CAFI,L,0.0088,
2022-FK-2-LG-CAFI-L,2022,FK,2,LG,CAFI,L,0.0077,
2022-FK-2-MG-CAFI-L,2022,FK,2,MG,CAFI,L,0.0078,
2022-FK-3-HG-CAFI-L,2022,FK,3,HG,CAFI,L,0.006,
2022-FK-3-LG-CAFI-L,2022,FK,3,LG,CAFI,L,0.0028,
2022-FK-3-MG-CAFI-L,2022,FK,3,MG,CAFI,L,0.0066,
2022-FK-1-HG-COCA-L,2022,FK,1,HG,COCA,L,0.0042,
2022-FK-1-LG-COCA-L,2022,FK,1,LG,COCA,L,0.0042,
2022-FK-1-MG-COCA-L,2022,FK,1,MG,COCA,L,0.0075,
2022-FK-2-HG-COCA-L,2022,FK,2,HG,COCA,L,0.0048,
2022-FK-2-LG-COCA-L,2022,FK,2,LG,COCA,L,0.0025,
2022-FK-2-MG-COCA-L,2022,FK,2,MG,COCA,L,0.0034,
2022-FK-3-HG-COCA-L,2022,FK,3,HG,COCA,L,REWEIGH,
2022-FK-3-LG-COCA-L,2022,FK,3,LG,COCA,L,0.0056,
2022-FK-3-MG-COCA-L,2022,FK,3,MG,COCA,L,0.0044,
2022-FK-1-HG-HECO-L,2022,FK,1,HG,HECO,L,0.0048,
2022-FK-1-LG-HECO-L,2022,FK,1,LG,HECO,L,0.0161,
2022-FK-1-MG-HECO-L,2022,FK,1,MG,HECO,L,0.0133,
2022-FK-2-HG-HECO-L,2022,FK,2,HG,HECO,L,0.0094,
2022-FK-2-LG-HECO-L,2022,FK,2,LG,HECO,L,0.01,
2022-FK-2-MG-HECO-L,2022,FK,2,MG,HECO,L,0.0119,
2022-FK-3-HG-HECO-L,2022,FK,3,HG,HECO,L,0.0217,
2022-FK-3-LG-HECO-L,2022,FK,3,LG,HECO,L,0.0181,
2022-FK-3-MG-HECO-L,2022,FK,3,MG,HECO,L,0.0059,
2022-FK-1-HG-HEDI-L,2022,FK,1,HG,HEDI,L,0.0002,
2022-FK-1-LG-HEDI-L,2022,FK,1,LG,HEDI,L,<0.0001,
2022-FK-1-MG-HEDI-L,2022,FK,1,MG,HEDI,L,<0.0001,
2022-FK-2-HG-HEDI-L,2022,FK,2,HG,HEDI,L,0.0006,
2022-FK-2-LG-HEDI-L,2022,FK,2,LG,HEDI,L,0.0001,
2022-FK-2-MG-HEDI-L,2022,FK,2,MG,HEDI,L,0.0003,
2022-FK-3-HG-HEDI-L,2022,FK,3,HG,HEDI,L,0.0006,
2022-FK-3-LG-HEDI-L,2022,FK,3,LG,HEDI,L,0.0001,
2022-FK-3-MG-HEDI-L,2022,FK,3,MG,HEDI,L,0.0001,
2022-FK-1-HG-KOMA-L,2022,FK,1,HG,KOMA,L,0.009,
2022-FK-1-LG-KOMA-L,2022,FK,1,LG,KOMA,L,0.0105,
2022-FK-1-MG-KOMA-L,2022,FK,1,MG,KOMA,L,0.0136,
2022-FK-2-HG-KOMA-L,2022,FK,2,HG,KOMA,L,0.0117,
2022-FK-2-LG-KOMA-L,2022,FK,2,LG,KOMA,L,0.013,
2022-FK-2-MG-KOMA-L,2022,FK,2,MG,KOMA,L,0.0082,
2022-FK-3-HG-KOMA-L,2022,FK,3,HG,KOMA,L,0.0047,
2022-FK-3-LG-KOMA-L,2022,FK,3,LG,KOMA,L,0.0201,
2022-FK-3-MG-KOMA-L,2022,FK,3,MG,KOMA,L,0.0072,
2022-FK-1-HG-LEDE-L,2022,FK,1,HG,LEDE,L,<0.0001,
2022-FK-1-LG-LEDE-L,2022,FK,1,LG,LEDE,L,0.0002,
2022-FK-1-MG-LEDE-L,2022,FK,1,MG,LEDE,L,<0.0001,
2022-FK-2-HG-LEDE-L,2022,FK,2,HG,LEDE,L,<0.0001,
2022-FK-2-LG-LEDE-L,2022,FK,2,LG,LEDE,L,0.0005,
2022-FK-2-MG-LEDE-L,2022,FK,2,MG,LEDE,L,0.0012,
2022-FK-3-HG-LEDE-L,2022,FK,3,HG,LEDE,L,0.0004,
2022-FK-3-LG-LEDE-L,2022,FK,3,LG,LEDE,L,<0.0001,
2022-FK-3-MG-LEDE-L,2022,FK,3,MG,LEDE,L,<0.0001,
2022-FK-1-HG-LIIN-L,2022,FK,1,HG,LIIN,L,0.0047,
2022-FK-1-LG-LIIN-L,2022,FK,1,LG,LIIN,L,0.0122,
2022-FK-1-MG-LIIN-L,2022,FK,1,MG,LIIN,L,0.0057,
2022-FK-2-HG-LIIN-L,2022,FK,2,HG,LIIN,L,0.0073,
2022-FK-2-LG-LIIN-L,2022,FK,2,LG,LIIN,L,0.0074,
2022-FK-2-MG-LIIN-L,2022,FK,2,MG,LIIN,L,0.0033,
2022-FK-3-HG-LIIN-L,2022,FK,3,HG,LIIN,L,0.0253,
2022-FK-3-LG-LIIN-L,2022,FK,3,LG,LIIN,L,0.0121,
2022-FK-3-MG-LIIN-L,2022,FK,3,MG,LIIN,L,0.0369,
2022-FK-1-HG-LIPU-L,2022,FK,1,HG,LIPU,L,0.0214,
2022-FK-1-LG-LIPU-L,2022,FK,1,LG,LIPU,L,0.0245,
2022-FK-1-MG-LIPU-L,2022,FK,1,MG,LIPU,L,0.0079,
2022-FK-2-HG-LIPU-L,2022,FK,2,HG,LIPU,L,0.0226,
2022-FK-2-LG-LIPU-L,2022,FK,2,LG,LIPU,L,0.0389,
2022-FK-2-MG-LIPU-L,2022,FK,2,MG,LIPU,L,0.0099,
2022-FK-3-HG-LIPU-L,2022,FK,3,HG,LIPU,L,0.0192,
2022-FK-3-LG-LIPU-L,2022,FK,3,LG,LIPU,L,0.0169,
2022-FK-3-MG-LIPU-L,2022,FK,3,MG,LIPU,L,0.0285,
2022-FK-1-HG-LOAR-L,2022,FK,1,HG,LOAR,L,Empty,
2022-FK-1-LG-LOAR-L,2022,FK,1,LG,LOAR,L,<0.0001,
2022-FK-1-MG-LOAR-L,2022,FK,1,MG,LOAR,L,<0.0001,
2022-FK-2-HG-LOAR-L,2022,FK,2,HG,LOAR,L,<0.0001,
2022-FK-2-LG-LOAR-L,2022,FK,2,LG,LOAR,L,<0.0001,
2022-FK-2-MG-LOAR-L,2022,FK,2,MG,LOAR,L,<0.0001,
2022-FK-3-HG-LOAR-L,2022,FK,3,HG,LOAR,L,<0.0001,
2022-FK-3-LG-LOAR-L,2022,FK,3,LG,LOAR,L,0.0005,
2022-FK-3-MG-LOAR-L,2022,FK,3,MG,LOAR,L,0.0003,
2022-FK-1-HG-LYJU-L,2022,FK,1,HG,LYJU,L,0.0044,
2022-FK-1-LG-LYJU-L,2022,FK,1,LG,LYJU,L,0.0037,
2022-FK-1-MG-LYJU-L,2022,FK,1,MG,LYJU,L,0.0022,
2022-FK-2-HG-LYJU-L,2022,FK,2,HG,LYJU,L,0.005,
2022-FK-2-LG-LYJU-L,2022,FK,2,LG,LYJU,L,0.0025,
2022-FK-2-MG-LYJU-L,2022,FK,2,MG,LYJU,L,0.0045,
2022-FK-3-HG-LYJU-L,2022,FK,3,HG,LYJU,L,0.0041,
2022-FK-3-LG-LYJU-L,2022,FK,3,LG,LYJU,L,0.0033,
2022-FK-3-MG-LYJU-L,2022,FK,3,MG,LYJU,L,0.006,
2022-FK-1-HG-PASM-L,2022,FK,1,HG,PASM,L,0.0314,
2022-FK-1-LG-PASM-L,2022,FK,1,LG,PASM,L,0.0189,
2022-FK-1-MG-PASM-L,2022,FK,1,MG,PASM,L,0.0479,
2022-FK-2-HG-PASM-L,2022,FK,2,HG,PASM,L,0.0337,
2022-FK-2-LG-PASM-L,2022,FK,2,LG,PASM,L,0.0209,
2022-FK-2-MG-PASM-L,2022,FK,2,MG,PASM,L,0.034,
2022-FK-3-HG-PASM-L,2022,FK,3,HG,PASM,L,0.0121,
2022-FK-3-LG-PASM-L,2022,FK,3,LG,PASM,L,0.0367,
2022-FK-3-MG-PASM-L,2022,FK,3,MG,PASM,L,0.0387,
2022-FK-1-HG-PEES-L,2022,FK,1,HG,PEES,L,0.988,
2022-FK-1-LG-PEES-L,2022,FK,1,LG,PEES,L,0.0355,
2022-FK-1-MG-PEES-L,2022,FK,1,MG,PEES,L,0.0957,
2022-FK-2-HG-PEES-L,2022,FK,2,HG,PEES,L,0.139,
2022-FK-2-LG-PEES-L,2022,FK,2,LG,PEES,L,0.1686,
2022-FK-2-MG-PEES-L,2022,FK,2,MG,PEES,L,0.1129,
2022-FK-3-HG-PEES-L,2022,FK,3,HG,PEES,L,0.1127,
2022-FK-3-LG-PEES-L,2022,FK,3,LG,PEES,L,0.0878,
2022-FK-3-MG-PEES-L,2022,FK,3,MG,PEES,L,0.1434,
2022-FK-1-HG-PLPA-L,2022,FK,1,HG,PLPA,L,0.0018,
2022-FK-1-LG-PLPA-L,2022,FK,1,LG,PLPA,L,0.0031,
2022-FK-1-MG-PLPA-L,2022,FK,1,MG,PLPA,L,0.0007,
2022-FK-2-HG-PLPA-L,2022,FK,2,HG,PLPA,L,0.0019,
2022-FK-2-LG-PLPA-L,2022,FK,2,LG,PLPA,L,0.0016,
2022-FK-2-MG-PLPA-L,2022,FK,2,MG,PLPA,L,0.0006,
2022-FK-3-HG-PLPA-L,2022,FK,3,HG,PLPA,L,0.0015,
2022-FK-3-LG-PLPA-L,2022,FK,3,LG,PLPA,L,0.0006,
2022-FK-3-MG-PLPA-L,2022,FK,3,MG,PLPA,L,0.002,
2022-FK-1-HG-POSE-L,2022,FK,1,HG,POSE,L,0.0027,
2022-FK-1-LG-POSE-L,2022,FK,1,LG,POSE,L,0.0013,
2022-FK-1-MG-POSE-L,2022,FK,1,MG,POSE,L,0.0076,
2022-FK-2-HG-POSE-L,2022,FK,2,HG,POSE,L,0.0032,
2022-FK-2-LG-POSE-L,2022,FK,2,LG,POSE,L,0.0021,
2022-FK-2-MG-POSE-L,2022,FK,2,MG,POSE,L,0.0034,
2022-FK-3-HG-POSE-L,2022,FK,3,HG,POSE,L,0.0087,
2022-FK-3-LG-POSE-L,2022,FK,3,LG,POSE,L,0.0093,
2022-FK-3-MG-POSE-L,2022,FK,3,MG,POSE,L,0.0017,
2022-FK-1-HG-SPCO-L,2022,FK,1,HG,SPCO,L,0.0477,
2022-FK-1-LG-SPCO-L,2022,FK,1,LG,SPCO,L,0.0319,
2022-FK-1-MG-SPCO-L,2022,FK,1,MG,SPCO,L,0.0371,
2022-FK-2-HG-SPCO-L,2022,FK,2,HG,SPCO,L,0.0258,
2022-FK-2-LG-SPCO-L,2022,FK,2,LG,SPCO,L,0.0226,
2022-FK-2-MG-SPCO-L,2022,FK,2,MG,SPCO,L,0.0534,
2022-FK-3-HG-SPCO-L,2022,FK,3,HG,SPCO,L,0.0268,
2022-FK-3-LG-SPCO-L,2022,FK,3,LG,SPCO,L,0.0303,
2022-FK-3-MG-SPCO-L,2022,FK,3,MG,SPCO,L,0.0215,
2022-FK-1-HG-SPCR-L,2022,FK,1,HG,SPCR,L,0.44,
2022-FK-1-LG-SPCR-L,2022,FK,1,LG,SPCR,L,0.0674,
2022-FK-1-MG-SPCR-L,2022,FK,1,MG,SPCR,L,0.0306,
2022-FK-2-HG-SPCR-L,2022,FK,2,HG,SPCR,L,0.0318,
2022-FK-2-LG-SPCR-L,2022,FK,2,LG,SPCR,L,0.0189,
2022-FK-2-MG-SPCR-L,2022,FK,2,MG,SPCR,L,0.0686,
2022-FK-3-HG-SPCR-L,2022,FK,3,HG,SPCR,L,0.0482,
2022-FK-3-LG-SPCR-L,2022,FK,3,LG,SPCR,L,0.0301,
2022-FK-3-MG-SPCR-L,2022,FK,3,MG,SPCR,L,0.03,
2022-FK-1-HG-TAOF-L,2022,FK,1,HG,TAOF,L,0.0093,
2022-FK-1-LG-TAOF-L,2022,FK,1,LG,TAOF,L,0.014,
2022-FK-1-MG-TAOF-L,2022,FK,1,MG,TAOF,L,0.0162,
2022-FK-2-HG-TAOF-L,2022,FK,2,HG,TAOF,L,0.0128,
2022-FK-2-LG-TAOF-L,2022,FK,2,LG,TAOF,L,0.0102,
2022-FK-2-MG-TAOF-L,2022,FK,2,MG,TAOF,L,0.00203,
2022-FK-3-HG-TAOF-L,2022,FK,3,HG,TAOF,L,0.0153,
2022-FK-3-LG-TAOF-L,2022,FK,3,LG,TAOF,L,0.0101,
2022-FK-3-MG-TAOF-L,2022,FK,3,MG,TAOF,L,0.107,
2022-FK-1-HG-TRDU-L,2022,FK,1,HG,TRDU,L,0.0234,
2022-FK-1-LG-TRDU-L,2022,FK,1,LG,TRDU,L,0.0278,
2022-FK-1-MG-TRDU-L,2022,FK,1,MG,TRDU,L,0.0442,
2022-FK-2-HG-TRDU-L,2022,FK,2,HG,TRDU,L,0.0317,
2022-FK-2-LG-TRDU-L,2022,FK,2,LG,TRDU,L,0.0294,
2022-FK-2-MG-TRDU-L,2022,FK,2,MG,TRDU,L,0.0326,
2022-FK-3-HG-TRDU-L,2022,FK,3,HG,TRDU,L,0.0227,
2022-FK-3-LG-TRDU-L,2022,FK,3,LG,TRDU,L,0.0327,
2022-FK-3-MG-TRDU-L,2022,FK,3,MG,TRDU,L,0.0476,
2022-FK-1-HG-VUOC-L,2022,FK,1,HG,VUOC,L,0.0001,
2022-FK-1-LG-VUOC-L,2022,FK,1,LG,VUOC,L,0.0001,
2022-FK-1-MG-VUOC-L,2022,FK,1,MG,VUOC,L,<0.0001,
2022-FK-2-HG-VUOC-L,2022,FK,2,HG,VUOC,L,<0.0001,
2022-FK-2-LG-VUOC-L,2022,FK,2,LG,VUOC,L,0.0005,
2022-FK-2-MG-VUOC-L,2022,FK,2,MG,VUOC,L,<0.0001,
2022-FK-3-HG-VUOC-L,2022,FK,3,HG,VUOC,L,<0.0001,
2022-FK-3-LG-VUOC-L,2022,FK,3,LG,VUOC,L,<0.0001,
2022-FK-3-MG-VUOC-L,2022,FK,3,MG,VUOC,L,<0.0001,
2022-TB-1-HG-ALDE-B,2022,TB,1,HG,ALDE,B,0.026,
2022-TB-1-LG-ALDE-B,2022,TB,1,LG,ALDE,B,0.0433,
2022-TB-1-MG-ALDE-B,2022,TB,1,MG,ALDE,B,0.0142,
2022-TB-2-HG-ALDE-B,2022,TB,2,HG,ALDE,B,REWEIGH,
2022-TB-2-LG-ALDE-B,2022,TB,2,LG,ALDE,B,0.0233,
2022-TB-2-MG-ALDE-B,2022,TB,2,MG,ALDE,B,0.0087,
2022-TB-3-HG-ALDE-B,2022,TB,3,HG,ALDE,B,0.0164,
2022-TB-3-LG-ALDE-B,2022,TB,3,LG,ALDE,B,REWEIGH,
2022-TB-3-MG-ALDE-B,2022,TB,3,MG,ALDE,B,0.0195,
2022-TB-1-HG-ALTE-B,2022,TB,1,HG,ALTE,B,0.0551,
2022-TB-1-LG-ALTE-B,2022,TB,1,LG,ALTE,B,0.0342,
2022-TB-1-MG-ALTE-B,2022,TB,1,MG,ALTE,B,0.0639,
2022-TB-2-HG-ALTE-B,2022,TB,2,HG,ALTE,B,REWEIGH,
2022-TB-2-LG-ALTE-B,2022,TB,2,LG,ALTE,B,0.0563,
2022-TB-2-MG-ALTE-B,2022,TB,2,MG,ALTE,B,0.0247,
2022-TB-3-HG-ALTE-B,2022,TB,3,HG,ALTE,B,0.0348,
2022-TB-3-LG-ALTE-B,2022,TB,3,LG,ALTE,B,REWEIGH,
2022-TB-3-MG-ALTE-B,2022,TB,3,MG,ALTE,B,0.0189,
2022-TB-1-HG-ANPA-B,2022,TB,1,HG,ANPA,B,0.3741,
2022-TB-1-LG-ANPA-B,2022,TB,1,LG,ANPA,B,0.3375,
2022-TB-1-MG-ANPA-B,2022,TB,1,MG,ANPA,B,0.3022,
2022-TB-2-HG-ANPA-B,2022,TB,2,HG,ANPA,B,REWEIGH,
2022-TB-2-LG-ANPA-B,2022,TB,2,LG,ANPA,B,0.0832,
2022-TB-2-MG-ANPA-B,2022,TB,2,MG,ANPA,B,0.2277,
2022-TB-3-HG-ANPA-B,2022,TB,3,HG,ANPA,B,0.1123,
2022-TB-3-LG-ANPA-B,2022,TB,3,LG,ANPA,B,REWEIGH,
2022-TB-3-MG-ANPA-B,2022,TB,3,MG,ANPA,B,0.0327,
2022-TB-1-HG-ARFR-B,2022,TB,1,HG,ARFR,B,0.0626,
2022-TB-1-LG-ARFR-B,2022,TB,1,LG,ARFR,B,0.0148,
2022-TB-1-MG-ARFR-B,2022,TB,1,MG,ARFR,B,0.0494,
2022-TB-2-HG-ARFR-B,2022,TB,2,HG,ARFR,B,0.0434,
2022-TB-2-LG-ARFR-B,2022,TB,2,LG,ARFR,B,0.41,
2022-TB-2-MG-ARFR-B,2022,TB,2,MG,ARFR,B,0.0567,
2022-TB-1-HG-ARPU-B,2022,TB,1,HG,ARPU,B,0.0064,
2022-TB-1-LG-ARPU-B,2022,TB,1,LG,ARPU,B,0.0153,
2022-TB-1-MG-ARPU-B,2022,TB,1,MG,ARPU,B,0.0223,
2022-TB-2-HG-ARPU-B,2022,TB,2,HG,ARPU,B,0.0104,
2022-TB-2-LG-ARPU-B,2022,TB,2,LG,ARPU,B,0.0138,
2022-TB-2-MG-ARPU-B,2022,TB,2,MG,ARPU,B,0.0187,
2022-TB-1-HG-ARTR-B,2022,TB,1,HG,ARTR,B,0.081,
2022-TB-1-LG-ARTR-B,2022,TB,1,LG,ARTR,B,0.0429,
2022-TB-1-MG-ARTR-B,2022,TB,1,MG,ARTR,B,0.0572,
2022-TB-2-HG-ARTR-B,2022,TB,2,HG,ARTR,B,0.0345,
2022-TB-2-LG-ARTR-B,2022,TB,2,LG,ARTR,B,0.0121,
2022-TB-2-MG-ARTR-B,2022,TB,2,MG,ARTR,B,0.0295,
2022-TB-3-HG-ARTR-B,2022,TB,3,HG,ARTR,B,0.0511,
2022-TB-3-LG-ARTR-B,2022,TB,3,LG,ARTR,B,0.0231,
2022-TB-3-MG-ARTR-B,2022,TB,3,MG,ARTR,B,0.0309,
2022-TB-1-HG-ASBI-B,2022,TB,1,HG,ASBI,B,0.619,
2022-TB-1-LG-ASBI-B,2022,TB,1,LG,ASBI,B,0.6494,
2022-TB-1-MG-ASBI-B,2022,TB,1,MG,ASBI,B,0.6915,
2022-TB-2-HG-ASBI-B,2022,TB,2,HG,ASBI,B,REWEIGH,
2022-TB-2-LG-ASBI-B,2022,TB,2,LG,ASBI,B,0.669,
2022-TB-2-MG-ASBI-B,2022,TB,2,MG,ASBI,B,0.3255,
2022-TB-3-HG-ASBI-B,2022,TB,3,HG,ASBI,B,1.085,
2022-TB-3-LG-ASBI-B,2022,TB,3,LG,ASBI,B,REWEIGH,
2022-TB-3-MG-ASBI-B,2022,TB,3,MG,ASBI,B,1.1747,
2022-TB-1-HG-BOGR-B,2022,TB,1,HG,BOGR,B,0.0346,
2022-TB-1-LG-BOGR-B,2022,TB,1,LG,BOGR,B,0.0099,
2022-TB-1-MG-BOGR-B,2022,TB,1,MG,BOGR,B,0.0164,
2022-TB-2-HG-BOGR-B,2022,TB,2,HG,BOGR,B,0.005,
2022-TB-2-LG-BOGR-B,2022,TB,2,LG,BOGR,B,0.0055,
2022-TB-2-MG-BOGR-B,2022,TB,2,MG,BOGR,B,0.0171,
2022-TB-3-HG-BOGR-B,2022,TB,3,HG,BOGR,B,0.0128,
2022-TB-3-LG-BOGR-B,2022,TB,3,LG,BOGR,B,0.0112,
2022-TB-3-MG-BOGR-B,2022,TB,3,MG,BOGR,B,0.0207,
2022-TB-1-HG-BRAR-B,2022,TB,1,HG,BRAR,B,0.0309,
2022-TB-1-LG-BRAR-B,2022,TB,1,LG,BRAR,B,0.0358,
2022-TB-1-MG-BRAR-B,2022,TB,1,MG,BRAR,B,0.0075,
2022-TB-2-HG-BRAR-B,2022,TB,2,HG,BRAR,B,REWEIGH,
2022-TB-2-LG-BRAR-B,2022,TB,2,LG,BRAR,B,0.0301,
2022-TB-2-MG-BRAR-B,2022,TB,2,MG,BRAR,B,0.0224,
2022-TB-3-LG-BRAR-B,2022,TB,3,LG,BRAR,B,0.0178,
2022-TB-3-LG-BRAR-B,2022,TB,3,LG,BRAR,B,0.0184,
2022-TB-3-MG-BRAR-B,2022,TB,3,MG,BRAR,B,0.0104,
2022-TB-1-HG-BRTE-B,2022,TB,1,HG,BRTE,B,0.2173,
2022-TB-1-LG-BRTE-B,2022,TB,1,LG,BRTE,B,0.0593,
2022-TB-1-MG-BRTE-B,2022,TB,1,MG,BRTE,B,0.1028,
2022-TB-2-HG-BRTE-B,2022,TB,2,HG,BRTE,B,REWEIGH,
2022-TB-2-LG-BRTE-B,2022,TB,2,LG,BRTE,B,0.0255,
2022-TB-2-MG-BRTE-B,2022,TB,2,MG,BRTE,B,0.0311,
2022-TB-3-MG-BRTE-B,2022,TB,3,MG,BRTE,B,0.0656,
,,TB,3,HG,BRTE,B,MISSING,
,,TB,3,LG,BRTE,B,MISSING,
2022-TB-1-HG-CADU-B,2022,TB,1,HG,CADU,B,0.0042,
2022-TB-1-LG-CADU-B,2022,TB,1,LG,CADU,B,0.0103,
2022-TB-1-MG-CADU-B,2022,TB,1,MG,CADU,B,0.0062,
2022-TB-2-HG-CADU-B,2022,TB,2,HG,CADU,B,REWEIGH,
2022-TB-2-LG-CADU-B,2022,TB,2,LG,CADU,B,0.004,
2022-TB-2-MG-CADU-B,2022,TB,2,MG,CADU,B,0.0373,
2022-TB-3-LG-CADU-B,2022,TB,3,LG,CADU,B,REWEIGH,
2022-TB-3-MG-CADU-B,2022,TB,3,MG,CADU,B,0.0157,
,2022,TB,3,HG,CADU,B,REWEIGH,
2022-TB-1-HG-CAFI-B,2022,TB,1,HG,CAFI,B,0.007,
2022-TB-1-LG-CAFI-B,2022,TB,1,LG,CAFI,B,0.0096,
2022-TB-1-MG-CAFI-B,2022,TB,1,MG,CAFI,B,0.013,
2022-TB-2-HG-CAFI-B,2022,TB,2,HG,CAFI,B,REWEIGH,
2022-TB-2-LG-CAFI-B,2022,TB,2,LG,CAFI,B,0.007,
2022-TB-2-MG-CAFI-B,2022,TB,2,MG,CAFI,B,0.0114,
2022-TB-3-HG-CAFI-B,2022,TB,3,HG,CAFI,B,0.0156,
2022-TB-3-LG-CAFI-B,2022,TB,3,LG,CAFI,B,REWEIGH,
2022-TB-3-LG-CAFI-B,2022,TB,3,MG,CAFI,B,REWEIGH,
2022-TB-1-HG-CIUN-B,2022,TB,1,HG,CIUN,B,0.6188,
2022-TB-1-LG-CIUN-B,2022,TB,1,LG,CIUN,B,1.1679,
2022-TB-1-MG-CIUN-B,2022,TB,1,MG,CIUN,B,0.2833,
2022-TB-2-LG-CIUN-B,2022,TB,2,LG,CIUN,B,0.4148,
,2022,TB,2,HG,CUIN,B,REWEIGH,
,2022,TB,2,MG,CUIN,B,REWEIGH,
2022-TB-3-HG-CIUN-B,2022,TB,3,HG,CIUN,B,1.8812,
2022-TB-3-LG-CIUN-B,2022,TB,3,LG,CIUN,B,REWEIGH,
2022-TB-3-MG-CIUN-B,2022,TB,3,MG,CIUN,B,0.7707,
2022-TB-1-HG-COLI-B,2022,TB,1,HG,COLI,B,0.0251,
2022-TB-1-LG-COLI-B,2022,TB,1,LG,COLI,B,0.0189,
2022-TB-1-MG-COLI-B,2022,TB,1,MG,COLI,B,0.0122,
2022-TB-2-HG-COLI-B,2022,TB,2,HG,COLI,B,REWEIGH,
2022-TB-2-LG-COLI-B,2022,TB,2,LG,COLI,B,REWEIGH,
2022-TB-2-MG-COLI-B,2022,TB,2,MG,COLI,B,0.0246,
2022-TB-3-LG-COLI-B,2022,TB,3,LG,COLI,B,REWEIGH,
2022-TB-3-LG-COLI-B,2022,TB,3,MG,COLI,B,REWEIGH,
,2022,TB,3,HG,COLI,B,REWEIGH,
2022-TB-1-HG-DEPI-B,2022,TB,1,HG,DEPI,B,0.0666,
2022-TB-1-LG-DEPI-B,2022,TB,1,LG,DEPI,B,0.0139,
2022-TB-1-MG-DEPI-B,2022,TB,1,MG,DEPI,B,0.0074,
2022-TB-2-HG-DEPI-B,2022,TB,2,HG,DEPI,B,REWEIGH,
2022-TB-2-LG-DEPI-B,2022,TB,2,LG,DEPI,B,0.0024,
2022-TB-2-MG-DEPI-B, 2022,TB,2,MG,DEPI,B,0.1041,
2022-TB-3-HG-DEPI-B,2022,TB,3,HG,DEPI,B,0.0142,
2022-TB-3-LG-DEPI-B,2022,TB,3,LG,DEPI,B,REWEIGH,
2022-TB-3-MG-DEPI-B,2022,TB,3,MG,DEPI,B,0.0193,
2022-TB-1-HG-DRRE-B,2022,TB,1,HG,DRRE,B,0.0168,
2022-TB-1-LG-DRRE-B,2022,TB,1,LG,DRRE,B,0.0054,
2022-TB-1-MG-DRRE-B,2022,TB,1,MG,DRRE,B,0.0298,
2022-TB-2-HG-DRRE-B,2022,TB,2,HG,DRRE,B,REWEIGH,
2022-TB-2-LG-DRRE-B,2022,TB,2,LG,DRRE,B,0.1255,
2022-TB-2-MG-DRRE-B,2022,TB,2,MG,DRRE,B,0.0145,
2022-TB-3-HG-DRRE-B,2022,TB,3,HG,DRRE,B,0.0113,
2022-TB-3-LG-DRRE-B,2022,TB,3,LG,DRRE,B,REWEIGH,
2022-TB-3-MG-DRRE-B,2022,TB,3,MG,DRRE,B,0.0148,
2022-TB-1-HG-ERCA-B,2022,TB,1,HG,ERCA,B,0.102,
2022-TB-1-LG-ERCA-B,2022,TB,1,LG,ERCA,B,0.1448,
2022-TB-1-MG-ERCA-B,2022,TB,1,MG,ERCA,B,0.1464,
2022-TB-2-HG-ERCA-B,2022,TB,2,HG,ERCA,B,REWEIGH,
2022-TB-2-LG-ERCA-B,2022,TB,2,LG,ERCA,B,0.0623,
 2022-TB-2-MG-ERCA-B, 2022,TB,2,MG,ERCA,B,0.2405,
2022-TB-3-HG-ERCA-B,2022,TB,3,HG,ERCA,B,0.7665,
2022-TB-3-LG-ERCA-B,2022,TB,3,LG,ERCA,B,REWEIGH,
2022-TB-3-MG-ERCA-B,2022,TB,3,MG,ERCA,B,0.4765,
2022-TB-1-HG-ERHO-B,2022,TB,1,HG,ERHO,B,0.0095,
2022-TB-1-LG-ERHO-B,2022,TB,1,LG,ERHO,B,0.0057,
2022-TB-1-MG-ERHO-B,2022,TB,1,MG,ERHO,B,0.0117,
2022-TB-2-HG-ERHO-B,2022,TB,2,HG,ERHO,B,REWEIGH,
2022-TB-2-LG-ERHO-B,2022,TB,2,LG,ERHO,B,0.1044,
2022-TB-2-MG-ERHO-B,2022,TB,2,MG,ERHO,B,0.0031,
2022-TB-3-HG-ERHO-B,2022,TB,3,HG,ERHO,B,0.0193,
2022-TB-3-LG-ERHO-B,2022,TB,3,LG,ERHO,B,REWEIGH,
2022-TB-3-MG-ERHO-B,2022,TB,3,MG,ERHO,B,0.0186,
2022-TB-1-HG-ERPU-B,2022,TB,1,HG,ERPU,B,0.0583,
2022-TB-1-LG-ERPU-B,2022,TB,1,LG,ERPU,B,0.0766,
2022-TB-1-MG-ERPU-B,2022,TB,1,MG,ERPU,B,0.0359,
2022-TB-2-HG-ERPU-B,2022,TB,2,HG,ERPU,B,REWEIGH,
2022-TB-2-LG-ERPU-B,2022,TB,2,LG,ERPU,B,0.2792,
2022-TB-2-MG-ERPU-B,2022,TB,2,MG,ERPU,B,0.2358,
2022-TB-3-HG-ERPU-B,2022,TB,3,HG,ERPU,B,0.1151,
2022-TB-3-LG-ERPU-B,2022,TB,3,LG,ERPU,B,REWEIGH,
2022-TB-3-MG-ERPU-B,2022,TB,3,MG,ERPU,B,0.9682,
2022-TB-1-HG-GUSA-B,2022,TB,1,HG,GUSA,B,0.125,
2022-TB-1-LG-GUSA-B,2022,TB,1,LG,GUSA,B,0.051,
2022-TB-1-MG-GUSA-B,2022,TB,1,MG,GUSA,B,0.095,
2022-TB-2-HG-GUSA-B,2022,TB,2,HG,GUSA,B,0.0638,
2022-TB-2-LG-GUSA-B,2022,TB,2,LG,GUSA,B,0.1258,
2022-TB-2-MG-GUSA-B,2022,TB,2,MG,GUSA,B,0.0908,
2022-TB-3-HG-GUSA-B,2022,TB,3,HG,GUSA,B,0.1602,
2022-TB-3-LG-GUSA-B,2022,TB,3,LG,GUSA,B,0.0963,
2022-TB-3-MG-GUSA-B,2022,TB,3,MG,GUSA,B,0.0591,
2022-TB-1-HG-HECO-B,2022,TB,1,HG,HECO,B,0.0194,
2022-TB-1-LG-HECO-B,2022,TB,1,LG,HECO,B,0.0057,
2022-TB-1-MG-HECO-B,2022,TB,1,MG,HECO,B,0.0091,
2022-TB-2-HG-HECO-B,2022,TB,2,HG,HECO,B,REWEIGH,
2022-TB-2-LG-HECO-B,2022,TB,2,LG,HECO,B,0.0356,
2022-TB-2-MG-HECO-B,2022,TB,2,MG,HECO,B,0.0344,
2022-TB-3-HG-HECO-B,2022,TB,3,HG,HECO,B,0.0102,
2022-TB-3-LG-HECO-B,2022,TB,3,LG,HECO,B,REWEIGH,
2022-TB-3-MG-HECO-B,2022,TB,3,MG,HECO,B,0.0158,
2022-TB-1-HG-HEDI-B,2022,TB,1,HG,HEDI,B,0.0083,
2022-TB-1-LG-HEDI-B,2022,TB,1,LG,HEDI,B,0.064,
2022-TB-1-MG-HEDI-B,2022,TB,1,MG,HEDI,B,0.0396,
2022-TB-2-HG-HEDI-B,2022,TB,2,HG,HEDI,B,REWEIGH,
2022-TB-2-LG-HEDI-B,2022,TB,2,LG,HEDI,B,0.1025,
2022-TB-2-MG-HEDI-B,2022,TB,2,MG,HEDI,B,0.0129,
2022-TB-3-HG-HEDI-B,2022,TB,3,HG,HEDI,B,0.0228,
2022-TB-3-LG-HEDI-B,2022,TB,3,LG,HEDI,B,REWEIGH,
2022-TB-3-MG-HEDI-B,2022,TB,3,MG,HEDI,B,0.0577,
2022-TB-1-HG-KOMA-B,2022,TB,1,HG,KOMA,B,0.0137,
2022-TB-1-LG-KOMA-B,2022,TB,1,LG,KOMA,B,0.0059,
2022-TB-1-MG-KOMA-B,2022,TB,1,MG,KOMA,B,0.0128,
2022-TB-2-HG-KOMA-B,2022,TB,2,HG,KOMA,B,REWEIGH,
2022-TB-2-LG-KOMA-B,2022,TB,2,LG,KOMA,B,0.0118,
2022-TB-2-MG-KOMA-B,2022,TB,2,MG,KOMA,B,REWEIGH,
2022-TB-3-HG-KOMA-B,2022,TB,3,HG,KOMA,B,0.0127,
2022-TB-3-LG-KOMA-B,2022,TB,3,LG,KOMA,B,REWEIGH,
2022-TB-3-MG-KOMA-B,2022,TB,3,MG,KOMA,B,0.0056,
2022-TB-1-HG-LEDE-B,2022,TB,1,HG,LEDE,B,0.0744,
2022-TB-1-LG-LEDE-B,2022,TB,1,LG,LEDE,B,0.0485,
2022-TB-1-MG-LEDE-B,2022,TB,1,MG,LEDE,B,0.0109,
2022-TB-2-HG-LEDE-B,2022,TB,2,HG,LEDE,B,REWEIGH,
2022-TB-2-HG-LEDE-B,2022,TB,3,HG,LEDE,B,MISSING,
2022-TB-2-LG-LEDE-B,2022,TB,2,LG,LEDE,B,0.1338,
2022-TB-2-MG-LEDE-B,2022,TB,2,MG,LEDE,B,REWEIGH,
2022-TB-2-MG-LEDE-B,2022,TB,3,MG,LEDE,B,MISSING,
,2022,TB,3,LG,LEDE,B,MISSING,
2022-TB-1-HG-LIIN-B,2022,TB,1,HG,LIIN,B,0.3021,
2022-TB-1-LG-LIIN-B,2022,TB,1,LG,LIIN,B,0.1334,
2022-TB-1-MG-LIIN-B,2022,TB,1,MG,LIIN,B,0.2066,
2022-TB-2-HG-LIIN-B,2022,TB,2,HG,LIIN,B,REWEIGH,
2022-TB-2-LG-LIIN-B,2022,TB,2,LG,LIIN,B,0.1105,
2022-TB-2-MG-LIIN-B,2022,TB,2,MG,LIIN,B,REWEIGH,
2022-TB-3-LG-LIIN-B,2022,TB,3,LG,LIIN,B,REWEIGH,
,2022,TB,3,HG,LIIN,B,MISSING,
,2022,TB,3,MG,LIIN,B,MISSING,
2022-TB-1-HG-LOAR-B,2022,TB,1,HG,LOAR,B,0.0297,
2022-TB-1-LG-LOAR-B,2022,TB,1,LG,LOAR,B,0.0149,
2022-TB-1-MG-LOAR-B,2022,TB,1,MG,LOAR,B,0.042,
2022-TB-2-HG-LOAR-B,2022,TB,2,HG,LOAR,B,REWEIGH,
2022-TB-2-LG-LOAR-B,2022,TB,2,LG,LOAR,B,0.0261,
2022-TB-2-MG-LOAR-B,2022,TB,2,MG,LOAR,B,REWEIGH,
2022-TB-3-HG-LOAR-B,2022,TB,3,HG,LOAR,B,0.1096,
2022-TB-3-LG-LOAR-B,2022,TB,3,LG,LOAR,B,REWEIGH,
2022-TB-3-MG-LOAR-B,2022,TB,3,MG,LOAR,B,0.0355,
2022-TB-1-HG-LOFO-B,2022,TB,1,HG,LOFO,B,0.0555,
2022-TB-1-LG-LOFO-B,2022,TB,1,LG,LOFO,B,0.0158,
2022-TB-1-MG-LOFO-B,2022,TB,1,MG,LOFO,B,0.38,
2022-TB-2-HG-LOFO-B,2022,TB,2,HG,LOFO,B,REWEIGH,
2022-TB-2-LG-LOFO-B,2022,TB,2,LG,LOFO,B,0.1123,
2022-TB-2-MG-LOFO-B,2022,TB,2,MG,LOFO,B,REWEIGH,
2022-TB-3-HG-LOFO-B,2022,TB,3,HG,LOFO,B,0.252,
2022-TB-3-LG-LOFO-B,2022,TB,3,LG,LOFO,B,REWEIGH,
2022-TB-3-MG-LOFO-B,2022,TB,3,MG,LOFO,B,0.0734,
2022-TB-1-HG-MUDI-B,2022,TB,1,HG,MUDI,B,0.0466,
2022-TB-1-LG-MUDI-B,2022,TB,1,LG,MUDI,B,0.0499,
2022-TB-1-MG-MUDI-B,2022,TB,1,MG,MUDI,B,0.0363,
2022-TB-2-HG-MUDI-B,2022,TB,2,HG,MUDI,B,REWEIGH,
2022-TB-2-LG-MUDI-B,2022,TB,2,LG,MUDI,B,0.043,
2022-TB-2-MG-MUDI-B,2022,TB,2,MG,MUDI,B,REWEIGH,
2022-TB-3-HG-MUDI-B,2022,TB,3,HG,MUDI,B,0.3398,
2022-TB-3-MG-MUDI-B,2022,TB,3,MG,MUDI,B,0.5978,
,2022,TB,3,LG,MUDI,B,MISSING,
2022-TB-1-HG-NAVI-B,2022,TB,1,HG,NAVI,B,0.1435,
2022-TB-1-LG-NAVI-B,2022,TB,1,LG,NAVI,B,0.0393,
2022-TB-1-MG-NAVI-B,2022,TB,1,MG,NAVI,B,0.0373,
2022-TB-2-HG-NAVI-B,2022,TB,2,HG,NAVI,B,REWEIGH,
2022-TB-2-LG-NAVI-B,2022,TB,2,LG,NAVI,B,0.0497,
2022-TB-2-MG-NAVI-B,2022,TB,2,MG,NAVI,B,REWEIGH,
2022-TB-3-HG-NAVI-B,2022,TB,3,HG,NAVI,B,REWEIGH,
2022-TB-3-LG-NAVI-B,2022,TB,3,LG,NAVI,B,0.0652,
2022-TB-3-MG-NAVI-B,2022,TB,3,MG,NAVI,B,0.0429,
2022-TB-1-HG-NOCU-B,2022,TB,1,HG,NOCU,B,0.6153,
2022-TB-1-LG-NOCU-B,2022,TB,1,LG,NOCU,B,0.7885,
2022-TB-1-MG-NOCU-B,2022,TB,1,MG,NOCU,B,0.681,
2022-TB-2-HG-NOCU-B,2022,TB,2,HG,NOCU,B,REWEIGH,
2022-TB-2-LG-NOCU-B,2022,TB,2,LG,NOCU,B,0.452,
2022-TB-2-MG-NOCU-B,2022,TB,2,MG,NOCU,B,REWEIGH,
2022-TB-3-HG-NOCU-B,2022,TB,3,HG,NOCU,B,0.2694,
,2022,TB,3,LG,NOCU,B,MISSING,
,2022,TB,3,MG,NOCU,B,MISSING,
2022-TB-1-HG-OESU-B,2022,TB,1,HG,OESU,B,0.0502,
2022-TB-1-LG-OESU-B,2022,TB,1,LG,OESU,B,0.0892,
2022-TB-1-MG-OESU-B,2022,TB,1,MG,OESU,B,0.1051,
2022-TB-2-HG-OESU-B,2022,TB,2,HG,OESU,B,REWEIGH,
2022-TB-2-LG-OESU-B,2022,TB,2,LG,OESU,B,0.0386,
2022-TB-2-MG-OESU-B,2022,TB,2,MG,OESU,B,REWEIGH,
2022-TB-1-HG-PASM-B,2022,TB,1,HG,PASM,B,0.0233,
2022-TB-1-LG-PASM-B,2022,TB,1,LG,PASM,B,0.0264,
2022-TB-1-MG-PASM-B,2022,TB,1,MG,PASM,B,0.0433,
2022-TB-2-HG-PASM-B,2022,TB,2,HG,PASM,B,REWEIGH,
2022-TB-2-LG-PASM-B,2022,TB,2,LG,PASM,B,0.0696,
2022-TB-2-MG-PASM-B,2022,TB,2,MG,PASM,B,REWEIGH,
2022-TB-3-HG-PASM-B,2022,TB,3,HG,PASM,B,0.1311,
2022-TB-3-LG-PASM-B,2022,TB,3,LG,PASM,B,REWEIGH,
2022-TB-3-MG-PASM-B,2022,TB,3,MG,PASM,B,0.0422,
2022-TB-1-HG-PHHO-B,2022,TB,1,HG,PHHO,B,0.0094,
2022-TB-1-LG-PHHO-B,2022,TB,1,LG,PHHO,B,0.0403,
2022-TB-1-MG-PHHO-B,2022,TB,1,MG,PHHO,B,0.0444,
2022-TB-2-HG-PHHO-B,2022,TB,2,HG,PHHO,B,REWEIGH,
2022-TB-2-LG-PHHO-B,2022,TB,2,LG,PHHO,B,0.0137,
2022-TB-2-MG-PHHO-B,2022,TB,2,MG,PHHO,B,REWEIGH,
2022-TB-3-HG-PHHO-B,2022,TB,3,HG,PHHO,B,0.1448,
2022-TB-3-LG-PHHO-B,2022,TB,3,LG,PHHO,B,REWEIGH,
2022-TB-3-MG-PHHO-B,2022,TB,3,MG,PHHO,B,0.0518,
2022-TB-1-HG-PIOP-B,2022,TB,1,HG,PIOP,B,0.0341,
2022-TB-1-LG-PIOP-B,2022,TB,1,LG,PIOP,B,0.1452,
2022-TB-1-MG-PIOP-B,2022,TB,1,MG,PIOP,B,0.0721,
2022-TB-2-HG-PIOP-B,2022,TB,2,HG,PIOP,B,REWEIGH,
2022-TB-2-LG-PIOP-B,2022,TB,2,LG,PIOP,B,0.03,
2022-TB-2-MG-PIOP-B,2022,TB,2,MG,PIOP,B,REWEIGH,
2022-TB-3-LG-PIOP-B,2022,TB,3,LG,PIOP,B,REWEIGH,
,2022,TB,3,MG,PIOP,B,MISSING,
,2022,TB,3,HG,PIOP,B,MISSING,
2022-TB-1-HG-PLPA-B,2022,TB,1,HG,PLPA,B,0.0625,
2022-TB-1-LG-PLPA-B,2022,TB,1,LG,PLPA,B,0.0594,
2022-TB-1-MG-PLPA-B,2022,TB,1,MG,PLPA,B,0.0477,
2022-TB-2-HG-PLPA-B,2022,TB,2,HG,PLPA,B,REWEIGH,
2022-TB-2-LG-PLPA-B,2022,TB,2,LG,PLPA,B,0.0051,
2022-TB-2-MG-PLPA-B,2022,TB,2,MG,PLPA,B,REWEIGH,
2022-TB-3-HG-PLPA-B,2022,TB,3,HG,PLPA,B,0.0103,
2022-TB-3-LG-PLPA-B,2022,TB,3,LG,PLPA,B,REWEIGH,
2022-TB-3-MG-PLPA-B,2022,TB,3,MG,PLPA,B,0.0203,
2022-TB-1-HG-POSE-B,2022,TB,1,HG,POSE,B,0.0062,
2022-TB-1-LG-POSE-B,2022,TB,1,LG,POSE,B,0.0014,
2022-TB-1-MG-POSE-B,2022,TB,1,MG,POSE,B,0.0069,
2022-TB-2-HG-POSE-B,2022,TB,2,HG,POSE,B,REWEIGH,
2022-TB-2-LG-POSE-B,2022,TB,2,LG,POSE,B,0.0062,
2022-TB-2-MG-POSE-B,2022,TB,2,MG,POSE,B,REWEIGH,
2022-TB-3-HG-POSE-B,2022,TB,3,HG,POSE,B,0.0311,
2022-TB-3-LG-POSE-B,2022,TB,3,LG,POSE,B,REWEIGH,
2022-TB-3-MG-POSE-B,2022,TB,3,MG,POSE,B,0.0052,
2022-TB-1-HG-PSTE-B,2022,TB,1,HG,PSTE,B,0.0345,
2022-TB-1-LG-PSTE-B,2022,TB,1,LG,PSTE,B,0.0076,
2022-TB-1-MG-PSTE-B,2022,TB,1,MG,PSTE,B,0.0618,
2022-TB-2-HG-PSTE-B,2022,TB,2,HG,PSTE,B,REWEIGH,
2022-TB-2-LG-PSTE-B,2022,TB,2,LG,PSTE,B,0.0201,
2022-TB-2-MG-PSTE-B,2022,TB,2,MG,PSTE,B,REWEIGH,
2022-TB-1-HG-SPCO-B,2022,TB,1,HG,SPCO,B,0.0717,
2022-TB-1-LG-SPCO-B,2022,TB,1,LG,SPCO,B,0.0259,
2022-TB-1-MG-SPCO-B,2022,TB,1,MG,SPCO,B,0.0324,
2022-TB-2-HG-SPCO-B,2022,TB,2,HG,SPCO,B,REWEIGH,
2022-TB-2-LG-SPCO-B,2022,TB,2,LG,SPCO,B,0.0626,
2022-TB-2-MG-SPCO-B,2022,TB,2,MG,SPCO,B,REWEIGH,
2022-TB-3-HG-SPCO-B,2022,TB,3,HG,SPCO,B,0.0972,
2022-TB-3-LG-SPCO-B,2022,TB,3,LG,SPCO,B,REWEIGH,
2022-TB-3-MG-SPCO-B,2022,TB,3,MG,SPCO,B,0.0569,
2022-TB-1-HG-TAOF-B,2022,TB,1,HG,TAOF,B,0.0624,
2022-TB-1-LG-TAOF-B,2022,TB,1,LG,TAOF,B,0.0786,
2022-TB-1-MG-TAOF-B,2022,TB,1,MG,TAOF,B,0.1068,
2022-TB-2-HG-TAOF-B,2022,TB,2,HG,TAOF,B,REWEIGH,
2022-TB-2-LG-TAOF-B,2022,TB,2,LG,TAOF,B,0.0175,
2022-TB-2-MG-TAOF-B,2022,TB,2,MG,TAOF,B,REWEIGH,
2022-TB-3-HG-TAOF-B,2022,TB,3,HG,TAOF,B,0.0398,
2022-TB-3-LG-TAOF-B,2022,TB,3,LG,TAOF,B,REWEIGH,
2022-TB-3-MG-TAOF-B,2022,TB,3,MG,TAOF,B,0.0308,
2022-TB-1-HG-TEAC-B,2022,TB,1,HG,TEAC,B,0.0269,
2022-TB-1-LG-TEAC-B,2022,TB,1,LG,TEAC,B,0.0756,
2022-TB-1-MG-TEAC-B,2022,TB,1,MG,TEAC,B,0.0246,
2022-TB-2-HG-TEAC-B,2022,TB,2,HG,TEAC,B,REWEIGH,
2022-TB-2-LG-TEAC-B,2022,TB,2,LG,TEAC,B,0.0595,
2022-TB-2-MG-TEAC-B,2022,TB,2,MG,TEAC,B,REWEIGH,
2022-TB-1-HG-TRDU-B,2022,TB,1,HG,TRDU,B,2.8576,
2022-TB-1-LG-TRDU-B,2022,TB,1,LG,TRDU,B,0.631,
2022-TB-1-MG-TRDU-B,2022,TB,1,MG,TRDU,B,REWEIGH,
2022-TB-2-HG-TRDU-B,2022,TB,2,HG,TRDU,B,REWEIGH,
2022-TB-2-LG-TRDU-B,2022,TB,2,LG,TRDU,B,1.3187,
2022-TB-2-MG-TRDU-B,2022,TB,2,MG,TRDU,B,REWEIGH,
2022-TB-3-HG-TRDU-B,2022,TB,3,HG,TRDU,B,1.3209,
2022-TB-3-LG-TRDU-B,2022,TB,3,LG,TRDU,B,REWEIGH,
2022-TB-3-MG-TRDU-B,2022,TB,3,MG,TRDU,B,0.4267,
2022-TB-1-HG-VIAM-B,2022,TB,1,HG,VIAM,B,0.1353,
2022-TB-1-LG-VIAM-B,2022,TB,1,LG,VIAM,B,0.2552,
2022-TB-1-MG-VIAM-B,2022,TB,1,MG,VIAM,B,REWEIGH,
2022-TB-2-HG-VIAM-B,2022,TB,2,HG,VIAM,B,REWEIGH,
2022-TB-2-LG-VIAM-B,2022,TB,2,LG,VIAM,B,0.0351,
2022-TB-2-MG-VIAM-B,2022,TB,2,MG,VIAM,B,REWEIGH,
2022-TB-3-HG-VIAM-B,2022,TB,3,HG,VIAM,B,0.32,
2022-TB-3-LG-VIAM-B,2022,TB,3,LG,VIAM,B,REWEIGH,
2022-TB-3-MG-VIAM-B,2022,TB,3,MG,VIAM,B,0.3301,
2022-TB-1-HG-VUOC-B,2022,TB,1,HG,VUOC,B,0.0075,
2022-TB-1-LG-VUOC-B,2022,TB,1,LG,VUOC,B,0.009,
2022-TB-1-MG-VUOC-B,2022,TB,1,MG,VUOC,B,0.0058,
2022-TB-2-HG-VUOC-B,2022,TB,2,HG,VUOC,B,REWEIGH,
2022-TB-2-LG-VUOC-B,2022,TB,2,LG,VUOC,B,0.0098,
2022-TB-2-MG-VUOC-B,2022,TB,2,MG,VUOC,B,REWEIGH,
2022-TB-3-LG-VUOC-B,2022,TB,3,LG,VUOC,B,REWEIGH,
2022-TB-3-MG-VUOC-B,2022,TB,3,MG,VUOC,B,0.0029,
,2022,TB,3,HG,VUOC,B,MISSING,
2022-TB-1-HG-ALDE-L,2022,TB,1,HG,ALDE,L,0.0002,
2022-TB-1-LG-ALDE-L,2022,TB,1,LG,ALDE,L,0.0003,
2022-TB-1-MG-ALDE-L,2022,TB,1,MG,ALDE,L,<0.0001,
2022-TB-2-HG-ALDE-L,2022,TB,2,HG,ALDE,L,REWEIGH,
2022-TB-2-LG-ALDE-L,2022,TB,2,LG,ALDE,L,<0.0001,
2022-TB-2-MG-ALDE-L,2022,TB,2,MG,ALDE,L,REWEIGH,
2022-TB-3-HG-ALDE-L,2022,TB,3,HG,ALDE,L,<0.0001,
2022-TB-3-LG-ALDE-L,2022,TB,3,LG,ALDE,L,REWEIGH,
2022-TB-3-MG-ALDE-L,2022,TB,3,MG,ALDE,L,<0.001,
2022-TB-1-HG-ALTE-L,2022,TB,1,HG,ALTE,L,REWEIGH,
022-TB-1-LG-ALTE-L,022,TB,1,LG,ALTE,L,0.0066,
2022-TB-1-MG-ALTE-L,2022,TB,1,MG,ALTE,L,REWEIGH,
2022-TB-2-HG-ALTE-L,2022,TB,2,HG,ALTE,L,REWEIGH,
2022-TB-2-LG-ALTE-L,2022,TB,2,LG,ALTE,L,REWEIGH,
2022-TB-2-MG-ALTE-L,2022,TB,2,MG,ALTE,L,REWEIGH,
2022-TB-3-HG-ALTE-L,2022,TB,3,HG,ALTE,L,0.0045,
2022-TB-3-LG-ALTE-L,2022,TB,3,LG,ALTE,L,REWEIGH,
2022-TB-3-MG-ALTE-L,2022,TB,3,MG,ALTE,L,0.0064,
 2022-TB-1-HG-ANPA-L, 2022,TB,1,HG,ANPA,L,0.0015,
2022-TB-1-LG-ANPA-L,2022,TB,1,LG,ANPA,L,0.0035,
2022-TB-1-MG-ANPA-L,2022,TB,1,MG,ANPA,L,REWEIGH,
2022-TB-2-HG-ANPA-L,2022,TB,2,HG,ANPA,L,REWEIGH,
2022-TB-2-LG-ANPA-L,2022,TB,2,LG,ANPA,L,REWEIGH,
2022-TB-2-MG-ANPA-L,2022,TB,2,MG,ANPA,L,REWEIGH,
2022-TB-3-HG-ANPA-L,2022,TB,3,HG,ANPA,L,0.0035,
2022-TB-3-LG-ANPA-L,2022,TB,3,LG,ANPA,L,REWEIGH,
2022-TB-3-MG-ANPA-L,2022,TB,3,MG,ANPA,L,0.0051,
2022-TB-1-HG-ARFR-L,2022,TB,1,HG,ARFR,L,0.002,
2022-TB-1-LG-ARFR-L,2022,TB,1,LG,ARFR,L,EMPTY,empty
2022-TB-1-MG-ARFR-L,2022,TB,1,MG,ARFR,L,<0.0001,
2022-TB-2-HG-ARFR-L,2022,TB,2,HG,ARFR,L,0.0001,
2022-TB-2-LG-ARFR-L,2022,TB,2,LG,ARFR,L,0.0002,
2022-TB-2-MG-ARFR-L,2022,TB,2,MG,ARFR,L,0.0004,
2022-TB-1-HG-ARPU-L,2022,TB,1,HG,ARPU,L,0.0029,
2022-TB-1-LG-ARPU-L,2022,TB,1,LG,ARPU,L,0.0012,
2022-TB-1-MG-ARPU-L,2022,TB,1,MG,ARPU,L,0.002,
2022-TB-2-HG-ARPU-L,2022,TB,2,HG,ARPU,L,0.0075,
2022-TB-2-LG-ARPU-L,2022,TB,2,LG,ARPU,L,0.0025,
2022-TB-2-MG-ARPU-L,2022,TB,2,MG,ARPU,L,0.0099,
2022-TB-1-HG-ARTR-L,2022,TB,1,HG,ARTR,L,0.0079,
2022-TB-1-LG-ARTR-L,2022,TB,1,LG,ARTR,L,0.0022,
2022-TB-1-MG-ARTR-L,2022,TB,1,MG,ARTR,L,0.0042,
2022-TB-2-HG-ARTR-L,2022,TB,2,HG,ARTR,L,0.0033,
2022-TB-2-LG-ARTR-L,2022,TB,2,LG,ARTR,L,0.0012,
2022-TB-2-MG-ARTR-L,2022,TB,2,MG,ARTR,L,0.0043,
2022-TB-3-HG-ARTR-L,2022,TB,3,HG,ARTR,L,0.0053,
2022-TB-3-LG-ARTR-L,2022,TB,3,LG,ARTR,L,0.0037,
2022-TB-3-MG-ARTR-L,2022,TB,3,MG,ARTR,L,0.0033,
2022-TB-1-HG-ASBI-L,2022,TB,1,HG,ASBI,L,REWEIGH,
2022-TB-1-LG-ASBI-L,2022,TB,1,LG,ASBI,L,0.0764,
2022-TB-1-MG-ASBI-L,2022,TB,1,MG,ASBI,L,REWEIGH,
2022-TB-2-HG-ASBI-L,2022,TB,2,HG,ASBI,L,REWEIGH,
2022-TB-2-LG-ASBI-L,2022,TB,2,LG,ASBI,L,REWEIGH,
2022-TB-2-MG-ASBI-L,2022,TB,2,MG,ASBI,L,REWEIGH,
2022-TB-3-HG-ASBI-L,2022,TB,3,HG,ASBI,L,0.1291,
2022-TB-3-LG-ASBI-L,2022,TB,3,LG,ASBI,L,REWEIGH,
2022-TB-3-MG-ASBI-L,2022,TB,3,MG,ASBI,L,0.0683,
2022-TB-1-HG-BOGR-L,2022,TB,1,HG,BOGR,L,0.009,
2022-TB-1-LG-BOGR-L,2022,TB,1,LG,BOGR,L,0.0017,
2022-TB-1-MG-BOGR-L,2022,TB,1,MG,BOGR,L,0.0029,
2022-TB-2-HG-BOGR-L,2022,TB,2,HG,BOGR,L,0.0015,
2022-TB-2-LG-BOGR-L,2022,TB,2,LG,BOGR,L,0.0017,
2022-TB-2-MG-BOGR-L,2022,TB,2,MG,BOGR,L,0.0034,
2022-TB-3-HG-BOGR-L,2022,TB,3,HG,BOGR,L,0.0036,
2022-TB-3-LG-BOGR-L,2022,TB,3,LG,BOGR,L,0.0028,
2022-TB-3-MG-BOGR-L,2022,TB,3,MG,BOGR,L,0.0047,
2022-TB-1-HG-BRAR-L,2022,TB,1,HG,BRAR,L,REWEIGH,
2022-TB-1-LG-BRAR-L,2022,TB,1,LG,BRAR,L,REWEIGH,
2022-TB-1-MG-BRAR-L,2022,TB,1,MG,BRAR,L,REWEIGH,
2022-TB-2-HG-BRAR-L,2022,TB,2,HG,BRAR,L,REWEIGH,
2022-TB-2-LG-BRAR-L,2022,TB,2,LG,BRAR,L,REWEIGH,
2022-TB-2-MG-BRAR-L,2022,TB,2,MG,BRAR,L,REWEIGH,
2022-TB-3-HG-BRAR-L,2022,TB,3,HG,BRAR,L,0.0003,
2022-TB-3-LG-BRAR-L,2022,TB,3,LG,BRAR,L,REWEIGH,
2022-TB-3-MG-BRAR-L,2022,TB,3,MG,BRAR,L,0.0005,
2022-TB-1-HG-BRTE-L,2022,TB,1,HG,BRTE,L,REWEIGH,
2022-TB-1-LG-BRTE-L,2022,TB,1,LG,BRTE,L,0.0075,
2022-TB-1-MG-BRTE-L,2022,TB,1,MG,BRTE,L,REWEIGH,
2022-TB-2-HG-BRTE-L,2022,TB,2,HG,BRTE,L,REWEIGH,
2022-TB-2-LG-BRTE-L,2022,TB,2,LG,BRTE,L,REWEIGH,
2022-TB-2-MG-BRTE-L,2022,TB,2,MG,BRTE,L,REWEIGH,
2022-TB-3-HG-BRTE-L,2022,TB,3,HG,BRTE,L,<0.0001,
2022-TB-3-MG-BRTE-L,2022,TB,3,MG,BRTE,L,0.002,
,2022,TB,3,LG,BRTE,L,MISSING,
2022-TB-1-HG-CADU-L,2022,TB,1,HG,CADU,L,REWEIGH,
2022-TB-1-LG-CADU-L,2022,TB,1,LG,CADU,L,0.0059,
2022-TB-1-MG-CADU-L,2022,TB,1,MG,CADU,L,REWEIGH,
2022-TB-2-HG-CADU-L,2022,TB,2,HG,CADU,L,REWEIGH,
2022-TB-2-LG-CADU-L,2022,TB,2,LG,CADU,L,REWEIGH,
2022-TB-2-MG-CADU-L,2022,TB,2,MG,CADU,L,REWEIGH,
2022-TB-3-LG-CADU-L,2022,TB,3,LG,CADU,L,REWEIGH,
2022-TB-3-MG-CADU-L,2022,TB,3,MG,CADU,L,0.0049,
,2022,TB,3,HG,CADU,L,MISSING,
2022-TB-1-HG-CAFI-L,2022,TB,1,HG,CAFI,L,REWEIGH,
2022-TB-1-LG-CAFI-L,2022,TB,1,LG,CAFI,L,0.0052,
2022-TB-1-MG-CAFI-L,2022,TB,1,MG,CAFI,L,REWEIGH,
2022-TB-2-HG-CAFI-L,2022,TB,2,HG,CAFI,L,REWEIGH,
2022-TB-2-LG-CAFI-L,2022,TB,2,LG,CAFI,L,REWEIGH,
2022-TB-2-MG-CAFI-L,2022,TB,2,MG,CAFI,L,REWEIGH,
2022-TB-3-HG-CAFI-L,2022,TB,3,HG,CAFI,L,0.0024,
2022-TB-3-LG-CAFI-L,2022,TB,3,LG,CAFI,L,REWEIGH,
,2022,TB,3,MG,CAFI,L,MISSING,
2022-TB-1-HG-CIUN-L,2022,TB,1,HG,CIUN,L,REWEIGH,
2022-TB-1-LG-CIUN-L,2022,TB,1,LG,CIUN,L,0.112,
2022-TB-1-MG-CIUN-L,2022,TB,1,MG,CIUN,L,REWEIGH,
2022-TB-2-LG-CIUN-L,2022,TB,2,LG,CIUN,L,REWEIGH,
2022-TB-3-HG-CIUN-L,2022,TB,3,HG,CIUN,L,0.2016,
2022-TB-3-LG-CIUN-L,2022,TB,3,LG,CIUN,L,REWEIGH,
2022-TB-3-MG-CIUN-L,2022,TB,3,MG,CIUN,L,0.1331,
2022-TB-1-HG-COLI-L,2022,TB,1,HG,COLI,L,REWEIGH,
2022-TB-1-LG-COLI-L,2022,TB,1,LG,COLI,L,0.0013,
2022-TB-1-MG-COLI-L,2022,TB,1,MG,COLI,L,REWEIGH,
2022-TB-2-HG-COLI-L,2022,TB,2,HG,COLI,L,REWEIGH,
2022-TB-2-LG-COLI-L,2022,TB,2,LG,COLI,L,REWEIGH,
2022-TB-2-MG-COLI-L,2022,TB,2,MG,COLI,L,REWEIGH,
2022-TB-3-LG-COLI-L,2022,TB,3,LG,COLI,L,REWEIGH,
2022-TB-1-HG-DEPI-L,2022,TB,1,HG,DEPI,L,REWEIGH,
2022-TB-1-LG-DEPI-L,2022,TB,1,LG,DEPI,L,<0.0001,
2022-TB-1-MG-DEPI-L,2022,TB,1,MG,DEPI,L,REWEIGH,
2022-TB-2-HG-DEPI-L,2022,TB,2,HG,DEPI,L,REWEIGH,
2022-TB-2-LG-DEPI-L,2022,TB,2,LG,DEPI,L,<0.0001,
2022-TB-2-MG-DEPI-L,2022,TB,2,MG,DEPI,L,REWEIGH,
2022-TB-3-HG-DEPI-L,2022,TB,3,HG,DEPI,L,<0.0001,
2022-TB-3-LG-DEPI-L,2022,TB,3,LG,DEPI,L,REWEIGH,
2022-TB-3-MG-DEPI-L,2022,TB,3,MG,DEPI,L,0.0009,
2022-TB-1-HG-DRRE-L,2022,TB,1,HG,DRRE,L,0.0003,
2022-TB-1-LG-DRRE-L,2022,TB,1,LG,DRRE,L,0.0004,
2022-TB-1-MG-DRRE-L,2022,TB,1,MG,DRRE,L,REWEIGH,
2022-TB-2-HG-DRRE-L,2022,TB,2,HG,DRRE,L,REWEIGH,
2022-TB-2-LG-DRRE-L,2022,TB,2,LG,DRRE,L,0.0019,
2022-TB-2-MG-DRRE-L,2022,TB,2,MG,DRRE,L,REWEIGH,
2022-TB-3-HG-DRRE-L,2022,TB,3,HG,DRRE,L,0.0001,
2022-TB-3-LG-DRRE-L,2022,TB,3,LG,DRRE,L,REWEIGH,
 2022-TB-3-MG-DRRE-L, 2022,TB,3,MG,DRRE,L,0.0008,
2022-TB-1-HG-ERCA-L,2022,TB,1,HG,ERCA,L,REWEIGH,
2022-TB-1-LG-ERCA-L,2022,TB,1,LG,ERCA,L,REWEIGH,
2022-TB-1-MG-ERCA-L,2022,TB,1,MG,ERCA,L,REWEIGH,
2022-TB-2-HG-ERCA-L,2022,TB,2,HG,ERCA,L,REWEIGH,
2022-TB-2-LG-ERCA-L,2022,TB,2,LG,ERCA,L,REWEIGH,
2022-TB-2-MG-ERCA-L,2022,TB,2,MG,ERCA,L,REWEIGH,
2022-TB-3-HG-ERCA-L,2022,TB,3,HG,ERCA,L,0.0027,
2022-TB-3-LG-ERCA-L,2022,TB,3,LG,ERCA,L,REWEIGH,
2022-TB-3-MG-ERCA-L,2022,TB,3,MG,ERCA,L,0.0049,
2022-TB-1-HG-ERHO-L,2022,TB,1,HG,ERHO,L,REWEIGH,
2022-TB-1-LG-ERHO-L,2022,TB,1,LG,ERHO,L,REWEIGH,
2022-TB-1-MG-ERHO-L,2022,TB,1,MG,ERHO,L,REWEIGH,
2022-TB-2-HG-ERHO-L,2022,TB,2,HG,ERHO,L,REWEIGH,
2022-TB-2-LG-ERHO-L,2022,TB,2,LG,ERHO,L,<0.0001,
2022-TB-2-MG-ERHO-L,2022,TB,2,MG,ERHO,L,REWEIGH,
2022-TB-3-HG-ERHO-L,2022,TB,3,HG,ERHO,L,0.0008,
2022-TB-3-LG-ERHO-L,2022,TB,3,LG,ERHO,L,REWEIGH,
2022-TB-3-MG-ERHO-L,2022,TB,3,MG,ERHO,L,0.0009,
2022-TB-1-HG-ERPU-L,2022,TB,1,HG,ERPU,L,REWEIGH,
2022-TB-1-LG-ERPU-L,2022,TB,1,LG,ERPU,L,REWEIGH,
2022-TB-1-MG-ERPU-L,2022,TB,1,MG,ERPU,L,REWEIGH,
2022-TB-2-HG-ERPU-L,2022,TB,2,HG,ERPU,L,REWEIGH,
2022-TB-2-LG-ERPU-L,2022,TB,2,LG,ERPU,L,REWEIGH,
2022-TB-2-MG-ERPU-L,2022,TB,2,MG,ERPU,L,REWEIGH,
2022-TB-3-HG-ERPU-L,2022,TB,3,HG,ERPU,L,0.002,
2022-TB-3-LG-ERPU-L,2022,TB,3,LG,ERPU,L,REWEIGH,
2022-TB-3-MG-ERPU-L,2022,TB,3,MG,ERPU,L,0.0034,
2022-TB-1-HG-GUSA-L,2022,TB,1,HG,GUSA,L,0.0019,
2022-TB-1-LG-GUSA-L,2022,TB,1,LG,GUSA,L,0.0018,
2022-TB-1-MG-GUSA-L,2022,TB,1,MG,GUSA,L,0.0016,
2022-TB-2-HG-GUSA-L,2022,TB,2,HG,GUSA,L,0.0016,
2022-TB-2-LG-GUSA-L,2022,TB,2,LG,GUSA,L,0.0018,
2022-TB-2-MG-GUSA-L,2022,TB,2,MG,GUSA,L,0.0013,
2022-TB-3-HG-GUSA-L,2022,TB,3,HG,GUSA,L,0.0011,
2022-TB-3-LG-GUSA-L,2022,TB,3,LG,GUSA,L,0.0013,
2022-TB-3-MG-GUSA-L,2022,TB,3,MG,GUSA,L,0.0002,
2022-TB-1-HG-HECO-L,2022,TB,1,HG,HECO,L,REWEIGH,
2022-TB-1-LG-HECO-L,2022,TB,1,LG,HECO,L,REWEIGH,
2022-TB-1-MG-HECO-L,2022,TB,1,MG,HECO,L,REWEIGH,
2022-TB-2-HG-HECO-L,2022,TB,2,HG,HECO,L,REWEIGH,
2022-TB-2-LG-HECO-L,2022,TB,2,LG,HECO,L,REWEIGH,
2022-TB-2-MG-HECO-L,2022,TB,2,MG,HECO,L,REWEIGH,
2022-TB-3-HG-HECO-L,2022,TB,3,HG,HECO,L,0.0044,
2022-TB-3-LG-HECO-L,2022,TB,3,LG,HECO,L,REWEIGH,
2022-TB-3-MG-HECO-L,2022,TB,3,MG,HECO,L,0.0148,
2022-TB-1-HG-HEDI-L,2022,TB,1,HG,HEDI,L,REWEIGH,
2022-TB-1-LG-HEDI-L,2022,TB,1,LG,HEDI,L,REWEIGH,
2022-TB-1-MG-HEDI-L,2022,TB,1,MG,HEDI,L,REWEIGH,
2022-TB-2-HG-HEDI-L,2022,TB,2,HG,HEDI,L,REWEIGH,
2022-TB-2-LG-HEDI-L,2022,TB,2,LG,HEDI,L,REWEIGH,
2022-TB-2-MG-HEDI-L,2022,TB,2,MG,HEDI,L,REWEIGH,
2022-TB-3-HG-HEDI-L,2022,TB,3,HG,HEDI,L,<0.0001,
2022-TB-3-LG-HEDI-L,2022,TB,3,LG,HEDI,L,REWEIGH,
2022-TB-3-MG-HEDI-L,2022,TB,3,MG,HEDI,L,0.002,
2022-TB-1-HG-KOMA-L,2022,TB,1,HG,KOMA,L,REWEIGH,
2022-TB-1-LG-KOMA-L,2022,TB,1,LG,KOMA,L,REWEIGH,
2022-TB-1-MG-KOMA-L,2022,TB,1,MG,KOMA,L,REWEIGH,
2022-TB-2-HG-KOMA-L,2022,TB,2,HG,KOMA,L,REWEIGH,
2022-TB-2-LG-KOMA-L,2022,TB,2,LG,KOMA,L,REWEIGH,
2022-TB-2-MG-KOMA-L,2022,TB,2,MG,KOMA,L,REWEIGH,
2022-TB-3-HG-KOMA-L,2022,TB,3,HG,KOMA,L,0.0049,
2022-TB-3-LG-KOMA-L,2022,TB,3,LG,KOMA,L,REWEIGH,
2022-TB-3-MG-KOMA-L,2022,TB,3,MG,KOMA,L,0.0033,
2022-TB-1-HG-LEDE-L,2022,TB,1,HG,LEDE,L,0.0006,
2022-TB-1-LG-LEDE-L,2022,TB,1,LG,LEDE,L,REWEIGH,
2022-TB-1-MG-LEDE-L,2022,TB,1,MG,LEDE,L,REWEIGH,
2022-TB-2-HG-LEDE-L,2022,TB,2,HG,LEDE,L,<0.0001,
2022-TB-2-LG-LEDE-L,2022,TB,2,LG,LEDE,L,REWEIGH,
2022-TB-2-MG-LEDE-L,2022,TB,2,MG,LEDE,L,REWEIGH,
2022-TB-1-HG-LIIN-L,2022,TB,1,HG,LIIN,L,REWEIGH,
2022-TB-1-LG-LIIN-L,2022,TB,1,LG,LIIN,L,0.0027,
2022-TB-1-MG-LIIN-L,2022,TB,1,MG,LIIN,L,0.0029,
2022-TB-2-HG-LIIN-L,2022,TB,2,HG,LIIN,L,REWEIGH,
2022-TB-2-LG-LIIN-L,2022,TB,2,LG,LIIN,L,REWEIGH,
2022-TB-2-MG-LIIN-L,2022,TB,2,MG,LIIN,L,0.0001,
2022-TB-3-LG-LIIN-L,2022,TB,3,LG,LIIN,L,REWEIGH,
,2022,TB,3,MG,LIIN,L,MISSING,
,2022,TB,3,HG,LIIN,L,MISSING,
2022-TB-1-HG-LOAR-L,2022,TB,1,HG,LOAR,L,REWEIGH,
2022-TB-1-LG-LOAR-L,2022,TB,1,LG,LOAR,L,<0.0001,
2022-TB-1-MG-LOAR-L,2022,TB,1,MG,LOAR,L,<0.0001,
2022-TB-2-HG-LOAR-L,2022,TB,2,HG,LOAR,L,REWEIGH,
2022-TB-2-LG-LOAR-L,2022,TB,2,LG,LOAR,L,REWEIGH,
2022-TB-2-MG-LOAR-L,2022,TB,2,MG,LOAR,L,REWEIGH,
2022-TB-3-HG-LOAR-L,2022,TB,3,HG,LOAR,L,0.0016,
2022-TB-3-LG-LOAR-L,2022,TB,3,LG,LOAR,L,<0.0001,
2022-TB-3-MG-LOAR-L,2022,TB,3,MG,LOAR,L,0.0005,
2022-TB-1-HG-LOFO-L,2022,TB,1,HG,LOFO,L,REWEIGH,
2022-TB-1-LG-LOFO-L,2022,TB,1,LG,LOFO,L,REWEIGH,
2022-TB-1-MG-LOFO-L,2022,TB,1,MG,LOFO,L,REWEIGH,
2022-TB-2-HG-LOFO-L,2022,TB,2,HG,LOFO,L,REWEIGH,
2022-TB-2-LG-LOFO-L,2022,TB,2,LG,LOFO,L,REWEIGH,
2022-TB-2-MG-LOFO-L,2022,TB,2,MG,LOFO,L,REWEIGH,
2022-TB-3-HG-LOFO-L,2022,TB,3,HG,LOFO,L,0.0094,
2022-TB-3-LG-LOFO-L,2022,TB,3,LG,LOFO,L,REWEIGH,
2022-TB-3-MG-LOFO-L,2022,TB,3,MG,LOFO,L,0.03,
2022-TB-1-HG-MUDI-L,2022,TB,1,HG,MUDI,L,REWEIGH,
2022-TB-1-LG-MUDI-L,2022,TB,1,LG,MUDI,L,0.0043,
2022-TB-1-MG-MUDI-L,2022,TB,1,MG,MUDI,L,0.0045,
2022-TB-2-HG-MUDI-L,2022,TB,2,HG,MUDI,L,REWEIGH,
2022-TB-2-LG-MUDI-L,2022,TB,2,LG,MUDI,L,REWEIGH,
2022-TB-2-MG-MUDI-L,2022,TB,2,MG,MUDI,L,REWEIGH,
2022-TB-3-HG-MUDI-L,2022,TB,3,HG,MUDI,L,0.0079,
2022-TB-3-MG-MUDI-L,2022,TB,3,MG,MUDI,L,0.0227,
,2022,TB,3,LG,MUDI,L,MISSING,
2022-TB-1-HG-NAVI-L,2022,TB,1,HG,NAVI,L,REWEIGH,
2022-TB-1-LG-NAVI-L,2022,TB,1,LG,NAVI,L,0.0214,
2022-TB-1-MG-NAVI-L,2022,TB,1,MG,NAVI,L,0.026,
2022-TB-2-HG-NAVI-L,2022,TB,2,HG,NAVI,L,REWEIGH,
2022-TB-2-LG-NAVI-L,2022,TB,2,LG,NAVI,L,REWEIGH,
2022-TB-2-MG-NAVI-L,2022,TB,2,MG,NAVI,L,REWEIGH,
2022-TB-3-HG-NAVI-L,2022,TB,3,HG,NAVI,L,0.0215,
2022-TB-3-LG-NAVI-L,2022,TB,3,LG,NAVI,L,REWEIGH,
2022-TB-3-MG-NAVI-L,2022,TB,3,MG,NAVI,L,0.03,
2022-TB-1-HG-NOCU-L,2022,TB,1,HG,NOCU,L,REWEIGH,
2022-TB-1-LG-NOCU-L,2022,TB,1,LG,NOCU,L,REWEIGH,
2022-TB-1-MG-NOCU-L,2022,TB,1,MG,NOCU,L,0.0608,
2022-TB-2-HG-NOCU-L,2022,TB,2,HG,NOCU,L,REWEIGH,
2022-TB-2-LG-NOCU-L,2022,TB,2,LG,NOCU,L,REWEIGH,
2022-TB-2-MG-NOCU-L,2022,TB,2,MG,NOCU,L,REWEIGH,
2022-TB-3-HG-NOCU-L,2022,TB,3,HG,NOCU,L,0.0421,
,2022,TB,3,MG,NOCU,L,MISSING,
,2022,TB,3,LG,NOCU,L,MISSING,
2022-TB-1-HG-OESU-L,2022,TB,1,HG,OESU,L,REWEIGH,
2022-TB-1-LG-OESU-L,2022,TB,1,LG,OESU,L,REWEIGH,
2022-TB-1-MG-OESU-L,2022,TB,1,MG,OESU,L,REWEIGH,
2022-TB-2-HG-OESU-L,2022,TB,2,HG,OESU,L,REWEIGH,
2022-TB-2-LG-OESU-L,2022,TB,2,LG,OESU,L,REWEIGH,
2022-TB-2-MG-OESU-L,2022,TB,2,MG,OESU,L,REWEIGH,
2022-TB-1-HG-PASM-L,2022,TB,1,HG,PASM,L,REWEIGH,
2022-TB-1-LG-PASM-L,2022,TB,1,LG,PASM,L,REWEIGH,
2022-TB-1-MG-PASM-L,2022,TB,1,MG,PASM,L,REWEIGH,
2022-TB-2-HG-PASM-L,2022,TB,2,HG,PASM,L,REWEIGH,
2022-TB-2-LG-PASM-L,2022,TB,2,LG,PASM,L,REWEIGH,
2022-TB-2-MG-PASM-L,2022,TB,2,MG,PASM,L,REWEIGH,
2022-TB-3-HG-PASM-L,2022,TB,3,HG,PASM,L,0.0289,
2022-TB-3-LG-PASM-L,2022,TB,3,LG,PASM,L,REWEIGH,
2022-TB-3-MG-PASM-L,2022,TB,3,MG,PASM,L,0.0229,
2022-TB-1-HG-PHHO-L,2022,TB,1,HG,PHHO,L,REWEIGH,
2022-TB-1-LG-PHHO-L,2022,TB,1,LG,PHHO,L,REWEIGH,
2022-TB-1-MG-PHHO-L,2022,TB,1,MG,PHHO,L,<0.0001,
2022-TB-2-HG-PHHO-L,2022,TB,2,HG,PHHO,L,<0.0001,
2022-TB-2-LG-PHHO-L,2022,TB,2,LG,PHHO,L,REWEIGH,
2022-TB-2-MG-PHHO-L,2022,TB,2,MG,PHHO,L,REWEIGH,
2022-TB-3-HG-PHHO-L,2022,TB,3,HG,PHHO,L,<0.0001,
2022-TB-3-LG-PHHO-L,2022,TB,3,LG,PHHO,L,REWEIGH,
2022-TB-3-MG-PHHO-L,2022,TB,3,MG,PHHO,L,<0.0001,
2022-TB-1-HG-PIOP-L,2022,TB,1,HG,PIOP,L,REWEIGH,
2022-TB-1-LG-PIOP-L,2022,TB,1,LG,PIOP,L,REWEIGH,
2022-TB-1-MG-PIOP-L,2022,TB,1,MG,PIOP,L,0.0166,
2022-TB-2-HG-PIOP-L,2022,TB,2,HG,PIOP,L,REWEIGH,
2022-TB-2-LG-PIOP-L,2022,TB,2,LG,PIOP,L,REWEIGH,
2022-TB-2-MG-PIOP-L,2022,TB,2,MG,PIOP,L,REWEIGH,
2022-TB-3-LG-PIOP-L,2022,TB,3,LG,PIOP,L,REWEIGH,
2022-TB-1-HG-PLPA-L,2022,TB,1,HG,PLPA,L,REWEIGH,
2022-TB-1-LG-PLPA-L,2022,TB,1,LG,PLPA,L,REWEIGH,
2022-TB-1-MG-PLPA-L,2022,TB,1,MG,PLPA,L,REWEIGH,
2022-TB-2-HG-PLPA-L,2022,TB,2,HG,PLPA,L,REWEIGH,
2022-TB-2-LG-PLPA-L,2022,TB,2,LG,PLPA,L,REWEIGH,
2022-TB-2-MG-PLPA-L,2022,TB,2,MG,PLPA,L,REWEIGH,
2022-TB-3-HG-PLPA-L,2022,TB,3,HG,PLPA,L,0.0039,
2022-TB-3-LG-PLPA-L,2022,TB,3,LG,PLPA,L,REWEIGH,
2022-TB-3-MG-PLPA-L,2022,TB,3,MG,PLPA,L,0.0006,
2022-TB-1-HG-POSE-L,2022,TB,1,HG,POSE,L,REWEIGH,
2022-TB-1-LG-POSE-L,2022,TB,1,LG,POSE,L,0.0029,
2022-TB-1-MG-POSE-L,2022,TB,1,MG,POSE,L,0.0038,
2022-TB-2-HG-POSE-L,2022,TB,2,HG,POSE,L,REWEIGH,
2022-TB-2-LG-POSE-L,2022,TB,2,LG,POSE,L,REWEIGH,
2022-TB-2-MG-POSE-L,2022,TB,2,MG,POSE,L,REWEIGH,
2022-TB-3-HG-POSE-L,2022,TB,3,HG,POSE,L,0.0017,
2022-TB-3-LG-POSE-L,2022,TB,3,LG,POSE,L,REWEIGH,
2022-TB-3-MG-POSE-L,2022,TB,3,MG,POSE,L,0.0038,
2022-TB-1-HG-PSTE-L,2022,TB,1,HG,PSTE,L,REWEIGH,
2022-TB-1-LG-PSTE-L,2022,TB,1,LG,PSTE,L,REWEIGH,
2022-TB-1-MG-PSTE-L,2022,TB,1,MG,PSTE,L,REWEIGH,
2022-TB-2-HG-PSTE-L,2022,TB,2,HG,PSTE,L,REWEIGH,
2022-TB-2-LG-PSTE-L,2022,TB,2,LG,PSTE,L,REWEIGH,
2022-TB-2-MG-PSTE-L,2022,TB,2,MG,PSTE,L,REWEIGH,
2022-TB-1-HG-SPCO-L,2022,TB,1,HG,SPCO,L,REWEIGH,
2022-TB-1-LG-SPCO-L,2022,TB,1,LG,SPCO,L,REWEIGH,
2022-TB-1-MG-SPCO-L,2022,TB,1,MG,SPCO,L,0.014,
2022-TB-2-HG-SPCO-L,2022,TB,2,HG,SPCO,L,REWEIGH,
2022-TB-2-LG-SPCO-L,2022,TB,2,LG,SPCO,L,REWEIGH,
2022-TB-2-MG-SPCO-L,2022,TB,2,MG,SPCO,L,REWEIGH,
2022-TB-3-HG-SPCO-L,2022,TB,3,HG,SPCO,L,0.0171,
2022-TB-3-LG-SPCO-L,2022,TB,3,LG,SPCO,L,REWEIGH,
2022-TB-3-MG-SPCO-L,2022,TB,3,MG,SPCO,L,0.0111,
02022-TB-1-HG-TAOF-L,02022,TB,1,HG,TAOF,L,REWEIGH,
2022-TB-1-LG-TAOF-L,2022,TB,1,LG,TAOF,L,0.0063,
2022-TB-1-MG-TAOF-L,2022,TB,1,MG,TAOF,L,REWEIGH,
2022-TB-2-HG-TAOF-L,2022,TB,2,HG,TAOF,L,REWEIGH,
2022-TB-2-LG-TAOF-L,2022,TB,2,LG,TAOF,L,REWEIGH,
2022-TB-2-MG-TAOF-L,2022,TB,2,MG,TAOF,L,REWEIGH,
2022-TB-3-HG-TAOF-L,2022,TB,3,HG,TAOF,L,0.0103,
2022-TB-3-LG-TAOF-L,2022,TB,3,LG,TAOF,L,REWEIGH,
2022-TB-3-MG-TAOF-L,2022,TB,3,MG,TAOF,L,0.0131,
2022-TB-1-HG-TEAC-L,2022,TB,1,HG,TEAC,L,REWEIGH,
2022-TB-1-LG-TEAC-L,2022,TB,1,LG,TEAC,L,REWEIGH,
2022-TB-1-MG-TEAC-L,2022,TB,1,MG,TEAC,L,0.0022,
2022-TB-2-HG-TEAC-L,2022,TB,2,HG,TEAC,L,REWEIGH,
022-TB-2-LG-TEAC-L,022,TB,2,LG,TEAC,L,REWEIGH,
2022-TB-2-MG-TEAC-L,2022,TB,2,MG,TEAC,L,REWEIGH,
2022-TB-1-HG-TRDU-L,2022,TB,1,HG,TRDU,L,REWEIGH,
2022-TB-1-LG-TRDU-L,2022,TB,1,LG,TRDU,L,REWEIGH,
2022-TB-1-MG-TRDU-L,2022,TB,1,MG,TRDU,L,0.4185,
2022-TB-2-HG-TRDU-L,2022,TB,2,HG,TRDU,L,REWEIGH,
2022-TB-2-LG-TRDU-L,2022,TB,2,LG,TRDU,L,REWEIGH,
2022-TB-2-MG-TRDU-L,2022,TB,2,MG,TRDU,L,REWEIGH,
2022-TB-3-HG-TRDU-L,2022,TB,3,HG,TRDU,L,0.0345,
2022-TB-3-LG-TRDU-L,2022,TB,3,LG,TRDU,L,REWEIGH,
2022-TB-3-MG-TRDU-L,2022,TB,3,MG,TRDU,L,0.0255,
2022-TB-1-HG-VIAM-L,2022,TB,1,HG,VIAM,L,REWEIGH,
2022-TB-1-LG-VIAM-L,2022,TB,1,LG,VIAM,L,REWEIGH,
2022-TB-1-MG-VIAM-L,2022,TB,1,MG,VIAM,L,0.1808,
2022-TB-2-HG-VIAM-L,2022,TB,2,HG,VIAM,L,REWEIGH,
2022-TB-2-LG-VIAM-L,2022,TB,2,LG,VIAM,L,REWEIGH,
2022-TB-2-MG-VIAM-L,2022,TB,2,MG,VIAM,L,REWEIGH,
2022-TB-3-HG-VIAM-L,2022,TB,3,HG,VIAM,L,0.0188,
2022-TB-3-LG-VIAM-L,2022,TB,3,LG,VIAM,L,REWEIGH,
2022-TB-3-MG-VIAM-L,2022,TB,3,MG,VIAM,L,0.0206,
2022-TB-1-HG-VUOC-L,2022,TB,1,HG,VUOC,L,REWEIGH,
2022-TB-1-LG-VUOC-L,2022,TB,1,LG,VUOC,L,REWEIGH,
2022-TB-1-MG-VUOC-L,2022,TB,1,MG,VUOC,L,0.0004,
2022-TB-2-HG-VUOC-L,2022,TB,2,HG,VUOC,L,REWEIGH,
2022-TB-2-LG-VUOC-L,2022,TB,2,LG,VUOC,L,REWEIGH,
2022-TB-2-MG-VUOC-L,2022,TB,2,MG,VUOC,L,REWEIGH,
2022-TB-3-LG-VUOC-L,2022,TB,3,LG,VUOC,L,REWEIGH,
2022-TB-3-MG-VUOC-L,2022,TB,3,MG,VUOC,L,<0.0001,
,2022,TB,3,HG,VUOC,L,MISSING,