Site,DxG_block,paddock,genus_species,species_code,height_cm,emerging_leaves,developed_leaves,scenesced_leaves,flower_heads,open_flowers,percent_green,Date,Season,people,comments,lifespan,growth_form,photosynthetic_pathway,
TB,1,LG,Alyssum_desetorum,ALDE,7.2,5,12,0,6,0,100,5/24/22,Early,KB_GT_MF_KVL,,annual,forb,C3,
TB,1,MG,Alyssum_desetorum,ALDE,8,7,22,1,5,0,95,5/25/22,Early,KB_GT_MF_KVL,,annual,forb,C3,
TB,1,HG,Alyssum_desetorum,ALDE,9.2,5,7,2,3,0,95,5/25/22,Early,KB_GT_MF_KVL,,annual,forb,C3,
TB,2,LG,Alyssum_desetorum,ALDE,5.7,2,4,2,2,0,99,5/26/22,Early,KB_GT_MF_KVL,8 seed heads,annual,forb,C3,
TB,2,MG,Alyssum_desetorum,ALDE,5.2,0,3,0,0,0,100,5/26/22,Early,KB_GT_MF_KVL,"Plant from B2 water, 4 seed heads",annual,forb,C3,
TB,2,HG,Alyssum_desetorum,ALDE,2.4,0,22,1,4,5,97,5/26/22,Early,KB_GT_MF_KVL,8 seed pods,annual,forb,C3,
TB,3,LG,Alyssum_desetorum,ALDE,7.3,8,10,0,3,1,98,5/26/22,Early,KB_GT_MF_KVL,13 seed heads,annual,forb,C3,
TB,3,MG,Alyssum_desetorum,ALDE,5.7,0,5,0,0,0,99,5/26/22,Early,KB_GT_MF_KVL,8 seed heads,annual,forb,C3,
TB,3,HG,Alyssum_desetorum,ALDE,3.4,6,7,0,3,1,97,5/26/22,Early,KB_GT_MF_KVL,7 seed pods,annual,forb,C3,
FK,1,LG,Alyssum_desetorum,ALDE,13.9,4,7,0,1,0,99,5/30/22,Early,KB_KVL,18 seed heads,annual,forb,C3,
FK,1,MG,Alyssum_desetorum,ALDE,10.7,7,34,1,2,0,,5/30/22,Early,KB_KVL,"9 seed pods, no % green",annual,forb,C3,
FK,1,HG,Alyssum_desetorum,ALDE,8.5,14,10,0,1,0,99,5/30/22,Early,KB_KVL,15 seed heads,annual,forb,C3,
FK,2,LG,Alyssum_desetorum,ALDE,10,9,7,0,1,0,100,5/31/22,Early,KB_KVL,17 seed heads,annual,forb,C3,
FK,2,MG,Alyssum_desetorum,ALDE,12.2,9,11,0,3,0,98,5/31/22,Early,KB_KVL,48 seed pods,annual,forb,C3,
FK,2,HG,Alyssum_desetorum,ALDE,14.9,19,14,0,2,0,100,5/31/22,Early,KB_KVL,45 seed pods,annual,forb,C3,
FK,3,LG,Alyssum_desetorum,ALDE,9.4,0,9,0,1,0,100,5/31/22,Early,KB_KVL,4 seed podsa,annual,forb,C3,
FK,3,MG,Alyssum_desetorum,ALDE,9.7,15,5,0,1,0,100,6/1/22,Early,KB_KVL,17 seed heads,annual,forb,C3,
FK,3,HG,Alyssum_desetorum,ALDE,15.5,0,15,1,2,0,98,6/1/22,Early,KB_KVL,19 seed heads,annual,forb,C3,
TB,1,LG,Allium_textile,ALTE,6.1,0,2,0,0,1,85,5/24/22,Early,KB_GT_MF_KVL,"plant from B2LG - height measures tallest non flowering leave (veg height), no manipulation",annual,forb,C3,
TB,1,MG,Allium_textile,ALTE,11,0,1,0,0,1,95,5/25/22,Early,KB_GT_MF_KVL,Plant from B2 LG,annual,forb,C3,
TB,1,HG,Allium_textile,ALTE,7.8,0,2,0,0,1,95,5/25/22,Early,KB_GT_MF_KVL,plant from B2LG ,annual,forb,C3,
TB,2,LG,Allium_textile,ALTE,9.4,0,2,0,1,0,70,5/26/22,Early,KB_GT_MF_KVL,,annual,forb,C3,
TB,2,MG,Allium_textile,ALTE,8.3,0,1,1,1,0,95,5/26/22,Early,KB_GT_MF_KVL,Plant from B2 Water,annual,forb,C3,
TB,2,HG,Allium_textile,ALTE,6.8,0,1,0,1,0,98,5/26/22,Early,KB_GT_MF_KVL,,annual,forb,C3,
TB,3,LG,Allium_textile,ALTE,7.7,0,1,1,1,0,70,5/26/22,Early,KB_GT_MF_KVL,,annual,forb,C3,
TB,3,MG,Allium_textile,ALTE,4.5,0,1,0,1,0,80,5/26/22,Early,KB_GT_MF_KVL,,annual,forb,C3,
TB,3,HG,Allium_textile,ALTE,6.8,0,2,0,0,1,60,5/26/22,Early,KB_GT_MF_KVL,,annual,forb,C3,
FK,1,LG,Androsace_occidentalis,ANOC,2.6,3,5,4,6,0,90,5/30/22,Early,KB_KVL,,annual,forb,C3,
FK,1,MG,Androsace_occidentalis,ANOC,2,3,3,9,3,0,60,5/30/22,Early,KB_KVL,Plant from B1 water,annual,forb,C3,
FK,1,HG,Androsace_occidentalis,ANOC,3.5,4,5,11,4,0,80,5/30/22,Early,KB_KVL,Plant from B1 water,annual,forb,C3,
FK,2,LG,Androsace_occidentalis,ANOC,2.2,2,11,6,5,0,85,5/31/22,Early,KB_KVL,,annual,forb,C3,
FK,2,MG,Androsace_occidentalis,ANOC,2.5,3,8,8,6,0,60,5/31/22,Early,KB_KVL,,annual,forb,C3,
FK,2,HG,Androsace_occidentalis,ANOC,3.4,11,15,4,11,0,95,5/31/22,Early,KB_KVL,,annual,forb,C3,
FK,3,LG,Androsace_occidentalis,ANOC,2.5,5,4,7,2,0,80,5/31/22,Early,KB_KVL,,annual,forb,C3,
FK,3,MG,Androsace_occidentalis,ANOC,3.7,7,6,7,11,0,70,6/1/22,Early,KB_KVL,,annual,forb,C3,
FK,3,HG,Androsace_occidentalis,ANOC,3.2,3,9,6,4,0,98,6/1/22,Early,KB_KVL,,annual,forb,C3,
TB,1,LG,Antennaria_parvifolia,ANPA,3.5,7,63,3,0,2,85,5/24/22,Early,KB_GT_MF_KVL,,perennial,forb,C3,
TB,1,MG,Antennaria_parvifolia,ANPA,1.9,9,39,1,1,13,95,5/25/22,Early,KB_GT_MF_KVL,,perennial,forb,C3,
TB,1,HG,Antennaria_parvifolia,ANPA,1.8,6,79,0,0,7,90,5/25/22,Early,KB_GT_MF_KVL,,perennial,forb,C3,
TB,2,LG,Antennaria_parvifolia,ANPA,1.4,2,18,0,1,0,95,5/26/22,Early,KB_GT_MF_KVL,,perennial,forb,C3,
TB,2,MG,Antennaria_parvifolia,ANPA,1.8,3,41,0,0,6,97,5/26/22,Early,KB_GT_MF_KVL,Plant from B2 Water,perennial,forb,C3,
TB,2,HG,Antennaria_parvifolia,ANPA,3.8,8,23,6,0,7,95,5/26/22,Early,KB_GT_MF_KVL,,perennial,forb,C3,
TB,3,LG,Antennaria_parvifolia,ANPA,1.4,7,34,5,0,1,90,5/26/22,Early,KB_GT_MF_KVL,,perennial,forb,C3,
TB,3,MG,Antennaria_parvifolia,ANPA,1.1,0,13,0,11,0,98,5/26/22,Early,KB_GT_MF_KVL,,perennial,forb,C3,
TB,3,HG,Antennaria_parvifolia,ANPA,2,2,34,0,0,4,97,5/26/22,Early,KB_GT_MF_KVL,,perennial,forb,C3,
FK,1,LG,Artemisia_cana,ARCA,21.1,12,56,18,0,0,82,7/1/22,Late,GT_MF_JH,,perennial,woody,C3,
FK,1,MG,Artemisia_cana,ARCA,63.2,7,2,2,0,0,89,7/1/22,Late,GT_MF_JH,,perennial,woody,C3,
FK,1,HG,Artemisia_cana,ARCA,39.9,3,15,3,0,0,,7/1/22,Late,GT_MF_JH,,perennial,woody,C3,
FK,2,LG,Artemisia_cana,ARCA,12.8,10,8,2,0,0,71,7/1/22,Late,GT_MF_JH,,perennial,woody,C3,
FK,2,MG,Artemisia_cana,ARCA,14.8,9,22,3,0,0,92,7/1/22,Late,GT_MF_JH,,perennial,woody,C3,
FK,2,HG,Artemisia_cana,ARCA,18.5,16,98,0,0,0,90,7/1/22,Late,GT_MF_JH,,perennial,woody,C3,
FK,3,LG,Artemisia_cana,ARCA,39,9,14,0,0,0,99,7/1/22,Late,GT_MF_JH_AY_KW_JA,Plant from B2MG,perennial,woody,C3,
FK,3,MG,Artemisia_cana,ARCA,15.9,19,37,0,0,0,95,7/1/22,Late,GT_MF_JH_AY_KW_JA,Plant from B2HG,perennial,woody,C3,
FK,3,HG,Artemisia_cana,ARCA,29.1,30,48,8,0,0,85,7/1/22,Late,AY_JA_KW,Plant from B1LG,perennial,woody,C3,
FK,1,LG,Artemisia_dracunculus,ARDR,32,45,27,6,0,0,86,7/1/22,Late,GT_MF_JH,,perennial,woody,C3,
FK,1,MG,Artemisia_dracunculus,ARDR,28.9,62,4,4,0,0,79,7/1/22,Late,GT_MF_JH,,perennial,woody,C3,
FK,1,HG,Artemisia_dracunculus,ARDR,10.6,114,83,6,0,0,74,7/1/22,Late,GT_MF_JH,,perennial,woody,C3,
FK,2,LG,Artemisia_dracunculus,ARDR,28,36,36,7,0,0,79,7/1/22,Late,GT_MF_JH,,perennial,woody,C3,
FK,2,MG,Artemisia_dracunculus,ARDR,16.2,36,20,4,0,0,72,7/1/22,Late,GT_MF_JH,,perennial,woody,C3,
FK,2,HG,Artemisia_dracunculus,ARDR,33.9,71,154,4,0,0,82,7/1/22,Late,GT_MF_JH,,perennial,woody,C3,
FK,3,LG,Artemisia_dracunculus,ARDR,27.9,67,23,3,0,0,75,7/1/22,Late,GT_MF_JH_AY_KW_JA,,perennial,woody,C3,
FK,3,MG,Artemisia_dracunculus,ARDR,23.9,113,24,11,0,0,95,7/1/22,Late,GT_MF_JH_AY_KW_JA,,perennial,woody,C3,
FK,3,HG,Artemisia_dracunculus,ARDR,20.9,189,22,6,0,0,96,7/1/22,Late,AY_JA_KW,,,,,
TB,1,LG,Artemisia_frigida,ARFR,14.8,1,23,23,0,0,85,6/28/22,Late,KB,,perennial,woody,C3,
TB,1,MG,Artemisia_frigida,ARFR,11.2,13,28,0,0,0,99,6/28/22,Late,KB,,perennial,woody,C3,
TB,1,HG,Artemisia_frigida,ARFR,25.5,12,60,3,0,0,95,6/28/22,Late,KB,,perennial,woody,C3,
TB,2,LG,Artemisia_frigida,ARFR,10.8,12,41,4,0,0,95,6/29/22,Late,KB,,perennial,woody,C3,
TB,2,MG,Artemisia_frigida,ARFR,12.9,16,44,1,0,0,95,6/29/22,Late,KB,,perennial,woody,C3,
TB,2,HG,Artemisia_frigida,ARFR,14.1,6,47,0,0,0,98,6/29/22,Late,KB,,perennial,woody,C3,
TB,3,LG,Artemisia_frigida,ARFR,,,,,,,,6/29/22,Late,KB,,perennial,woody,C3,
TB,3,MG,Artemisia_frigida,ARFR,,,,,,,,6/29/22,Late,KB,,perennial,woody,C3,
TB,3,HG,Aartemisia_frigida,ARFR,,,,,,,,6/29/22,Late,KB,,perennial,woody,C3,
FK,1,LG,Artemisia_frigida,ARFR,6.2,8,55,4,0,0,90,7/1/22,Late,GT_MF_JH,,perennial,woody,C3,
FK,1,MG,Artemisia_frigida,ARFR,5.4,17,21,21,0,0,74,7/1/22,Late,GT_MF_JH,,perennial,woody,C3,
FK,1,HG,Artemisia_frigida,ARFR,5.3,6,19,3,0,0,90,7/1/22,Late,GT_MF_JH,,perennial,woody,C3,
FK,2,LG,Artemisia_frigida,ARFR,10.8,12,28,10,0,0,87,7/1/22,Late,GT_MF_JH,,perennial,woody,C3,
FK,2,MG,Artemisia_frigida,ARFR,4.9,14,23,5,0,0,87,7/1/22,Late,GT_MF_JH,,perennial,woody,C3,
FK,2,HG,Artemisia_frigida,ARFR,24.8,14,45,6,0,0,77,7/1/22,Late,GT_MF_JH,,perennial,woody,C3,
FK,3,LG,Artemisia_frigida,ARFR,29.6,6,33,10,0,0,81,7/1/22,Late,GT_MF_JH_AY_KW_JA,,perennial,woody,C3,
FK,3,MG,Artemisia_frigida,ARFR,20.9,14,29,3,0,0,97,7/1/22,Late,GT_MF_JH_AY_KW_JA,,perennial,woody,C3,
FK,3,HG,Artemisia_frigida,ARFR,26,26,37,20,0,0,85,7/1/22,Late,AY_JA_KW,,perennial,woody,C3,
TB,1,LG,Aristida_purpurea,ARPU,11.1,1,4,2,17,0,95,6/28/22,Late,KB,,perennial,graminoid,C4,
TB,1,MG,Aristida_purpurea,ARPU,18.5,0,2,0,11,0,100,6/28/22,Late,KB,,perennial,graminoid,C4,
TB,1,HG,Aristida_purpurea,ARPU,24.1,0,3,0,53,0,99,6/28/22,Late,KB,,perennial,graminoid,C4,
TB,2,LG,Aristida_purpurea,ARPU,21.9,1,4,0,42,0,99,6/29/22,Late,KB,,perennial,graminoid,C4,
TB,2,MG,Aristida_purpurea,ARPU,26.5,2,3,0,22,0,60,6/29/22,Late,KB,,perennial,graminoid,C4,
TB,2,HG,Aristida_purpurea,ARPU,31.6,1,1,0,18,0,100,6/29/22,Late,KB,Plant from B2 water,perennial,graminoid,C4,
TB,3,LG,Aristida_purpurea,ARPU,,,,,,,,6/29/22,Late,KB,,perennial,graminoid,C4,
TB,3,MG,Aristida_purpurea,ARPU,,,,,,,,6/29/22,Late,KB,,perennial,graminoid,C4,
TB,3,HG,Aristida_purpurea,ARPU,,,,,,,,6/29/22,Late,KB,,perennial,graminoid,C4,
FK,1,LG,Aristida_purpurea,ARPU,14.9,1,2,2,20,0,94,7/1/22,Late,GT_MF_JH,,perennial,graminoid,C4,
FK,1,MG,Aristida_purpurea,ARPU,15.5,0,1,1,66,0,98,7/1/22,Late,GT_MF_JH,,perennial,graminoid,C4,
FK,1,HG,Aristida_purpurea,ARPU,17.8,1,3,1,94,0,96,7/1/22,Late,GT_MF_JH,,perennial,graminoid,C4,
FK,2,LG,Aristida_purpurea,ARPU,12.7,0,1,0,32,0,99,7/1/22,Late,GT_MF_JH,,perennial,graminoid,C4,
FK,2,MG,Aristida_purpurea,ARPU,21.8,0,1,1,43,0,97,7/1/22,Late,GT_MF_JH,,perennial,graminoid,C4,
FK,2,HG,Aristida_purpurea,ARPU,27.4,0,2,0,41,0,99,7/1/22,Late,GT_MF_JH,,perennial,graminoid,C4,
FK,3,LG,Aristida_purpurea,ARPU,29.5,1,2,0,32,0,99,7/1/22,Late,GT_MF_JH_AY_KW_JA,Plant from B1water,perennial,graminoid,C4,
FK,3,MG,Aristida_purpurea,ARPU,19.7,0,2,1,20,0,98,7/1/22,Late,GT_MF_JH_AY_KW_JA,Plant from B2MG,perennial,graminoid,C4,
FK,3,HG,Aristida_purpurea,ARPU,22.6,0,1,1,44,0,95,7/1/22,Late,AY_JA_KW,Plant from B2HG,perennial,graminoid,C4,
TB,1,LG,Artemisia_tridentata,ARTR,29.9,12,15,2,0,0,90,6/28/22,Late,KB,just took one small branch for everything except height,perennial,woody,C3,
TB,1,MG,Artemisia_tridentata,ARTR,29,12,29,0,0,0,98,6/28/22,Late,KB,,perennial,woody,C3,
TB,1,HG,Artemisia_tridentata,ARTR,27.8,5,21,0,0,0,100,6/28/22,Late,KB,,perennial,woody,C3,
TB,2,LG,Artemisia_tridentata,ARTR,37.6,9,18,0,1,0,85,6/29/22,Late,KB,,perennial,woody,C3,
TB,2,MG,Artemisia_tridentata,ARTR,21.6,5,10,0,0,0,98,6/29/22,Late,KB,,perennial,woody,C3,
TB,2,HG,Artemisia_tridentata,ARTR,22.3,12,16,0,0,0,100,6/29/22,Late,KB,,perennial,woody,C3,
TB,3,LG,Artemisia_tridentata,ARTR,11,10,7,0,0,0,98,6/29/22,Late,KB,,perennial,woody,C3,
TB,3,MG,Artemisia_tridentata,ARTR,15,9,6,0,0,0,90,6/29/22,Late,KB,,perennial,woody,C3,
TB,3,HG,Artemisia_tridentata,ARTR,12.5,10,10,0,0,0,90,6/29/22,Late,KB,,perennial,woody,C3,
FK,1,LG,Artemisia_tridentata,ARTR,,,,,,,,7/1/22,Late,GT_MF_JH,,perennial,woody,C3,
FK,1,MG,Artemisia_tridentata,ARTR,,,,,,,,7/1/22,Late,GT_MF_JH,,perennial,woody,C3,
FK,1,HG,Artemisia_tridentata,ARTR,,,,,,,,7/1/22,Late,GT_MF_JH,,perennial,woody,C3,
FK,2,LG,Artemisia_tridentata,ARTR,,,,,,,,7/1/22,Late,GT_MF_JH,,perennial,woody,C3,
FK,2,MG,Artemisia_tridentata,ARTR,,,,,,,,7/1/22,Late,GT_MF_JH,,perennial,woody,C3,
FK,2,HG,Artemisia_tridentata,ARTR,,,,,,,,7/1/22,Late,GT_MF_JH,,perennial,woody,C3,
FK,3,LG,Artemisia_tridentata,ARTR,,,,,,,,7/1/22,Late,GT_MF_JH_AY_KW_JA,,perennial,woody,C3,
FK,3,MG,Artemisia_tridentata,ARTR,,,,,,,,7/1/22,Late,GT_MF_JH_AY_KW_JA,,perennial,woody,C3,
FK,3,HG,Artemisia_tridentata,ARTR,,,,,,,,7/1/22,Late,AY_JA_KW,,perennial,woody,C3,
TB,1,LG,Astragalus_bisulcatus,ASBI,17.4,1,7,0,30,0,97,5/24/22,Early,KB_GT_MF_KVL,Plant from B3HG,perennial,woody,C3,
TB,1,MG,Astragalus_bisulcatus,ASBI,18.1,4,8,0,28,0,97,5/25/22,Early,KB_GT_MF_KVL,Plant from B3 HG,perennial,woody,C3,
TB,1,HG,Astragalus_bisulcatus,ASBI,13,2,6,1,27,0,96,5/25/22,Early,KB_GT_MF_KVL,,perennial,woody,C3,
TB,2,LG,Astragalus_bisulcatus,ASBI,12.1,1,8,1,12,0,90,5/26/22,Early,KB_GT_MF_KVL,,perennial,woody,C3,
TB,2,MG,Astragalus_bisulcatus,ASBI,11.2,1,6,0,9,0,97,5/26/22,Early,KB_GT_MF_KVL,Plant from B2 Water,perennial,woody,C3,
TB,2,HG,Astragalus_bisulcatus,ASBI,10.6,1,5,1,10,0,97,5/26/22,Early,KB_GT_MF_KVL,Plant from B3HG,perennial,woody,C3,
TB,3,LG,Astragalus_bisulcatus,ASBI,11.4,1,8,0,9,0,98,5/26/22,Early,KB_GT_MF_KVL,Plant from B3HG,perennial,woody,C3,
TB,3,MG,Astragalus_bisulcatus,ASBI,18.6,2,8,0,16,8,99,5/26/22,Early,KB_GT_MF_KVL,Plant from B3 HG,perennial,woody,C3,
TB,3,HG,Astragalus_bisulcatus,ASBI,15.1,2,9,0,14,0,98,5/26/22,Early,KB_GT_MF_KVL,,perennial,woody,C3,
FK,1,LG,Astragalus_gracilis,ASGR,14.6,4,10,0,4,0,99,5/30/22,Early,KB_KVL,,perennial,woody,C3,
FK,1,MG,Astragalus_gracilis,ASGR,10.1,3,9,0,3,0,99,5/30/22,Early,KB_KVL,,perennial,woody,C3,
FK,1,HG,Astragalus_gracilis,ASGR,7.8,2,7,0,0,0,98,5/30/22,Early,KB_KVL,,perennial,woody,C3,
FK,2,LG,Astragalus_gracilis,ASGR,9.4,5,5,0,4,0,99,5/31/22,Early,KB_KVL,,perennial,woody,C3,
FK,2,MG,Astragalus_gracilis,ASGR,10.1,3,6,0,2,0,100,5/31/22,Early,KB_KVL,,perennial,woody,C3,
FK,2,HG,Astragalus_gracilis,ASGR,9.2,5,14,0,6,0,99,5/31/22,Early,KB_KVL,,perennial,woody,C3,
FK,3,LG,Astragalus_gracilis,ASGR,10.3,3,6,0,2,0,100,5/31/22,Early,KB_KVL,,perennial,woody,C3,
FK,3,MG,Astragalus_gracilis,ASGR,12.4,1,6,0,2,0,98,6/1/22,Early,KB_KVL,,perennial,woody,C3,
FK,3,HG,Astragalus_gracilis,ASGR,14.1,6,4,0,2,0,98,6/1/22,Early,KB_KVL,Plant from B1 water,perennial,woody,C3,
FK,1,LG,Astragalus_purshii,ASPU,7.6,2,2,0,1,0,90,5/30/22,Early,KB_KVL,,perennial,woody,C3,
FK,1,MG,Astragalus_purshii,ASPU,14.7,3,6,1,1,1,95,5/30/22,Early,KB_KVL,,perennial,woody,C3,
FK,1,HG,Astragalus_purshii,ASPU,6.1,5,19,1,4,6,95,5/30/22,Early,KB_KVL,,perennial,woody,C3,
FK,2,LG,Astragalus_purshii,ASPU,4.8,1,6,1,3,0,97,5/31/22,Early,KB_KVL,,perennial,woody,C3,
FK,2,MG,Astragalus_purshii,ASPU,5.1,4,8,0,0,4,92,5/31/22,Early,KB_KVL,,perennial,woody,C3,
FK,2,HG,Astragalus_purshii,ASPU,5.4,2,4,0,1,0,85,5/31/22,Early,KB_KVL,,perennial,woody,C3,
FK,3,LG,Astragalus_purshii,ASPU,5.1,1,4,0,1,0,100,5/31/22,Early,KB_KVL,,perennial,woody,C3,
FK,3,MG,Astragalus_purshii,ASPU,4.8,2,8,0,4,0,95,6/1/22,Early,KB_KVL,2 dead flower heads,perennial,woody,C3,
FK,3,HG,Astragalus_purshii,ASPU,5.6,2,11,0,1,3,98,6/1/22,Early,KB_KVL,Plant from B3 water,perennial,woody,C3,
FK,1,LG,Asclepias_stenophylla,ASST,,,,,,,,5/30/22,Early,KB_KVL,,,,,
FK,1,MG,Asclepias_stenophylla,ASST,,,,,,,,5/30/22,Early,KB_KVL,,,,,
FK,1,HG,Asclepias_stenophylla,ASST,,,,,,,,5/30/22,Early,KB_KVL,,,,,
FK,2,LG,Asclepias_stenophylla,ASST,,,,,,,,5/31/22,Early,KB_KVL,,,,,
FK,2,MG,Asclepias_stenophylla,ASST,,,,,,,,5/31/22,Early,KB_KVL,,,,,
FK,2,HG,Asclepias_stenophylla,ASST,,,,,,,,5/31/22,Early,KB_KVL,,,,,
FK,3,LG,Asclepias_stenophylla,ASST,,,,,,,,5/31/22,Early,KB_KVL,,,,,
FK,3,MG,Asclepias_stenophylla,ASST,,,,,,,,6/1/22,Early,KB_KVL,,,,,
FK,3,HG,Asclepias_stenophylla,ASST,,,,,,,,6/1/22,Early,KB_KVL,,,,,
FK,1,LG,Bouteloua_dactyloides,BODA,12.9,1,0,0,0,0,98,7/1/22,Late,GT_MF_JH,Plant from B2HG,perennial,graminoid,C4,
FK,1,MG,Bouteloua_dactyloides,BODA,8.7,1,0,0,6,7,99,7/1/22,Late,GT_MF_JH,Plant from B2HG,perennial,graminoid,C4,
FK,1,HG,Bouteloua_dactyloides,BODA,4.8,1,3,0,1,2,97,7/1/22,Late,GT_MF_JH,Plant from B2HG,perennial,graminoid,C4,
FK,2,LG,Bouteloua_dactyloides,BODA,8.1,1,3,0,16,6,99,7/1/22,Late,GT_MF_JH,taken from B2HG,perennial,graminoid,C4,
FK,2,MG,Bouteloua_dactyloides,BODA,9.4,1,4,0,2,6,96,7/1/22,Late,GT_MF_JH,Taken from B2HG,perennial,graminoid,C4,
FK,2,HG,Bouteloua_dactyloides,BODA,6.9,2,3,0,1,16,99,7/1/22,Late,GT_MF_JH,,perennial,graminoid,C4,
FK,3,LG,Bouteloua_dactyloides,BODA,7.5,1,4,0,13,7,98,7/1/22,Late,GT_MF_JH_AY_KW_JA,Plant from B2HG,perennial,graminoid,C4,
FK,3,MG,Bouteloua_dactyloides,BODA,8.7,1,3,0,4,2,97,7/1/22,Late,GT_MF_JH_AY_KW_JA,Plant from B2HG,perennial,graminoid,C4,
FK,3,HG,Bouteloua_dactyloides,BODA,11,1,4,0,32,5,97,7/1/22,Late,AY_JA_KW,Plant from B2HG,perennial,graminoid,C4,
TB,1,LG,Bouteloua_gracilis,BOGR,3.2,1,4,0,0,0,95,6/28/22,Late,KB,,perennial,graminoid,C4,
TB,1,MG,Bouteloua_gracilis,BOGR,8.1,1,4,0,0,0,98,6/28/22,Late,KB,,perennial,graminoid,C4,
TB,1,HG,Bouteloua_gracilis,BOGR,9.2,1,4,0,0,0,97,6/28/22,Late,KB,,perennial,graminoid,C4,
TB,2,LG,Bouteloua_gracilis,BOGR,5.1,1,2,0,0,0,90,6/29/22,Late,KB,,perennial,graminoid,C4,
TB,2,MG,Bouteloua_gracilis,BOGR,8.6,1,4,0,7,0,97,6/29/22,Late,KB,,perennial,graminoid,C4,
TB,2,HG,Bouteloua_gracilis,BOGR,5.5,1,2,0,0,0,99,6/29/22,Late,KB,,perennial,graminoid,C4,
TB,3,LG,Bouteloua_gracilis,BOGR,4.1,1,3,0,0,0,97,6/29/22,Late,KB,,perennial,graminoid,C4,
TB,3,MG,Bouteloua_gracilis,BOGR,10.1,1,3,0,0,0,80,6/29/22,Late,KB,,perennial,graminoid,C4,
TB,3,HG,Bouteloua_gracilis,BOGR,9.3,1,2,1,0,0,75,6/29/22,Late,KB,from B3 water,perennial,graminoid,C4,
FK,1,LG,Bouteloua_gracilis,BOGR,7.4,2,1,1,0,0,95,7/1/22,Late,GT_MF_JH,,perennial,graminoid,C4,
FK,1,MG,Bouteloua_gracilis,BOGR,5.2,1,0,0,0,0,95,7/1/22,Late,GT_MF_JH,,perennial,graminoid,C4,
FK,1,HG,Bouteloua_gracilis,BOGR,5.1,1,2,0,0,0,96,7/1/22,Late,GT_MF_JH,,perennial,graminoid,C4,
FK,2,LG,Bouteloua_gracilis,BOGR,4.3,2,2,0,0,0,96,7/1/22,Late,GT_MF_JH,,perennial,graminoid,C4,
FK,2,MG,Bouteloua_gracilis,BOGR,1.4,2,4,0,0,0,90,7/1/22,Late,GT_MF_JH,,perennial,graminoid,C4,
FK,2,HG,Bouteloua_gracilis,BOGR,6.2,1,3,1,0,0,98,7/1/22,Late,GT_MF_JH,,perennial,graminoid,C4,
FK,3,LG,Bouteloua_gracilis,BOGR,7.5,1,3,1,0,0,88,7/1/22,Late,GT_MF_JH_AY_KW_JA,,perennial,graminoid,C4,
FK,3,MG,Bouteloua_gracilis,BOGR,4.1,1,1,3,0,0,75,7/1/22,Late,GT_MF_JH_AY_KW_JA,,perennial,graminoid,C4,
FK,3,HG,Bouteloua_gracilis,BOGR,13.7,1,3,1,1,0,96,7/1/22,Late,AY_JA_KW,,perennial,graminoid,C4,
TB,1,LG,Bromus_arvensis,BRAR,9.6,1,3,1,1,0,95,5/24/22,Early,KB_GT_MF_KVL,Plant from B3HG (all brar),annual,graminoid,C3,
TB,1,MG,Bromus_arvensis,BRAR,5.8,1,3,0,1,0,100,5/25/22,Early,KB_GT_MF_KVL,,annual,graminoid,C3,
TB,1,HG,Bromus_arvensis,BRAR,9.3,1,7,2,1,0,90,5/25/22,Early,KB_GT_MF_KVL,,annual,graminoid,C3,
TB,2,LG,Bromus_arvensis,BRAR,10.6,1,3,1,1,0,98,5/26/22,Early,KB_GT_MF_KVL,,annual,graminoid,C3,
TB,2,MG,Bromus_arvensis,BRAR,10.6,1,3,1,1,0,95,5/26/22,Early,KB_GT_MF_KVL,Plant from B2 Water,annual,graminoid,C3,
TB,2,HG,Bromus_arvensis,BRAR,5.2,1,3,0,1,0,90,5/26/22,Early,KB_GT_MF_KVL,,annual,graminoid,C3,
TB,3,LG,Bromus_arvensis,BRAR,7,1,3,4,0,0,85,5/26/22,Early,KB_GT_MF_KVL,,annual,graminoid,C3,
TB,3,MG,Bromus_arvensis,BRAR,6.5,0,3,3,0,0,90,5/26/22,Early,KB_GT_MF_KVL,,annual,graminoid,C3,
TB,3,HG,Bromus_arvensis,BRAR,7.9,1,3,4,1,0,85,5/26/22,Early,KB_GT_MF_KVL,,annual,graminoid,C3,
FK,1,LG,Bromus_arvensis,BRAR,8.5,0,3,3,1,0,70,5/30/22,Early,KB_KVL,,annual,graminoid,C3,
FK,1,MG,Bromus_arvensis,BRAR,7,0,4,1,1,0,95,5/30/22,Early,KB_KVL,,annual,graminoid,C3,
FK,1,HG,Bromus_arvensis,BRAR,8.1,1,5,0,1,0,80,5/30/22,Early,KB_KVL,,annual,graminoid,C3,
FK,2,LG,Bromus_arvensis,BRAR,8.8,0,4,1,1,0,95,5/31/22,Early,KB_KVL,,annual,graminoid,C3,
FK,2,MG,Bromus_arvensis,BRAR,12.4,0,5,1,1,0,95,5/31/22,Early,KB_KVL,,annual,graminoid,C3,
FK,2,HG,Bromus_arvensis,BRAR,6.3,1,2,2,1,0,90,5/31/22,Early,KB_KVL,,annual,graminoid,C3,
FK,3,LG,Bromus_arvensis,BRAR,11.4,0,7,1,1,0,90,5/31/22,Early,KB_KVL,,annual,graminoid,C3,
FK,3,MG,Bromus_arvensis,BRAR,8.1,0,4,0,1,0,98,6/1/22,Early,KB_KVL,,annual,graminoid,C3,
FK,3,HG,Bromus_arvensis,BRAR,6.7,0,3,1,1,0,95,6/1/22,Early,KB_KVL,,annual,graminoid,C3,
TB,1,LG,Bromus_tectorum,BRTE,14.2,1,4,0,0,0,100,5/24/22,Early,KB_GT_MF_KVL,,annual,graminoid,C3,
TB,1,MG,Bromus_tectorum,BRTE,18.9,1,5,0,0,0,95,5/25/22,Early,KB_GT_MF_KVL,,annual,graminoid,C3,
TB,1,HG,Bromus_tectorum,BRTE,16.4,0,4,1,1,0,95,5/25/22,Early,KB_GT_MF_KVL,,annual,graminoid,C3,
TB,2,LG,Bromus_tectorum,BRTE,8.7,1,4,0,3,0,85,5/26/22,Early,KB_GT_MF_KVL,,annual,graminoid,C3,
TB,2,MG,Bromus_tectorum,BRTE,10.6,0,4,3,1,0,90,5/26/22,Early,KB_GT_MF_KVL,Plant from B2 Water,annual,graminoid,C3,
TB,2,HG,Bromus_tectorum,BRTE,19.1,0,3,2,1,0,70,5/26/22,Early,KB_GT_MF_KVL,,annual,graminoid,C3,
TB,3,LG,Bromus_tectorum,BRTE,7.6,2,6,0,0,0,97,5/26/22,Early,KB_GT_MF_KVL,,annual,graminoid,C3,
TB,3,MG,Bromus_tectorum,BRTE,11.2,0,6,3,1,0,95,5/26/22,Early,KB_GT_MF_KVL,,annual,graminoid,C3,
TB,3,HG,Bromus_tectorum,BRTE,7.1,0,5,1,1,0,97,5/26/22,Early,KB_GT_MF_KVL,,annual,graminoid,C3,
FK,1,LG,Bromus_tectorum,BRTE,29,0,3,2,1,0,95,5/30/22,Early,KB_KVL,,annual,graminoid,C3,
FK,1,MG,Bromus_tectorum,BRTE,13.3,0,3,8,1,0,90,5/30/22,Early,KB_KVL,,annual,graminoid,C3,
FK,1,HG,Bromus_tectorum,BRTE,16.7,0,2,4,1,0,95,5/30/22,Early,KB_KVL,,annual,graminoid,C3,
FK,2,LG,Bromus_tectorum,BRTE,11.6,1,2,0,3,0,80,5/31/22,Early,KB_KVL,,annual,graminoid,C3,
FK,2,MG,Bromus_tectorum,BRTE,15.3,0,4,4,1,0,80,5/31/22,Early,KB_KVL,,annual,graminoid,C3,
FK,2,HG,Bromus_tectorum,BRTE,9.6,0,2,2,1,0,90,5/31/22,Early,KB_KVL,,annual,graminoid,C3,
FK,3,LG,Bromus_tectorum,BRTE,11.9,0,3,8,1,0,75,5/31/22,Early,KB_KVL,,annual,graminoid,C3,
FK,3,MG,Bromus_tectorum,BRTE,13.2,0,4,1,1,0,90,6/1/22,Early,KB_KVL,,annual,graminoid,C3,
FK,3,HG,Bromus_tectorum,BRTE,9.5,0,4,2,1,0,98,6/1/22,Early,KB_KVL,,annual,graminoid,C3,
TB,1,LG,Carex_duriuscula,CADU,8.9,1,2,0,0,1,98,5/24/22,Early,KB_GT_MF_KVL,,perennial,graminoid,C3,
TB,1,MG,Carex_duriuscula,CADU,4.8,1,4,0,0,1,95,5/25/22,Early,KB_GT_MF_KVL,,perennial,graminoid,C3,
TB,1,HG,Carex_duriuscula,CADU,6,1,2,0,0,3,98,5/25/22,Early,KB_GT_MF_KVL,,perennial,graminoid,C3,
TB,2,LG,Carex_duriuscula,CADU,8.3,1,2,0,1,0,60,5/26/22,Early,KB_GT_MF_KVL,,perennial,graminoid,C3,
TB,2,MG,Carex_duriuscula,CADU,4.6,0,2,0,1,0,95,5/26/22,Early,KB_GT_MF_KVL,Plant from B2 Water,perennial,graminoid,C3,
TB,2,HG,Carex_duriuscula,CADU,6.3,0,1,0,0,1,97,5/26/22,Early,KB_GT_MF_KVL,,perennial,graminoid,C3,
TB,3,LG,Carex_duriuscula,CADU,7.6,2,3,0,1,0,90,5/26/22,Early,KB_GT_MF_KVL,,perennial,graminoid,C3,
TB,3,MG,Carex_duriuscula,CADU,,,,,,,,5/26/22,Early,KB_GT_MF_KVL,,perennial,graminoid,C3,
TB,3,HG,Carex_duriuscula,CADU,,,,,,,,5/26/22,Early,KB_GT_MF_KVL,,perennial,graminoid,C3,
FK,1,LG,Carex_duriuscula,CADU,5.9,0,1,1,1,0,75,5/30/22,Early,KB_KVL,,perennial,graminoid,C3,
FK,1,MG,Carex_duriuscula,CADU,9.8,2,3,1,1,0,65,5/30/22,Early,KB_KVL,,perennial,graminoid,C3,
FK,1,HG,Carex_duriuscula,CADU,4,0,2,1,1,0,90,5/30/22,Early,KB_KVL,Plant from B1 water,perennial,graminoid,C3,
FK,2,LG,Carex_duriuscula,CADU,5.1,0,2,0,1,0,75,5/31/22,Early,KB_KVL,Plant from B1 water,perennial,graminoid,C3,
FK,2,MG,Carex_duriuscula,CADU,1.3,0,1,1,1,0,80,5/31/22,Early,KB_KVL,,perennial,graminoid,C3,
FK,2,HG,Carex_duriuscula,CADU,10.3,1,4,0,1,0,80,5/31/22,Early,KB_KVL,Plant from B3 water,perennial,graminoid,C3,
FK,3,LG,Carex_duriuscula,CADU,9.7,0,1,3,1,0,80,5/31/22,Early,KB_KVL,,perennial,graminoid,C3,
FK,3,MG,Carex_duriuscula,CADU,2.2,0,1,4,0,1,60,6/1/22,Early,KB_KVL,,perennial,graminoid,C3,
FK,3,HG,Carex_duriuscula,CADU,4.8,0,4,1,1,0,75,6/1/22,Early,KB_KVL,Plant from B3 water,perennial,graminoid,C3,
TB,1,LG,Carex_filifolia,CAFI,12.6,1,3,0,0,16,80,5/24/22,Early,KB_GT_MF_KVL,,perennial,graminoid,C3,
TB,1,MG,Carex_filifolia,CAFI,10.2,3,2,0,0,1,75,5/25/22,Early,KB_GT_MF_KVL,,perennial,graminoid,C3,
TB,1,HG,Carex_filifolia,CAFI,7.9,1,3,0,0,0,70,5/25/22,Early,KB_GT_MF_KVL,,perennial,graminoid,C3,
TB,2,LG,Carex_filifolia,CAFI,10.8,1,4,0,0,0,80,5/26/22,Early,KB_GT_MF_KVL,,perennial,graminoid,C3,
TB,2,MG,Carex_filifolia,CAFI,13.9,1,3,0,0,0,85,5/26/22,Early,KB_GT_MF_KVL,Plant from B2 Water,perennial,graminoid,C3,
TB,2,HG,Carex_filifolia,CAFI,9.2,1,3,0,0,0,80,5/26/22,Early,KB_GT_MF_KVL,,perennial,graminoid,C3,
TB,3,LG,Carex_filifolia,CAFI,5.7,0,2,1,1,0,65,5/26/22,Early,KB_GT_MF_KVL,,perennial,graminoid,C3,
TB,3,MG,Carex_filifolia,CAFI,8.9,1,4,0,1,0,90,5/26/22,Early,KB_GT_MF_KVL,,perennial,graminoid,C3,
TB,3,HG,Carex_filifolia,CAFI,10.2,0,2,0,1,0,60,5/26/22,Early,KB_GT_MF_KVL,,perennial,graminoid,C3,
FK,1,LG,Carex_filifolia,CAFI,16.8,2,2,1,1,0,90,5/30/22,Early,KB_KVL,,perennial,graminoid,C3,
FK,1,MG,Carex_filifolia,CAFI,15.2,1,4,0,1,0,100,5/30/22,Early,KB_KVL,,perennial,graminoid,C3,
FK,1,HG,Carex_filifolia,CAFI,8.6,1,3,0,1,0,85,5/30/22,Early,KB_KVL,,perennial,graminoid,C3,
FK,2,LG,Carex_filifolia,CAFI,9.1,4,4,0,2,0,90,5/31/22,Early,KB_KVL,,perennial,graminoid,C3,
FK,2,MG,Carex_filifolia,CAFI,16.5,1,3,0,3,0,85,5/31/22,Early,KB_KVL,,perennial,graminoid,C3,
FK,2,HG,Carex_filifolia,CAFI,17.8,1,4,0,10,0,97,5/31/22,Early,KB_KVL,,perennial,graminoid,C3,
FK,3,LG,Carex_filifolia,CAFI,11.9,1,2,1,4,0,75,5/31/22,Early,KB_KVL,,perennial,graminoid,C3,
FK,3,MG,Carex_filifolia,CAFI,18.9,1,3,0,0,0,75,6/1/22,Early,KB_KVL,,perennial,graminoid,C3,
FK,3,HG,Carex_filifolia,CAFI,12,1,3,1,0,0,60,6/1/22,Early,KB_KVL,,perennial,graminoid,C3,
TB,1,LG,Cirsium_undulatum,CIUN,10.4,4,16,0,2,0,90,5/24/22,Early,KB_GT_MF_KVL,,perennial,forb,C3,
TB,1,MG,Cirsium_undulatum,CIUN,7.2,1,4,1,0,0,80,5/25/22,Early,KB_GT_MF_KVL,,perennial,forb,C3,
TB,1,HG,Cirsium_undulatum,CIUN,10.1,2,17,1,0,0,95,5/25/22,Early,KB_GT_MF_KVL,plant from B1LG,perennial,forb,C3,
TB,2,LG,Cirsium_undulatum,CIUN,4.6,2,8,0,0,0,85,5/26/22,Early,KB_GT_MF_KVL,,perennial,forb,C3,
TB,2,MG,Cirsium_undulatum,CIUN,,,,,,,,5/26/22,Early,KB_GT_MF_KVL,Plant from B2 Water,perennial,forb,C3,
TB,2,HG,Cirsium_undulatum,CIUN,,,,,,,,5/26/22,Early,KB_GT_MF_KVL,,perennial,forb,C3,
TB,3,LG,Cirsium_undulatum,CIUN,9.6,7,13,0,1,0,99,5/26/22,Early,KB_GT_MF_KVL,,perennial,forb,C3,
TB,3,MG,Cirsium_undulatum,CIUN,11.5,3,5,0,0,0,98,5/26/22,Early,KB_GT_MF_KVL,,perennial,forb,C3,
TB,3,HG,Cirsium_undulatum,CIUN,9.8,4,11,0,0,0,85,5/26/22,Early,KB_GT_MF_KVL,,perennial,forb,C3,
FK,1,LG,Conyza_canadensis,COCA,21,114,32,0,1,0,95,5/30/22,Early,KB_KVL,,biennial,forb,C3,
FK,1,MG,Conyza_canadensis,COCA,19.3,106,36,0,1,0,95,5/30/22,Early,KB_KVL,,biennial,forb,C3,
FK,1,HG,Conyza_canadensis,COCA,18.6,99,28,6,1,0,97,5/30/22,Early,KB_KVL,,biennial,forb,C3,
FK,2,LG,Conyza_canadensis,COCA,15.4,29,24,3,4,0,97,5/31/22,Early,KB_KVL,,biennial,forb,C3,
FK,2,MG,Conyza_canadensis,COCA,23.7,166,33,3,1,0,95,5/31/22,Early,KB_KVL,,biennial,forb,C3,
FK,2,HG,Conyza_canadensis,COCA,18.1,81,26,0,1,0,95,5/31/22,Early,KB_KVL,,biennial,forb,C3,
FK,3,LG,Conyza_canadensis,COCA,15,84,27,0,1,0,98,5/31/22,Early,KB_KVL,,biennial,forb,C3,
FK,3,MG,Conyza_canadensis,COCA,22.6,151,32,2,1,0,97,6/1/22,Early,KB_KVL,,biennial,forb,C3,
FK,3,HG,Conyza_canadensis,COCA,13.2,102,33,0,1,0,97,6/1/22,Early,KB_KVL,,biennial,forb,C3,
TB,1,LG,Collomia_linearis,COLI,4.9,7,18,0,0,0,98,5/24/22,Early,KB_GT_MF_KVL,,annual,forb,C3,
TB,1,MG,Collomia_linearis,COLI,4.2,5,19,0,0,0,100,5/25/22,Early,KB_GT_MF_KVL,,annual,forb,C3,
TB,1,HG,Collomia_linearis,COLI,3.4,17,20,0,3,0,90,5/25/22,Early,KB_GT_MF_KVL,,annual,forb,C3,
TB,2,LG,Collomia_linearis,COLI,4.3,10,18,0,1,0,100,5/26/22,Early,KB_GT_MF_KVL,Plant from B1LG,annual,forb,C3,
TB,2,MG,Collomia_linearis,COLI,7.7,13,13,0,0,0,80,5/26/22,Early,KB_GT_MF_KVL,Plant from B2 Water,annual,forb,C3,
TB,2,HG,Collomia_linearis,COLI,3.3,2,14,0,1,0,100,5/26/22,Early,KB_GT_MF_KVL,,annual,forb,C3,
TB,3,LG,Collomia_linearis,COLI,8.7,8,6,0,1,0,85,5/26/22,Early,KB_GT_MF_KVL,,annual,forb,C3,
TB,3,MG,Collomia_linearis,COLI,,,,,,,,5/26/22,Early,KB_GT_MF_KVL,,annual,forb,C3,
TB,3,HG,Collomia_linearis,COLI,,,,,,,,5/26/22,Early,KB_GT_MF_KVL,,annual,forb,C3,
TB,1,LG,Descurainia_pinnata,DEPI,5.5,0,8,0,2,3,97,5/24/22,Early,KB_GT_MF_KVL,"5 seed pods, plant from B3 water",perennial,forb,C3,
TB,1,MG,Descurainia_pinnata,DEPI,4.7,2,6,0,3,3,98,5/25/22,Early,KB_GT_MF_KVL,Plan t from B3 HG - 2 seed pods,perennial,forb,C3,
TB,1,HG,Descurainia_pinnata,DEPI,5.8,0,9,0,0,0,100,5/25/22,Early,KB_GT_MF_KVL,not sure ID is correct (check photo),perennial,forb,C3,
TB,2,LG,Descurainia_pinnata,DEPI,2.1,1,4,0,1,1,99,5/26/22,Early,KB_GT_MF_KVL,"2 seed heads, plant from B3HG",perennial,forb,C3,
TB,2,MG,Descurainia_pinnata,DEPI,12.7,0,8,1,26,12,97,5/26/22,Early,KB_GT_MF_KVL,"Plant from B3LG, 20 seed pods",perennial,forb,C3,
TB,2,HG,Descurainia_pinnata,DEPI,2.2,1,5,0,1,1,100,5/26/22,Early,KB_GT_MF_KVL,Plant from B3HG,perennial,forb,C3,
TB,3,LG,Descurainia_pinnata,DEPI,8.4,1,6,0,7,3,97,5/26/22,Early,KB_GT_MF_KVL,6 seed pods,perennial,forb,C3,
TB,3,MG,Descurainia_pinnata,DEPI,4.4,1,7,0,7,2,98,5/26/22,Early,KB_GT_MF_KVL,8 seed pods,perennial,forb,C3,
TB,3,HG,Descurainia_pinnata,DEPI,6.3,2,7,0,5,4,95,5/26/22,Early,KB_GT_MF_KVL,3 seed pods,perennial,forb,C3,
TB,1,LG,Draba_reptans,DRRE,0.9,3,7,0,0,1,100,5/24/22,Early,KB_GT_MF_KVL,,annual,forb,C3,
TB,1,MG,Draba_reptans,DRRE,2.6,4,6,0,4,0,97,5/25/22,Early,KB_GT_MF_KVL,,annual,forb,C3,
TB,1,HG,Draba_reptans,DRRE,3.4,0,6,0,0,2,100,5/25/22,Early,KB_GT_MF_KVL,,annual,forb,C3,
TB,2,LG,Draba_reptans,DRRE,1.8,9,15,0,0,0,95,5/26/22,Early,KB_GT_MF_KVL,4 seed pods,annual,forb,C3,
TB,2,MG,Draba_reptans,DRRE,4.3,0,4,3,3,0,97,5/26/22,Early,KB_GT_MF_KVL,Plant from B2 water 6 seed pods,annual,forb,C3,
TB,2,HG,Draba_reptans,DRRE,1.5,3,19,0,3,0,99,5/26/22,Early,KB_GT_MF_KVL,2 seed pods,annual,forb,C3,
TB,3,LG,Draba_reptans,DRRE,0.7,0,9,0,0,0,98,5/26/22,Early,KB_GT_MF_KVL,3 seed heads,annual,forb,C3,
TB,3,MG,Draba_reptans,DRRE,2.8,4,9,0,0,0,100,5/26/22,Early,KB_GT_MF_KVL,1 seed pod,annual,forb,C3,
TB,3,HG,Draba_reptans,DRRE,0.8,0,12,0,2,0,100,5/26/22,Early,KB_GT_MF_KVL,3 seed pods,annual,forb,C3,
TB,1,LG,Elymus_elymoides,ELEL,,,,,,,,5/24/22,Early,KB_GT_MF_KVL,,,,,
TB,1,MG,Elymus_elymoides,ELEL,,,,,,,,5/25/22,Early,KB_GT_MF_KVL,,,,,
TB,1,HG,Elymus_elymoides,ELEL,,,,,,,,5/25/22,Early,KB_GT_MF_KVL,,,,,
TB,2,LG,Elymus_elymoides,ELEL,,,,,,,,5/26/22,Early,KB_GT_MF_KVL,,,,,
TB,2,MG,Elymus_elymoides,ELEL,,,,,,,,5/26/22,Early,KB_GT_MF_KVL,Plant from B2 Water,,,,
TB,2,HG,Elymus_elymoides,ELEL,11.9,1,2,0,0,0,99,5/26/22,Early,KB_GT_MF_KVL,,,,,
TB,3,LG,Elymus_elymoides,ELEL,,,,,,,,5/26/22,Early,KB_GT_MF_KVL,,,,,
TB,3,MG,Elymus_elymoides,ELEL,,,,,,,,5/26/22,Early,KB_GT_MF_KVL,,,,,
TB,3,HG,Elymus_elymoides,ELEL,,,,,,,,5/26/22,Early,KB_GT_MF_KVL,,,,,
TB,1,LG,Erigeron_canus,ERCA,7.6,6,16,0,4,1,98,5/24/22,Early,KB_GT_MF_KVL,,perennial,forb,C3,
TB,1,MG,Erigeron_canus,ERCA,7.4,5,14,1,1,0,97,5/25/22,Early,KB_GT_MF_KVL,,perennial,forb,C3,
TB,1,HG,Erigeron_canus,ERCA,7.8,4,15,0,3,0,98,5/25/22,Early,KB_GT_MF_KVL,,perennial,forb,C3,
TB,2,LG,Erigeron_canus,ERCA,5.6,4,12,0,1,0,95,5/26/22,Early,KB_GT_MF_KVL,,perennial,forb,C3,
TB,2,MG,Erigeron_canus,ERCA,7.1,2,26,0,1,1,98,5/26/22,Early,KB_GT_MF_KVL,Plant from B2 Water,perennial,forb,C3,
TB,2,HG,Erigeron_canus,ERCA,7.5,0,46,0,4,1,95,5/26/22,Early,KB_GT_MF_KVL,,perennial,forb,C3,
TB,3,LG,Erigeron_canus,ERCA,10,3,60,0,8,0,97,5/26/22,Early,KB_GT_MF_KVL,Plant from B3 water,perennial,forb,C3,
TB,3,MG,Erigeron_canus,ERCA,10.3,2,41,1,4,0,95,5/26/22,Early,KB_GT_MF_KVL,Plant from B3 water,perennial,forb,C3,
TB,3,HG,Erigeron_canus,ERCA,6.7,0,51,0,3,0,90,5/26/22,Early,KB_GT_MF_KVL,Plant from B3 water,perennial,forb,C3,
TB,1,LG,Eremogone_hookeri,ERHO,1.8,3,12,0,22,0,90,5/24/22,Early,KB_GT_MF_KVL,,perennial,forb,C3,
TB,1,MG,Eremogone_hookeri,ERHO,2.2,8,24,5,5,0,95,5/25/22,Early,KB_GT_MF_KVL,,perennial,forb,C3,
TB,1,HG,Eremogone_hookeri,ERHO,1.1,1,13,5,12,0,95,5/25/22,Early,KB_GT_MF_KVL,,perennial,forb,C3,
TB,2,LG,Eremogone_hookeri,ERHO,2.9,8,17.2,0,3,0,95,5/26/22,Early,KB_GT_MF_KVL,,perennial,forb,C3,
TB,2,MG,Eremogone_hookeri,ERHO,2.1,2,6,0,21,0,100,5/26/22,Early,KB_GT_MF_KVL,Plant from B2 Water,perennial,forb,C3,
TB,2,HG,Eremogone_hookeri,ERHO,2.8,10,59,0,1,0,95,5/26/22,Early,KB_GT_MF_KVL,,perennial,forb,C3,
TB,3,LG,Eremogone_hookeri,ERHO,3.9,5,21,4,11,0,90,5/26/22,Early,KB_GT_MF_KVL,,perennial,forb,C3,
TB,3,MG,Eremogone_hookeri,ERHO,1.7,5,23,0,0,0,95,5/26/22,Early,KB_GT_MF_KVL,Plant from B3LG,perennial,forb,C3,
TB,3,HG,Eremogone_hookeri,ERHO,2.5,5,17,0,22,0,100,5/26/22,Early,KB_GT_MF_KVL,Plant from B3 LG,perennial,forb,C3,
TB,1,LG,Erigeron_pumilus,ERPU,5.9,1,13,0,2,0,100,5/24/22,Early,KB_GT_MF_KVL,,perennial,forb,C3,
TB,1,MG,Erigeron_pumilus,ERPU,4.5,5,7,0,1,0,100,5/25/22,Early,KB_GT_MF_KVL,,perennial,forb,C3,
TB,1,HG,Erigeron_pumilus,ERPU,7.1,1,17,0,2,0,100,5/25/22,Early,KB_GT_MF_KVL,,perennial,forb,C3,
TB,2,LG,Erigeron_pumilus,ERPU,4.8,23,63,0,8,0,97,5/26/22,Early,KB_GT_MF_KVL,,perennial,forb,C3,
TB,2,MG,Erigeron_pumilus,ERPU,8.5,3,30,0,6,0,98,5/26/22,Early,KB_GT_MF_KVL,Plant from B2 Water,perennial,forb,C3,
TB,2,HG,Erigeron_pumilus,ERPU,7.6,1,13,0,1,0,100,5/26/22,Early,KB_GT_MF_KVL,,perennial,forb,C3,
TB,3,LG,Erigeron_pumilus,ERPU,6.2,2,44,0,4,0,97,5/26/22,Early,KB_GT_MF_KVL,,perennial,forb,C3,
TB,3,MG,Erigeron_pumilus,ERPU,6.7,22,139,7,13,0,98,5/26/22,Early,KB_GT_MF_KVL,,perennial,forb,C3,
TB,3,HG,Erigeron_pumilus,ERPU,5.1,5,48,0,3,0,98,5/26/22,Early,KB_GT_MF_KVL,,perennial,forb,C3,
FK,1,LG,Euphorbia_nutans,EUNU,,,,,,,,5/30/22,Early,KB_KVL,,,,,
FK,1,MG,Euphorbia_nutans,EUNU,,,,,,,,5/30/22,Early,KB_KVL,,,,,
FK,1,HG,Euphorbia_nutans,EUNU,,,,,,,,5/30/22,Early,KB_KVL,,,,,
FK,2,LG,Euphorbia_nutans,EUNU,,,,,,,,5/31/22,Early,KB_KVL,,,,,
FK,2,MG,Euphorbia_nutans,EUNU,,,,,,,,5/31/22,Early,KB_KVL,,,,,
FK,2,HG,Euphorbia_nutans,EUNU,,,,,,,,5/31/22,Early,KB_KVL,,,,,
FK,3,LG,Euphorbia_nutans,EUNU,,,,,,,,5/31/22,Early,KB_KVL,,,,,
FK,3,MG,Euphorbia_nutans,EUNU,,,,,,,,6/1/22,Early,KB_KVL,,,,,
FK,3,HG,Euphorbia_nutans,EUNU,,,,,,,,6/1/22,Early,KB_KVL,,,,,
TB,1,LG,Gutierrezia_sarothrae,GUSA,15,2,15,0,0,0,95,6/28/22,Late,KB,,perennial,forb,C3,
TB,1,MG,Gutierrezia_sarothrae,GUSA,20.2,15,36,1,0,0,80,6/28/22,Late,KB,11 dead seed pods,perennial,forb,C3,
TB,1,HG,Gutierrezia_sarothrae,GUSA,11.1,8,23,2,0,0,99,6/28/22,Late,KB,6 dead flower heads,perennial,forb,C3,
TB,2,LG,Gutierrezia_sarothrae,GUSA,10.7,4,25,1,0,0,90,6/29/22,Late,KB,,perennial,forb,C3,
TB,2,MG,Gutierrezia_sarothrae,GUSA,11.4,8,23,2,0,0,99,6/29/22,Late,KB,,perennial,forb,C3,
TB,2,HG,Gutierrezia_sarothrae,GUSA,11.3,2,22,0,0,0,95,6/29/22,Late,KB,,perennial,forb,C3,
TB,3,LG,Gutierrezia_sarothrae,GUSA,13.4,2,18,9,0,0,95,6/29/22,Late,KB,,perennial,forb,C3,
TB,3,MG,Gutierrezia_sarothrae,GUSA,18.1,4,22,1,2,0,97,6/29/22,Late,KB,,perennial,forb,C3,
TB,3,HG,Gutierrezia_sarothrae,GUSA,10.2,9,31,4,0,0,95,6/29/22,Late,KB,,perennial,forb,C3,
TB,1,LG,Hesperostipa_comata,HECO,11.1,1,1,0,0,0,97,5/24/22,Early,KB_GT_MF_KVL,,perennial,graminoid,C3,
TB,1,MG,Hesperostipa_comata,HECO,13,1,1,0,0,0,97,5/25/22,Early,KB_GT_MF_KVL,,perennial,graminoid,C3,
TB,1,HG,Hesperostipa_comata,HECO,21.4,1,3,0,0,0,80,5/25/22,Early,KB_GT_MF_KVL,,perennial,graminoid,C3,
TB,2,LG,Hesperostipa_comata,HECO,19.8,1,1,1,0,0,90,5/26/22,Early,KB_GT_MF_KVL,,perennial,graminoid,C3,
TB,2,MG,Hesperostipa_comata,HECO,16.2,1,2,0,0,0,99,5/26/22,Early,KB_GT_MF_KVL,Plant from B2 Water,perennial,graminoid,C3,
TB,2,HG,Hesperostipa_comata,HECO,18.8,1,3,0,0,0,98,5/26/22,Early,KB_GT_MF_KVL,,perennial,graminoid,C3,
TB,3,LG,Hesperostipa_comata,HECO,10.1,0,4,0,0,0,95,5/26/22,Early,KB_GT_MF_KVL,Plant from B3 water,perennial,graminoid,C3,
TB,3,MG,Hesperostipa_comata,HECO,21.1,0,2,0,0,0,98,5/26/22,Early,KB_GT_MF_KVL,,perennial,graminoid,C3,
TB,3,HG,Hesperostipa_comata,HECO,7.6,0,3,0,0,0,85,5/26/22,Early,KB_GT_MF_KVL,Plant from B3 water,perennial,graminoid,C3,
FK,1,LG,Hesperostipa_comata,HECO,20.6,2,2,1,0,0,98,5/30/22,Early,KB_KVL,,perennial,graminoid,C3,
FK,1,MG,Hesperostipa_comata,HECO,26.1,2,2,0,0,0,80,5/30/22,Early,KB_KVL,,perennial,graminoid,C3,
FK,1,HG,Hesperostipa_comata,HECO,24.1,1,1,1,4,0,80,5/30/22,Early,KB_KVL,,perennial,graminoid,C3,
FK,2,LG,Hesperostipa_comata,HECO,14.5,1,2,0,2,0,99,5/31/22,Early,KB_KVL,,perennial,graminoid,C3,
FK,2,MG,Hesperostipa_comata,HECO,17,1,2,0,2,0,99,5/31/22,Early,KB_KVL,,perennial,graminoid,C3,
FK,2,HG,Hesperostipa_comata,HECO,20.2,1,1,0,0,0,80,5/31/22,Early,KB_KVL,,perennial,graminoid,C3,
FK,3,LG,Hesperostipa_comata,HECO,13.3,1,2,0,1,0,95,5/31/22,Early,KB_KVL,,perennial,graminoid,C3,
FK,3,MG,Hesperostipa_comata,HECO,14.6,1,2,0,0,0,98,6/1/22,Early,KB_KVL,,perennial,graminoid,C3,
FK,3,HG,Hesperostipa_comata,HECO,17.6,1,2,0,1,0,96,6/1/22,Early,KB_KVL,,perennial,graminoid,C3,
TB,1,LG,Hedeoma_hispida,HEHI,5.2,8,33,2,8,4,95,5/24/22,Early,KB_GT_MF_KVL,,annual,forb,C3,
TB,1,MG,Hedeoma_hispida,HEHI,10.1,4,18,0,3,2,98,5/25/22,Early,KB_GT_MF_KVL,,annual,forb,C3,
TB,1,HG,Hedeoma_hispida,HEHI,3.7,4,9,2,3,0,95,5/25/22,Early,KB_GT_MF_KVL,,annual,forb,C3,
TB,2,LG,Hedeoma_hispida,HEHI,4.4,10,34,3,11,6,97,5/26/22,Early,KB_GT_MF_KVL,Plant from B2MG,annual,forb,C3,
TB,2,MG,Hedeoma_hispida,HEHI,2.3,4,10,0,3,0,100,5/26/22,Early,KB_GT_MF_KVL,Plant from B2 Water,annual,forb,C3,
TB,2,HG,Hedeoma_hispida,HEHI,4.5,5,24,0,5,5,95,5/26/22,Early,KB_GT_MF_KVL,Plant from B3 water,annual,forb,C3,
TB,3,LG,Hedeoma_hispida,HEHI,5.1,3,16,0,2,2,97,5/26/22,Early,KB_GT_MF_KVL,Plant from B3 water,annual,forb,C3,
TB,3,MG,Hedeoma_hispida,HEHI,4.2,8,19,2,9,3,95,5/26/22,Early,KB_GT_MF_KVL,"Plant from B3 water, 1 dead flower",annual,forb,C3,
TB,3,HG,Hedeoma_hispida,HEHI,3.1,6,12,0,5,1,95,5/26/22,Early,KB_GT_MF_KVL,Plant from B3 water,annual,forb,C3,
FK,1,LG,Hedeoma_hispida,HEHI,5.4,3,13,2,0,0,97,5/30/22,Early,KB_KVL,,annual,forb,C3,
FK,1,MG,Hedeoma_hispida,HEHI,2.6,4,8,1,0,0,98,5/30/22,Early,KB_KVL,,annual,forb,C3,
FK,1,HG,Hedeoma_hispida,HEHI,3.2,3,6,0,1,0,100,5/30/22,Early,KB_KVL,,annual,forb,C3,
FK,2,LG,Hedeoma_hispida,HEHI,3.6,2,11,0,1,0,100,5/31/22,Early,KB_KVL,,annual,forb,C3,
FK,2,MG,Hedeoma_hispida,HEHI,4.2,5,12,0,1,0,90,5/31/22,Early,KB_KVL,,annual,forb,C3,
FK,2,HG,Hedeoma_hispida,HEHI,33,6,12,0,1,0,98,5/31/22,Early,KB_KVL,,annual,forb,C3,
FK,3,LG,Hedeoma_hispida,HEHI,3.1,5,12,0,1,0,99,5/31/22,Early,KB_KVL,,annual,forb,C3,
FK,3,MG,Hedeoma_hispida,HEHI,3.1,7,12,0,1,0,100,6/1/22,Early,KB_KVL,,annual,forb,C3,
FK,3,HG,Hedeoma_hispida,HEHI,2.5,4,9,0,1,0,100,6/1/22,Early,KB_KVL,,annual,forb,C3,
TB,1,LG,Koeleria_macrantha,KOMA,12.5,1,1,0,1,0,100,5/25/22,Early,KB_GT_MF_KVL,,perennial,graminoid,C3,
TB,1,MG,Koeleria_macrantha,KOMA,7.8,1,2,0,2,0,100,5/25/22,Early,KB_GT_MF_KVL,,perennial,graminoid,C3,
TB,1,HG,Koeleria_macrantha,KOMA,17.4,1,2,0,7,1,45,5/25/22,Early,KB_GT_MF_KVL,,perennial,graminoid,C3,
TB,2,LG,Koeleria_macrantha,KOMA,5.5,1,2,0,15,0,70,5/26/22,Early,KB_GT_MF_KVL,,perennial,graminoid,C3,
TB,2,MG,Koeleria_macrantha,KOMA,18.1,1,2,2,0,0,70,5/26/22,Early,KB_GT_MF_KVL,Plant from B2 Water,perennial,graminoid,C3,
TB,2,HG,Koeleria_macrantha,KOMA,6.3,1,1,0,1,0,99,5/26/22,Early,KB_GT_MF_KVL,,perennial,graminoid,C3,
TB,3,LG,Koeleria_macrantha,KOMA,9.4,1,3,0,2,0,99,5/26/22,Early,KB_GT_MF_KVL,,perennial,graminoid,C3,
TB,3,MG,Koeleria_macrantha,KOMA,5.7,1,2,0,2,0,98,5/26/22,Early,KB_GT_MF_KVL,,perennial,graminoid,C3,
TB,3,HG,Koeleria_macrantha,KOMA,6,1,2,1,4,0,75,5/26/22,Early,KB_GT_MF_KVL,,perennial,graminoid,C3,
FK,1,LG,Koeleria_macrantha,KOMA,10.1,1,2,0,11,0,100,5/30/22,Early,KB_KVL,,perennial,graminoid,C3,
FK,1,MG,Koeleria_macrantha,KOMA,13.2,1,3,0,0,11,99,5/30/22,Early,KB_KVL,,perennial,graminoid,C3,
FK,1,HG,Koeleria_macrantha,KOMA,7.3,1,3,0,2,0,97,5/30/22,Early,KB_KVL,,perennial,graminoid,C3,
FK,2,LG,Koeleria_macrantha,KOMA,11.1,1,3,0,2,0,77,5/31/22,Early,KB_KVL,,perennial,graminoid,C3,
FK,2,MG,Koeleria_macrantha,KOMA,11.9,1,2,0,7,0,99,5/31/22,Early,KB_KVL,,perennial,graminoid,C3,
FK,2,HG,Koeleria_macrantha,KOMA,18.2,0,4,0,14,0,95,5/31/22,Early,KB_KVL,,perennial,graminoid,C3,
FK,3,LG,Koeleria_macrantha,KOMA,12.2,1,2,0,3,0,100,5/31/22,Early,KB_KVL,,perennial,graminoid,C3,
FK,3,MG,Koeleria_macrantha,KOMA,7.6,1,3,1,12,0,95,6/1/22,Early,KB_KVL,,perennial,graminoid,C3,
FK,3,HG,Koeleria_macrantha,KOMA,14.9,1,2,0,16,0,99,6/1/22,Early,KB_KVL,,perennial,graminoid,C3,
FK,1,LG,Lactuca_serriola,LASE,,,,,,,,5/30/22,Early,KB_KVL,,,,,
FK,1,MG,Lactuca_serriola,LASE,,,,,,,,5/30/22,Early,KB_KVL,,,,,
FK,1,HG,Lactuca_serriola,LASE,,,,,,,,5/30/22,Early,KB_KVL,,,,,
FK,2,LG,Lactuca_serriola,LASE,,,,,,,,5/31/22,Early,KB_KVL,,,,,
FK,2,MG,Lactuca_serriola,LASE,,,,,,,,5/31/22,Early,KB_KVL,,,,,
FK,2,HG,Lactuca_serriola,LASE,,,,,,,,5/31/22,Early,KB_KVL,,,,,
FK,3,LG,Lactuca_serriola,LASE,,,,,,,,5/31/22,Early,KB_KVL,,,,,
FK,3,MG,Lactuca_serriola,LASE,,,,,,,,6/1/22,Early,KB_KVL,,,,,
FK,3,HG,Lactuca_serriola,LASE,,,,,,,,6/1/22,Early,KB_KVL,,,,,
TB,1,LG,Lepidium_densiflorum,LEDE,10.3,8,13,0,2,0,99,5/25/22,Early,KB_GT_MF_KVL,,annual,forb,C3,
TB,1,MG,Lepidium_densiflorum,LEDE,5.1,0,10,0,1,0,95,5/25/22,Early,KB_GT_MF_KVL,,annual,forb,C3,
TB,1,HG,Lepidium_densiflorum,LEDE,13.7,9,25,0,3,0,100,5/25/22,Early,KB_GT_MF_KVL,,annual,forb,C3,
TB,2,LG,Lepidium_densiflorum,LEDE,14.1,4,31,0,6,0,98,5/26/22,Early,KB_GT_MF_KVL,,annual,forb,C3,
TB,2,MG,Lepidium_densiflorum,LEDE,6,4,14,0,4,0,98,5/26/22,Early,KB_GT_MF_KVL,Plant from B2 Water,annual,forb,C3,
TB,2,HG,Lepidium_densiflorum,LEDE,1.8,0,8,0,1,0,95,5/26/22,Early,KB_GT_MF_KVL,Plant from B1MG,annual,forb,C3,
TB,3,LG,Lepidium_densiflorum,LEDE,,,,,,,,5/26/22,Early,KB_GT_MF_KVL,,annual,forb,C3,
TB,3,MG,Lepidium_densiflorum,LEDE,,,,,,,,5/26/22,Early,KB_GT_MF_KVL,,annual,forb,C3,
TB,3,HG,Lepidium_densiflorum,LEDE,,,,,,,,5/26/22,Early,KB_GT_MF_KVL,,annual,forb,C3,
FK,1,LG,Lepidium_densiflorum,LEDE,9.9,4,11,0,1,0,98,5/30/22,Early,KB_KVL,23 seed pods,annual,forb,C3,
FK,1,MG,Lepidium_densiflorum,LEDE,4.5,2,4,0,1,0,95,5/30/22,Early,KB_KVL,5 seed pods,annual,forb,C3,
FK,1,HG,Lepidium_densiflorum,LEDE,5.7,0,9,0,1,0,99,5/30/22,Early,KB_KVL,3 seed heads,annual,forb,C3,
FK,2,LG,Lepidium_densiflorum,LEDE,10.3,2,7,0,1,0,100,5/31/22,Early,KB_KVL,11 seed pods,annual,forb,C3,
FK,2,MG,Lepidium_densiflorum,LEDE,23.2,8,36,0,4,0,98,5/31/22,Early,KB_KVL,98 seed pods,annual,forb,C3,
FK,2,HG,Lepidium_densiflorum,LEDE,9.1,0,7,1,1,0,97,5/31/22,Early,KB_KVL,"Plant from B3HG, 11 seed heads",annual,forb,C3,
FK,3,LG,Lepidium_densiflorum,LEDE,5.6,1,6,0,1,0,100,5/31/22,Early,KB_KVL,9 seed pods,annual,forb,C3,
FK,3,MG,Lepidium_densiflorum,LEDE,6.1,0,5,0,1,0,100,6/1/22,Early,KB_KVL,"8 seed heads, Plant from B3 HG",annual,forb,C3,
FK,3,HG,Lepidium_densiflorum,LEDE,17.2,7,36,0,8,0,97,6/1/22,Early,KB_KVL,144 seed pods,annual,forb,C3,
TB,1,LG,Lithospermum_incisum,LIIN,4.3,25,18,2,0,0,95,5/25/22,Early,KB_GT_MF_KVL,,perennial,forb,C3,
TB,1,MG,Lithospermum_incisum,LIIN,7.2,16,36,0,2,1,80,5/25/22,Early,KB_GT_MF_KVL,1 dead flower,perennial,forb,C3,
TB,1,HG,Lithospermum_incisum,LIIN,7.1,3,42,0,13,3,90,5/25/22,Early,KB_GT_MF_KVL,4 dead flower heads,perennial,forb,C3,
TB,2,LG,Lithospermum_incisum,LIIN,5.5,9,20,0,1,2,90,5/26/22,Early,KB_GT_MF_KVL,,perennial,forb,C3,
TB,2,MG,Lithospermum_incisum,LIIN,3,2,3,2,0,0,75,5/26/22,Early,KB_GT_MF_KVL,Plant from B2 Water,perennial,forb,C3,
TB,2,HG,Lithospermum_incisum,LIIN,6.8,2,12,0,0,0,98,5/26/22,Early,KB_GT_MF_KVL,Plant from B2 water,perennial,forb,C3,
TB,3,LG,Lithospermum_incisum,LIIN,9.9,3,23,0,0,0,85,5/26/22,Early,KB_GT_MF_KVL,,perennial,forb,C3,
TB,3,MG,Lithospermum_incisum,LIIN,,,,,,,,5/26/22,Early,KB_GT_MF_KVL,,perennial,forb,C3,
TB,3,HG,Lithospermum_incisum,LIIN,,,,,,,,5/26/22,Early,KB_GT_MF_KVL,,perennial,forb,C3,
FK,1,LG,Lithospermum_incisum,LIIN,11.3,20,22,1,5,2,95,5/30/22,Early,KB_KVL,Plant from B1 water,perennial,forb,C3,
FK,1,MG,Lithospermum_incisum,LIIN,9.3,3,18,1,1,0,95,5/30/22,Early,KB_KVL,,perennial,forb,C3,
FK,1,HG,Lithospermum_incisum,LIIN,5.7,2,17,2,0,0,95,5/30/22,Early,KB_KVL,,perennial,forb,C3,
FK,2,LG,Lithospermum_incisum,LIIN,11.1,9,20,0,1,0,97,5/31/22,Early,KB_KVL,Plant from B1 water,perennial,forb,C3,
FK,2,MG,Lithospermum_incisum,LIIN,7.4,19,20,1,1,0,97,5/31/22,Early,KB_KVL,,perennial,forb,C3,
FK,2,HG,Lithospermum_incisum,LIIN,8.8,7,16,0,3,0,95,5/31/22,Early,KB_KVL,,perennial,forb,C3,
FK,3,LG,Lithospermum_incisum,LIIN,4.4,3,7,0,0,0,100,6/1/22,Early,KB_KVL,Plant from B3HG,perennial,forb,C3,
FK,3,MG,Lithospermum_incisum,LIIN,9.8,1,4,0,0,0,99,6/1/22,Early,KB_KVL,,perennial,forb,C3,
FK,3,HG,Lithospermum_incisum,LIIN,7.1,4,7,0,0,0,99,6/1/22,Early,KB_KVL,,perennial,forb,C3,
FK,1,LG,Liatris_punctata,LIPU,12.5,9,12,2,1,0,97,5/30/22,Early,KB_KVL,,perennial,forb,C3,
FK,1,MG,Liatris_punctata,LIPU,14.3,14,20,12,2,0,80,5/30/22,Early,KB_KVL,,perennial,forb,C3,
FK,1,HG,Liatris_punctata,LIPU,9.6,3,15,1,0,0,90,5/30/22,Early,KB_KVL,,perennial,forb,C3,
FK,2,LG,Liatris_punctata,LIPU,12.3,3,10,0,1,0,95,5/31/22,Early,KB_KVL,Plant from B3MG,perennial,forb,C3,
FK,2,MG,Liatris_punctata,LIPU,7.4,3,16,0,1,0,97,5/31/22,Early,KB_KVL,,perennial,forb,C3,
FK,2,HG,Liatris_punctata,LIPU,8.5,8,21,0,1,0,98,5/31/22,Early,KB_KVL,,perennial,forb,C3,
FK,3,LG,Liatris_punctata,LIPU,7.8,7,11,0,1,0,100,5/31/22,Early,KB_KVL,,perennial,forb,C3,
FK,3,MG,Liatris_punctata,LIPU,11.1,1,4,0,0,0,99,6/1/22,Early,KB_KVL,,perennial,forb,C3,
FK,3,HG,Liatris_punctata,LIPU,9.4,4,6,0,0,0,100,6/1/22,Early,KB_KVL,,perennial,forb,C3,
FK,1,LG,Linum_rigidum,LIRI,,,,,,,,5/30/22,Early,KB_KVL,,,,,
FK,1,MG,Linum_rigidum,LIRI,,,,,,,,5/30/22,Early,KB_KVL,,,,,
FK,1,HG,Linum_rigidum,LIRI,,,,,,,,5/30/22,Early,KB_KVL,,,,,
FK,2,LG,Linum_rigidum,LIRI,,,,,,,,5/31/22,Early,KB_KVL,,,,,
FK,2,MG,Linum_rigidum,LIRI,,,,,,,,5/31/22,Early,KB_KVL,,,,,
FK,2,HG,Linum_rigidum,LIRI,,,,,,,,5/31/22,Early,KB_KVL,,,,,
FK,3,LG,Linum_rigidum,LIRI,,,,,,,,5/31/22,Early,KB_KVL,,,,,
FK,3,MG,Linum_rigidum,LIRI,11.3,7,26,3,4,0,97,6/1/22,Early,KB_KVL,,,,,
FK,3,HG,Linum_rigidum,LIRI,,,,,,,,6/1/22,Early,KB_KVL,,,,,
TB,1,LG,Logfia_arvensis,LOAR,3.9,2,30,7,0,0,95,5/25/22,Early,KB_GT_MF_KVL,,annual,forb,C3,
TB,1,MG,Logfia_arvensis,LOAR,7.9,5,38,2,1,0,97,5/25/22,Early,KB_GT_MF_KVL,,annual,forb,C3,
TB,1,HG,Logfia_arvensis,LOAR,5.3,6,28,3,1,0,97,5/25/22,Early,KB_GT_MF_KVL,,annual,forb,C3,
TB,2,LG,Logfia_arvensis,LOAR,3,7,24,0,1,0,95,5/26/22,Early,KB_GT_MF_KVL,,annual,forb,C3,
TB,2,MG,Logfia_arvensis,LOAR,6.9,6,53,0,0,0,99,5/26/22,Early,KB_GT_MF_KVL,Plant from B2 Water,annual,forb,C3,
TB,2,HG,Logfia_arvensis,LOAR,3.1,3,13,0,0,0,100,5/26/22,Early,KB_GT_MF_KVL,,annual,forb,C3,
TB,3,LG,Logfia_arvensis,LOAR,2.3,0,21,0,1,0,99,5/26/22,Early,KB_GT_MF_KVL,,annual,forb,C3,
TB,3,MG,Logfia_arvensis,LOAR,5.7,0,32,0,1,0,100,5/26/22,Early,KB_GT_MF_KVL,,annual,forb,C3,
TB,3,HG,Logfia_arvensis,LOAR,13.8,1,48,0,1,0,99,5/26/22,Early,KB_GT_MF_KVL,,annual,forb,C3,
FK,1,LG,Logfia_arvensis,LOAR,4.9,5,20,2,1,0,98,5/30/22,Early,KB_KVL,,annual,forb,C3,
FK,1,MG,Logfia_arvensis,LOAR,3.7,2,29,1,1,0,98,5/30/22,Early,KB_KVL,,annual,forb,C3,
FK,1,HG,Logfia_arvensis,LOAR,2.8,4,18,1,1,0,98,5/30/22,Early,KB_KVL,,annual,forb,C3,
FK,2,LG,Logfia_arvensis,LOAR,3.5,3,17,1,1,0,99,5/31/22,Early,KB_KVL,,annual,forb,C3,
FK,2,MG,Logfia_arvensis,LOAR,5.3,3,23,4,1,0,97,5/31/22,Early,KB_KVL,,annual,forb,C3,
FK,2,HG,Logfia_arvensis,LOAR,5.5,2,22,4,1,0,95,5/31/22,Early,KB_KVL,,annual,forb,C3,
FK,3,LG,Logfia_arvensis,LOAR,5.5,3,26,1,1,0,98,6/1/22,Early,KB_KVL,,annual,forb,C3,
FK,3,MG,Logfia_arvensis,LOAR,4.7,5,13,2,1,0,90,6/1/22,Early,KB_KVL,,annual,forb,C3,
FK,3,HG,Logfia_arvensis,LOAR,4.5,3,19,4,1,0,80,6/1/22,Early,KB_KVL,,annual,forb,C3,
TB,1,LG,Lomatium_foeniculaceum,LOFO,1.9,1,4,0,0,0,99,5/25/22,Early,KB_GT_MF_KVL,,perennial,forb,C3,
TB,1,MG,Lomatium_foeniculaceum,LOFO,5.6,5,7,0,0,2,97,5/25/22,Early,KB_GT_MF_KVL,1 dead flower,perennial,forb,C3,
TB,1,HG,Lomatium_foeniculaceum,LOFO,5.8,13,0,0,0,6,100,5/25/22,Early,KB_GT_MF_KVL,,perennial,forb,C3,
TB,2,LG,Lomatium_foeniculaceum,LOFO,2.6,1,4,0,0,0,97,5/26/22,Early,KB_GT_MF_KVL,,perennial,forb,C3,
TB,2,MG,Lomatium_foeniculaceum,LOFO,3.3,10,7,3,0,3,97,5/26/22,Early,KB_GT_MF_KVL,Plant from B2 Water,perennial,forb,C3,
TB,2,HG,Lomatium_foeniculaceum,LOFO,2.3,0,6,0,0,0,98,5/26/22,Early,KB_GT_MF_KVL,,perennial,forb,C3,
TB,3,LG,Lomatium_foeniculaceum,LOFO,4.4,0,5,0,0,0,100,5/26/22,Early,KB_GT_MF_KVL,,perennial,forb,C3,
TB,3,MG,Lomatium_foeniculaceum,LOFO,6.2,0,58,0,0,0,98,5/26/22,Early,KB_GT_MF_KVL,,perennial,forb,C3,
TB,3,HG,Lomatium_foeniculaceum,LOFO,4.8,0,47,0,1,0,99,5/26/22,Early,KB_GT_MF_KVL,Plant from B3LG,perennial,forb,C3,
FK,1,LG,Lydogesmia_juncea,LYJU,11.9,14,10,0,8,0,99,5/30/22,Early,KB_KVL,,perennial,forb,C3,
FK,1,MG,Lydogesmia_juncea,LYJU,15.3,24,14,0,10,0,87,5/30/22,Early,KB_KVL,Plant from B1LG,perennial,forb,C3,
FK,1,HG,Lydogesmia_juncea,LYJU,17.2,4,10,1,4,0,97,5/30/22,Early,KB_KVL,,perennial,forb,C3,
FK,2,LG,Lydogesmia_juncea,LYJU,12.2,9,13,0,4,0,95,5/31/22,Early,KB_KVL,Plant from B1LG,perennial,forb,C3,
FK,2,MG,Lydogesmia_juncea,LYJU,12.1,6,17,0,6,0,97,5/31/22,Early,KB_KVL,Plant from B2HG,perennial,forb,C3,
FK,2,HG,Lydogesmia_juncea,LYJU,14.1,10,12,1,6,0,99,5/31/22,Early,KB_KVL,,perennial,forb,C3,
FK,3,LG,Lydogesmia_juncea,LYJU,16,8,12,1,5,0,75,6/1/22,Early,KB_KVL,Plant from B1LG,perennial,forb,C3,
FK,3,MG,Lydogesmia_juncea,LYJU,19.4,34,57,5,22,0,90,6/1/22,Early,KB_KVL,Plant from B1LG,perennial,forb,C3,
FK,3,HG,Lydogesmia_juncea,LYJU,15.8,38,12,2,6,0,55,6/1/22,Early,KB_KVL,Plant from B1LG,perennial,forb,C3,
TB,1,LG,Musineon_divaricatum,MUDI,6.8,0,7,0,0,0,100,5/25/22,Early,KB_GT_MF_KVL,,perennial,forb,C3,
TB,1,MG,Musineon_divaricatum,MUDI,1.5,0,7,0,0,0,100,5/25/22,Early,KB_GT_MF_KVL,,perennial,forb,C3,
TB,1,HG,Musineon_divaricatum,MUDI,2.7,0,7,0,0,0,85,5/25/22,Early,KB_GT_MF_KVL,,perennial,forb,C3,
TB,2,LG,Musineon_divaricatum,MUDI,5.2,0,2,0,0,0,100,5/26/22,Early,KB_GT_MF_KVL,,perennial,forb,C3,
TB,2,MG,Musineon_divaricatum,MUDI,2,0,14,0,0,0,99,5/26/22,Early,KB_GT_MF_KVL,Plant from B2 Water,perennial,forb,C3,
TB,2,HG,Musineon_divaricatum,MUDI,5.2,2,13,0,0,2,97,5/26/22,Early,KB_GT_MF_KVL,1 dead flower,perennial,forb,C3,
TB,3,LG,Musineon_divaricatum,MUDI,7.3,1,14,0,0,4,100,5/26/22,Early,KB_GT_MF_KVL,,perennial,forb,C3,
TB,3,MG,Musineon_divaricatum,MUDI,9.6,0,53,0,6,3,99,5/26/22,Early,KB_GT_MF_KVL,,perennial,forb,C3,
TB,3,HG,Musineon_divaricatum,MUDI,5.9,1,75,0,1,3,98,5/26/22,Early,KB_GT_MF_KVL,,perennial,forb,C3,
TB,1,LG,Nassella_viridula,NAVI,24,1,2,0,0,0,70,5/25/22,Early,KB_GT_MF_KVL,plant from B3 water,perennial,graminoid,C3,
TB,1,MG,Nassella_viridula,NAVI,29.2,1,2,0,0,0,85,5/25/22,Early,KB_GT_MF_KVL,Plant from B3water,perennial,graminoid,C3,
TB,1,HG,Nassella_viridula,NAVI,28.1,1,3,0,0,0,60,5/25/22,Early,KB_GT_MF_KVL,Plant from B3MG,perennial,graminoid,C3,
TB,2,LG,Nassella_viridula,NAVI,22,1,3,0,0,0,85,5/26/22,Early,KB_GT_MF_KVL,Plant from B3HG,perennial,graminoid,C3,
TB,2,MG,Nassella_viridula,NAVI,23.1,1,3,1,0,0,80,5/26/22,Early,KB_GT_MF_KVL,Plant from B3HG,perennial,graminoid,C3,
TB,2,HG,Nassella_viridula,NAVI,19.6,1,2,0,0,0,85,5/26/22,Early,KB_GT_MF_KVL,Plant from B3HG,perennial,graminoid,C3,
TB,3,LG,Nassella_viridula,NAVI,28.7,1,2,0,0,0,80,5/26/22,Early,KB_GT_MF_KVL,,perennial,graminoid,C3,
TB,3,MG,Nassella_viridula,NAVI,20.5,1,2,0,0,0,65,5/26/22,Early,KB_GT_MF_KVL,,perennial,graminoid,C3,
TB,3,HG,Nassella_viridula,NAVI,21.4,1,1,1,0,0,60,5/26/22,Early,KB_GT_MF_KVL,,perennial,graminoid,C3,
TB,1,LG,Nothocalais_cuspidate,NOCU,9.1,0,21,3,0,0,87,5/25/22,Early,KB_GT_MF_KVL,,perennial,forb,C3,
TB,1,MG,Nothocalais_cuspidate,NOCU,8.1,1,18,1,0,0,85,5/25/22,Early,KB_GT_MF_KVL,,perennial,forb,C3,
TB,1,HG,Nothocalais_cuspidate,NOCU,11,3,10,0,1,0,90,5/25/22,Early,KB_GT_MF_KVL,,perennial,forb,C3,
TB,2,LG,Nothocalais_cuspidate,NOCU,13.4,14,12,0,0,0,80,5/26/22,Early,KB_GT_MF_KVL,,perennial,forb,C3,
TB,2,MG,Nothocalais_cuspidate,NOCU,7.4,0,8,0,0,0,98,5/26/22,Early,KB_GT_MF_KVL,Plant from B2 Water,perennial,forb,C3,
TB,2,HG,Nothocalais_cuspidate,NOCU,6.5,0,8,0,0,0,80,5/26/22,Early,KB_GT_MF_KVL,,perennial,forb,C3,
TB,3,LG,Nothocalais_cuspidate,NOCU,,,,,,,,5/26/22,Early,KB_GT_MF_KVL,,perennial,forb,C3,
TB,3,MG,Nothocalais_cuspidate,NOCU,,,,,,,,5/26/22,Early,KB_GT_MF_KVL,,perennial,forb,C3,
TB,3,HG,Nothocalais_cuspidate,NOCU,10.8,0,5,0,1,0,98,5/26/22,Early,KB_GT_MF_KVL,,perennial,forb,C3,
TB,1,LG,Oenothera_suffrtescuns,OESU,5.5,15,27,0,1,0,100,5/25/22,Early,KB_GT_MF_KVL,,perennial,forb,C3,
TB,1,MG,Oenothera_suffrtescuns,OESU,6,3,41,0,1,0,100,5/25/22,Early,KB_GT_MF_KVL,,perennial,forb,C3,
TB,1,HG,Oenothera_suffrtescuns,OESU,5.6,10,28,2,1,0,95,5/25/22,Early,KB_GT_MF_KVL,,perennial,forb,C3,
TB,2,LG,Oenothera_suffrtescuns,OESU,5.6,3,20,0,0,0,95,5/26/22,Early,KB_GT_MF_KVL,,perennial,forb,C3,
TB,2,MG,Oenothera_suffrtescuns,OESU,7.8,8,19,0,1,0,98,5/26/22,Early,KB_GT_MF_KVL,Plant from B2 Water,perennial,forb,C3,
TB,2,HG,Oenothera_suffrtescuns,OESU,6.5,0,33,0,1,0,98,5/26/22,Early,KB_GT_MF_KVL,,perennial,forb,C3,
TB,3,LG,Oenothera_suffrtescuns,OESU,,,,,,,,5/26/22,Early,KB_GT_MF_KVL,,perennial,forb,C3,
TB,3,MG,Oenothera_suffrtescuns,OESU,,,,,,,,5/26/22,Early,KB_GT_MF_KVL,,perennial,forb,C3,
TB,3,HG,Oenothera_suffrtescuns,OESU,,,,,,,,5/26/22,Early,KB_GT_MF_KVL,,perennial,forb,C3,
FK,1,LG,Oenothera_suffrtescuns,OESU,,,,,,,,5/30/22,Early,KB_KVL,,,,,
FK,1,MG,Oenothera_suffrtescuns,OESU,,,,,,,,5/30/22,Early,KB_KVL,,,,,
FK,1,HG,Oenothera_suffrtescuns,OESU,,,,,,,,5/30/22,Early,KB_KVL,,,,,
FK,2,LG,Oenothera_suffrtescuns,OESU,,,,,,,,5/31/22,Early,KB_KVL,,,,,
FK,2,MG,Oenothera_suffrtescuns,OESU,,,,,,,,5/31/22,Early,KB_KVL,,,,,
FK,2,HG,Oenothera_suffrtescuns,OESU,,,,,,,,5/31/22,Early,KB_KVL,,,,,
FK,3,LG,Oenothera_suffrtescuns,OESU,,,,,,,,6/1/22,Early,KB_KVL,,,,,
FK,3,MG,Oenothera_suffrtescuns,OESU,,,,,,,,6/1/22,Early,KB_KVL,,,,,
FK,3,HG,Oenothera_suffrtescuns,OESU,,,,,,,,6/1/22,Early,KB_KVL,,,,,
TB,1,LG,Oonipsis_multicaulis,OOMU,,,,,,,,5/25/22,Early,KB_GT_MF_KVL,,,,,
TB,1,MG,Oonipsis_multicaulis,OOMU,,,,,,,,5/25/22,Early,KB_GT_MF_KVL,,,,,
TB,1,HG,Oonipsis_multicaulis,OOMU,,,,,,,,5/25/22,Early,KB_GT_MF_KVL,,,,,
TB,2,LG,Oonipsis_multicaulis,OOMU,,,,,,,,5/26/22,Early,KB_GT_MF_KVL,,,,,
TB,2,MG,Oonipsis_multicaulis,OOMU,,,,,,,,5/26/22,Early,KB_GT_MF_KVL,Plant from B2 Water,,,,
TB,2,HG,Oonipsis_multicaulis,OOMU,,,,,,,,5/26/22,Early,KB_GT_MF_KVL,,,,,
TB,3,LG,Oonipsis_multicaulis,OOMU,,,,,,,,5/26/22,Early,KB_GT_MF_KVL,,,,,
TB,3,MG,Oonipsis_multicaulis,OOMU,,,,,,,,5/26/22,Early,KB_GT_MF_KVL,,,,,
TB,3,HG,Oonipsis_multicaulis,OOMU,,,,,,,,5/26/22,Early,KB_GT_MF_KVL,,,,,
TB,1,LG,Pascopyrum_smithii,PASM,17.4,1,2,2,0,0,55,5/25/22,Early,KB_GT_MF_KVL,,perennial,graminoid,C3,
TB,1,MG,Pascopyrum_smithii,PASM,15.9,1,2,2,0,0,85,5/25/22,Early,KB_GT_MF_KVL,,perennial,graminoid,C3,
TB,1,HG,Pascopyrum_smithii,PASM,14.3,1,2,0,0,0,98,5/25/22,Early,KB_GT_MF_KVL,,perennial,graminoid,C3,
TB,2,LG,Pascopyrum_smithii,PASM,14.6,1,3,0,0,0,95,5/26/22,Early,KB_GT_MF_KVL,,perennial,graminoid,C3,
TB,2,MG,Pascopyrum_smithii,PASM,19,1,3,2,0,0,85,5/26/22,Early,KB_GT_MF_KVL,Plant from B2 Water,perennial,graminoid,C3,
TB,2,HG,Pascopyrum_smithii,PASM,11.8,1,2,0,0,0,98,5/26/22,Early,KB_GT_MF_KVL,,perennial,graminoid,C3,
TB,3,LG,Pascopyrum_smithii,PASM,16.4,1,3,0,0,0,80,5/26/22,Early,KB_GT_MF_KVL,,perennial,graminoid,C3,
TB,3,MG,Pascopyrum_smithii,PASM,11.6,1,2,0,0,0,95,5/26/22,Early,KB_GT_MF_KVL,,perennial,graminoid,C3,
TB,3,HG,Pascopyrum_smithii,PASM,15.6,1,3,1,0,0,85,5/26/22,Early,KB_GT_MF_KVL,,perennial,graminoid,C3,
FK,1,LG,Pascopyrum_smithii,PASM,12.5,1,3,0,0,0,75,5/30/22,Early,KB_KVL,,perennial,graminoid,C3,
FK,1,MG,Pascopyrum_smithii,PASM,20.3,1,3,2,0,0,60,5/30/22,Early,KB_KVL,,perennial,graminoid,C3,
FK,1,HG,Pascopyrum_smithii,PASM,12.2,1,3,2,0,0,60,5/30/22,Early,KB_KVL,,perennial,graminoid,C3,
FK,2,LG,Pascopyrum_smithii,PASM,12.9,1,3,0,0,0,95,5/31/22,Early,KB_KVL,,perennial,graminoid,C3,
FK,2,MG,Pascopyrum_smithii,PASM,15.2,1,3,0,0,0,95,5/31/22,Early,KB_KVL,,perennial,graminoid,C3,
FK,2,HG,Pascopyrum_smithii,PASM,18.6,1,3,0,0,0,95,5/31/22,Early,KB_KVL,,perennial,graminoid,C3,
FK,3,LG,Pascopyrum_smithii,PASM,16.4,1,3,1,0,0,90,6/1/22,Early,KB_KVL,,perennial,graminoid,C3,
FK,3,MG,Pascopyrum_smithii,PASM,17.4,1,3,0,0,0,95,6/1/22,Early,KB_KVL,,perennial,graminoid,C3,
FK,3,HG,Pascopyrum_smithii,PASM,11.9,1,3,0,0,0,98,6/1/22,Early,KB_KVL,,perennial,graminoid,C3,
FK,1,LG,Pediomelum_esculentum,PEES,5.3,1,3,0,1,0,95,5/30/22,Early,KB_KVL,,perennial,forb,C3,
FK,1,MG,Pediomelum_esculentum,PEES,7.9,3,6,0,5,0,99,5/30/22,Early,KB_KVL,,perennial,forb,C3,
FK,1,HG,Pediomelum_esculentum,PEES,9.7,2,4,1,2,0,95,5/30/22,Early,KB_KVL,,perennial,forb,C3,
FK,2,LG,Pediomelum_esculentum,PEES,7.5,4,5,0,5,0,100,5/31/22,Early,KB_KVL,,perennial,forb,C3,
FK,2,MG,Pediomelum_esculentum,PEES,5.2,5,6,0,3,0,100,5/31/22,Early,KB_KVL,,perennial,forb,C3,
FK,2,HG,Pediomelum_esculentum,PEES,7.9,8,7,0,4,0,98,5/31/22,Early,KB_KVL,,perennial,forb,C3,
FK,3,LG,Pediomelum_esculentum,PEES,6.8,4,8,0,4,0,98,6/1/22,Early,KB_KVL,,perennial,forb,C3,
FK,3,MG,Pediomelum_esculentum,PEES,8.2,1,3,0,1,0,97,6/1/22,Early,KB_KVL,,perennial,forb,C3,
FK,3,HG,Pediomelum_esculentum,PEES,5.6,4,9,0,4,0,98,6/1/22,Early,KB_KVL,,perennial,forb,C3,
TB,1,LG,Phlox_hoodia,PHHO,1.8,7,35,8,0,0,85,5/25/22,Early,KB_GT_MF_KVL,,perennial,forb,C3,
TB,1,MG,Phlox_hoodia,PHHO,5.4,5,69,0,44,0,95,5/25/22,Early,KB_GT_MF_KVL,,perennial,forb,C3,
TB,1,HG,Phlox_hoodia,PHHO,2.6,6,21,3,3,1,97,5/25/22,Early,KB_GT_MF_KVL,1 dead flower head,perennial,forb,C3,
TB,2,LG,Phlox_hoodia,PHHO,2.8,11,37,0,10,1,100,5/26/22,Early,KB_GT_MF_KVL,,perennial,forb,C3,
TB,2,MG,Phlox_hoodia,PHHO,2.5,6,49,0,2,0,90,5/26/22,Early,KB_GT_MF_KVL,"Plant from B2 Water, 8 dead flowers",perennial,forb,C3,
TB,2,HG,Phlox_hoodia,PHHO,3.1,10,82,0,1,1,80,5/26/22,Early,KB_GT_MF_KVL,3 dead flowers,perennial,forb,C3,
TB,3,LG,Phlox_hoodia,PHHO,2.7,3,94,0,0,0,99,5/26/22,Early,KB_GT_MF_KVL,,perennial,forb,C3,
TB,3,MG,Phlox_hoodia,PHHO,3.4,11,125,0,19,3,90,5/26/22,Early,KB_GT_MF_KVL,"Plant from B3HG, 16 dead flower heads",perennial,forb,C3,
TB,3,HG,Phlox_hoodia,PHHO,1.7,2,134,0,28,1,99,5/26/22,Early,KB_GT_MF_KVL,,perennial,forb,C3,
TB,1,LG,Picradeniopsis_oppositifolia,PIOP,9.9,1,8,0,5,0,95,5/25/22,Early,KB_GT_MF_KVL,Plant from MG B1,perennial,woody,C3,
TB,1,MG,Picradeniopsis_oppositifolia,PIOP,8.7,1,4,0,0,0,100,5/25/22,Early,KB_GT_MF_KVL,,perennial,woody,C3,
TB,1,HG,Picradeniopsis_oppositifolia,PIOP,9.1,0,11,0,0,0,100,5/25/22,Early,KB_GT_MF_KVL,,perennial,woody,C3,
TB,2,LG,Picradeniopsis_oppositifolia,PIOP,4.1,6,16,0,0,0,95,5/26/22,Early,KB_GT_MF_KVL,,perennial,woody,C3,
TB,2,MG,Picradeniopsis_oppositifolia,PIOP,5.5,3,10,0,0,0,100,5/26/22,Early,KB_GT_MF_KVL,Plant from B2 Water,perennial,woody,C3,
TB,2,HG,Picradeniopsis_oppositifolia,PIOP,7,3,5,0,0,0,98,5/26/22,Early,KB_GT_MF_KVL,Plant from B2MG,perennial,woody,C3,
TB,3,LG,Picradeniopsis_oppositifolia,PIOP,,,,,,,,5/26/22,Early,KB_GT_MF_KVL,,perennial,woody,C3,
TB,3,MG,Picradeniopsis_oppositifolia,PIOP,,,,,,,,5/26/22,Early,KB_GT_MF_KVL,,perennial,woody,C3,
TB,3,HG,Picradeniopsis_oppositifolia,PIOP,,,,,,,,5/26/22,Early,KB_GT_MF_KVL,,perennial,woody,C3,
TB,1,LG,Plantago_patagonica,PLPA,3,0,14,0,1,0,95,5/25/22,Early,KB_GT_MF_KVL,,annual,forb,C3,
TB,1,MG,Plantago_patagonica,PLPA,3.9,0,17,1,0,0,99,5/25/22,Early,KB_GT_MF_KVL,,annual,forb,C3,
TB,1,HG,Plantago_patagonica,PLPA,4.5,1,12,0,2,0,95,5/25/22,Early,KB_GT_MF_KVL,Plant came from LG B1,annual,forb,C3,
TB,2,LG,Plantago_patagonica,PLPA,1.8,1,3,1,1,0,95,5/26/22,Early,KB_GT_MF_KVL,,annual,forb,C3,
TB,2,MG,Plantago_patagonica,PLPA,4,14,46,2,2,0,97,5/26/22,Early,KB_GT_MF_KVL,Plant from B2 Water,annual,forb,C3,
TB,2,HG,Plantago_patagonica,PLPA,3.3,0,5,0,0,0,100,5/26/22,Early,KB_GT_MF_KVL,,annual,forb,C3,
TB,3,LG,Plantago_patagonica,PLPA,3.5,0,2,2,1,0,90,5/26/22,Early,KB_GT_MF_KVL,,annual,forb,C3,
TB,3,MG,Plantago_patagonica,PLPA,1.9,0,5,0,1,0,99,5/26/22,Early,KB_GT_MF_KVL,Plant from B3HG,annual,forb,C3,
TB,3,HG,Plantago_patagonica,PLPA,3.5,0,4,0,2,0,95,5/26/22,Early,KB_GT_MF_KVL,,annual,forb,C3,
FK,1,LG,Plantago_patagonica,PLPA,4.4,0,5,5,0,0,90,5/30/22,Early,KB_KVL,,annual,forb,C3,
FK,1,MG,Plantago_patagonica,PLPA,4,0,5,1,1,0,99,5/30/22,Early,KB_KVL,,annual,forb,C3,
FK,1,HG,Plantago_patagonica,PLPA,3.8,1,4,1,1,0,99,5/30/22,Early,KB_KVL,,annual,forb,C3,
FK,2,LG,Plantago_patagonica,PLPA,3.2,0,9,3,1,0,95,5/31/22,Early,KB_KVL,,annual,forb,C3,
FK,2,MG,Plantago_patagonica,PLPA,2.9,0,5,4,1,0,98,5/31/22,Early,KB_KVL,,annual,forb,C3,
FK,2,HG,Plantago_patagonica,PLPA,3.4,0,4,2,1,0,95,5/31/22,Early,KB_KVL,,annual,forb,C3,
FK,3,LG,Plantago_patagonica,PLPA,2.4,1,3,4,1,0,98,6/1/22,Early,KB_KVL,,annual,forb,C3,
FK,3,MG,Plantago_patagonica,PLPA,3.8,0,5,3,1,0,98,6/1/22,Early,KB_KVL,,annual,forb,C3,
FK,3,HG,Plantago_patagonica,PLPA,2.9,0,5,7,1,0,98,6/1/22,Early,KB_KVL,,annual,forb,C3,
TB,1,LG,Polygonum_aviculare,POAV,,,,,,,,5/25/22,Early,KB_GT_MF_KVL,,,,,
TB,1,MG,Polygonum_aviculare,POAV,,,,,,,,5/25/22,Early,KB_GT_MF_KVL,,,,,
TB,1,HG,Polygonum_aviculare,POAV,,,,,,,,5/25/22,Early,KB_GT_MF_KVL,,,,,
TB,2,LG,Polygonum_aviculare,POAV,,,,,,,,5/26/22,Early,KB_GT_MF_KVL,,,,,
TB,2,MG,Polygonum_aviculare,POAV,,,,,,,,5/26/22,Early,KB_GT_MF_KVL,Plant from B2 Water,,,,
TB,2,HG,Polygonum_aviculare,POAV,,,,,,,,5/26/22,Early,KB_GT_MF_KVL,,,,,
TB,3,LG,Polygonum_aviculare,POAV,,,,,,,,5/26/22,Early,KB_GT_MF_KVL,,,,,
TB,3,MG,Polygonum_aviculare,POAV,,,,,,,,5/26/22,Early,KB_GT_MF_KVL,,,,,
TB,3,HG,Polygonum_aviculare,POAV,,,,,,,,5/26/22,Early,KB_GT_MF_KVL,,,,,
TB,1,LG,Poa_secunda,POSE,6.6,1,1,0,0,2,98,5/25/22,Early,KB_GT_MF_KVL,,perennial,graminoid,C3,
TB,1,MG,Poa_secunda,POSE,5,0,2,0,0,1,98,5/25/22,Early,KB_GT_MF_KVL,,perennial,graminoid,C3,
TB,1,HG,Poa_secunda,POSE,9.6,1,4,0,0,2,95,5/25/22,Early,KB_GT_MF_KVL,,perennial,graminoid,C3,
TB,2,LG,Poa_secunda,POSE,6.5,0,2,0,1,0,75,5/26/22,Early,KB_GT_MF_KVL,,perennial,graminoid,C3,
TB,2,MG,Poa_secunda,POSE,11.1,1,3,2,1,0,90,5/26/22,Early,KB_GT_MF_KVL,Plant from B2 Water,perennial,graminoid,C3,
TB,2,HG,Poa_secunda,POSE,4.7,1,2,0,0,0,95,5/26/22,Early,KB_GT_MF_KVL,,perennial,graminoid,C3,
TB,3,LG,Poa_secunda,POSE,3.6,1,1,1,2,0,60,5/26/22,Early,KB_GT_MF_KVL,,perennial,graminoid,C3,
TB,3,MG,Poa_secunda,POSE,3.4,0,3,0,0,0,99,5/26/22,Early,KB_GT_MF_KVL,Plant from B3HG,perennial,graminoid,C3,
TB,3,HG,Poa_secunda,POSE,4.8,1,3,0,1,0,95,5/26/22,Early,KB_GT_MF_KVL,,perennial,graminoid,C3,
FK,1,LG,Poa_secunda,POSE,5,1,1,2,0,2,75,5/30/22,Early,KB_KVL,,perennial,graminoid,C3,
FK,1,MG,Poa_secunda,POSE,17.1,1,2,0,58,0,100,5/30/22,Early,KB_KVL,,perennial,graminoid,C3,
FK,1,HG,Poa_secunda,POSE,4.5,1,3,0,3,0,70,5/30/22,Early,KB_KVL,,perennial,graminoid,C3,
FK,2,LG,Poa_secunda,POSE,5.1,1,3,1,3,0,75,5/31/22,Early,KB_KVL,,perennial,graminoid,C3,
FK,2,MG,Poa_secunda,POSE,4.4,0,2,0,1,0,75,5/31/22,Early,KB_KVL,,perennial,graminoid,C3,
FK,2,HG,Poa_secunda,POSE,5.9,1,4,0,13,0,95,5/31/22,Early,KB_KVL,,perennial,graminoid,C3,
FK,3,LG,Poa_secunda,POSE,4.6,0,2,1,5,0,90,6/1/22,Early,KB_KVL,,perennial,graminoid,C3,
FK,3,MG,Poa_secunda,POSE,4.5,1,2,1,1,0,70,6/1/22,Early,KB_KVL,,perennial,graminoid,C3,
FK,3,HG,Poa_secunda,POSE,11.9,1,2,0,13,0,99,6/1/22,Early,KB_KVL,,perennial,graminoid,C3,
TB,1,LG,Psoralidium_tenuiflorum,PSTE,3.1,4,1,0,1,0,100,5/25/22,Early,KB_GT_MF_KVL,Plant from MG B1,perennial,forb,C3,
TB,1,MG,Psoralidium_tenuiflorum,PSTE,2.5,10,5,0,2,0,98,5/25/22,Early,KB_GT_MF_KVL,,perennial,forb,C3,
TB,1,HG,Psoralidium_tenuiflorum,PSTE,4,3,4,0,1,0,99,5/25/22,Early,KB_GT_MF_KVL,Plant from B1 MG,perennial,forb,C3,
TB,2,LG,Psoralidium_tenuiflorum,PSTE,4.6,3,2,0,0,0,100,5/26/22,Early,KB_GT_MF_KVL,,perennial,forb,C3,
TB,2,MG,Psoralidium_tenuiflorum,PSTE,5,8,4,0,2,0,99,5/26/22,Early,KB_GT_MF_KVL,Plant from B2 Water,perennial,forb,C3,
TB,2,HG,Psoralidium_tenuiflorum,PSTE,8.1,3,2,0,0,0,100,5/26/22,Early,KB_GT_MF_KVL,,perennial,forb,C3,
TB,3,LG,Psoralidium_tenuiflorum,PSTE,,,,,,,,5/26/22,Early,KB_GT_MF_KVL,,perennial,forb,C3,
TB,3,MG,Psoralidium_tenuiflorum,PSTE,,,,,,,,5/26/22,Early,KB_GT_MF_KVL,,perennial,forb,C3,
TB,3,HG,Psoralidium_tenuiflorum,PSTE,,,,,,,,5/26/22,Early,KB_GT_MF_KVL,,perennial,forb,C3,
FK,1,LG,Psoralidium_tenuiflorum,PSTE,,,,,,,,5/30/22,Early,KB_KVL,,perennial,forb,C3,
FK,1,MG,Psoralidium_tenuiflorum,PSTE,,,,,,,,5/30/22,Early,KB_KVL,,perennial,forb,C3,
FK,1,HG,Psoralidium_tenuiflorum,PSTE,,,,,,,,5/30/22,Early,KB_KVL,,perennial,forb,C3,
FK,2,LG,Psoralidium_tenuiflorum,PSTE,,,,,,,,5/31/22,Early,KB_KVL,,perennial,forb,C3,
FK,2,MG,Psoralidium_tenuiflorum,PSTE,,,,,,,,5/31/22,Early,KB_KVL,,perennial,forb,C3,
FK,2,HG,Psoralidium_tenuiflorum,PSTE,,,,,,,,5/31/22,Early,KB_KVL,,perennial,forb,C3,
FK,3,LG,Psoralidium_tenuiflorum,PSTE,,,,,,,,6/1/22,Early,KB_KVL,,perennial,forb,C3,
FK,3,MG,Psoralidium_tenuiflorum,PSTE,,,,,,,,6/1/22,Early,KB_KVL,,perennial,forb,C3,
FK,3,HG,Psoralidium_tenuiflorum,PSTE,,,,,,,,6/1/22,Early,KB_KVL,,perennial,forb,C3,
TB,1,LG,Sphaeralcea_coccinea,SPCO,2.8,3,2,0,0,0,98,5/25/22,Early,KB_GT_MF_KVL,,perennial,forb,C3,
TB,1,MG,Sphaeralcea_coccinea,SPCO,2.9,2,6,0,0,0,98,5/25/22,Early,KB_GT_MF_KVL,,perennial,forb,C3,
TB,1,HG,Sphaeralcea_coccinea,SPCO,2.9,7,11,0,0,0,99,5/25/22,Early,KB_GT_MF_KVL,,perennial,forb,C3,
TB,2,LG,Sphaeralcea_coccinea,SPCO,3.6,1,9,0,1,0,98,5/26/22,Early,KB_GT_MF_KVL,,perennial,forb,C3,
TB,2,MG,Sphaeralcea_coccinea,SPCO,1.6,2,4,0,0,0,95,5/26/22,Early,KB_GT_MF_KVL,Plant from B2 Water,perennial,forb,C3,
TB,2,HG,Sphaeralcea_coccinea,SPCO,2.5,0,6,0,0,0,98,5/26/22,Early,KB_GT_MF_KVL,,perennial,forb,C3,
TB,3,LG,Sphaeralcea_coccinea,SPCO,6.8,2,7,0,0,0,98,5/26/22,Early,KB_GT_MF_KVL,,perennial,forb,C3,
TB,3,MG,Sphaeralcea_coccinea,SPCO,3.6,1,6,0,0,0,95,5/26/22,Early,KB_GT_MF_KVL,,perennial,forb,C3,
TB,3,HG,Sphaeralcea_coccinea,SPCO,5.6,3,6,0,0,0,90,5/26/22,Early,KB_GT_MF_KVL,,perennial,forb,C3,
FK,1,LG,Sphaeralcea_coccinea,SPCO,9.2,3,5,0,1,0,98,5/30/22,Early,KB_KVL,,perennial,forb,C3,
FK,1,MG,Sphaeralcea_coccinea,SPCO,8.1,5,6,0,1,0,98,5/30/22,Early,KB_KVL,,perennial,forb,C3,
FK,1,HG,Sphaeralcea_coccinea,SPCO,8.3,11,8,0,1,0,99,5/30/22,Early,KB_KVL,,perennial,forb,C3,
FK,2,LG,Sphaeralcea_coccinea,SPCO,7.1,4,6,2,0,0,90,5/31/22,Early,KB_KVL,,perennial,forb,C3,
FK,2,MG,Sphaeralcea_coccinea,SPCO,8.4,8,7,0,1,0,100,5/31/22,Early,KB_KVL,,perennial,forb,C3,
FK,2,HG,Sphaeralcea_coccinea,SPCO,4.6,3,5,1,1,0,90,5/31/22,Early,KB_KVL,,perennial,forb,C3,
FK,3,LG,Sphaeralcea_coccinea,SPCO,5.4,2,9,0,0,0,97,6/1/22,Early,KB_KVL,,perennial,forb,C3,
FK,3,MG,Sphaeralcea_coccinea,SPCO,8.3,3,6,0,1,0,99,6/1/22,Early,KB_KVL,,perennial,forb,C3,
FK,3,HG,Sphaeralcea_coccinea,SPCO,6.9,3,9,0,1,0,97,6/1/22,Early,KB_KVL,,perennial,forb,C3,
TB,1,LG,Sporobolus_cryptandrus,SPCR,,,,,,,,6/28/22,Late,KB,,,,,
TB,1,MG,Sporobolus_cryptandrus,SPCR,,,,,,,,6/28/22,Late,KB,,,,,
TB,1,HG,Sporobolus_cryptandrus,SPCR,,,,,,,,6/28/22,Late,KB,,,,,
TB,2,LG,Sporobolus_cryptandrus,SPCR,,,,,,,,6/29/22,Late,KB,,,,,
TB,2,MG,Sporobolus_cryptandrus,SPCR,,,,,,,,6/29/22,Late,KB,,,,,
TB,2,HG,Sporobolus_cryptandrus,SPCR,,,,,,,,6/29/22,Late,KB,,,,,
TB,3,LG,Sporobolus_cryptandrus,SPCR,,,,,,,,6/29/22,Late,KB,,,,,
TB,3,MG,Sporobolus_cryptandrus,SPCR,,,,,,,,6/29/22,Late,KB,,,,,
TB,3,HG,Sporobolus_cryptandrus,SPCR,,,,,,,,6/29/22,Late,KB,,,,,
FK,1,LG,Sporobolus_cryptandrus,SPCR,23.9,1,0,0,0,0,98,7/1/22,Late,GT_MF_JH,,perennial,graminoid,C4,
FK,1,MG,Sporobolus_cryptandrus,SPCR,20.2,1,2,2,0,0,89,7/1/22,Late,GT_MF_JH,,perennial,graminoid,C4,
FK,1,HG,Sporobolus_cryptandrus,SPCR,28,1,4,4,0,0,86,7/1/22,Late,GT_MF_JH,,perennial,graminoid,C4,
FK,2,LG,Sporobolus_cryptandrus,SPCR,13,1,4,0,0,0,92,7/1/22,Late,GT_MF_JH,Taken from B1MG,perennial,graminoid,C4,
FK,2,MG,Sporobolus_cryptandrus,SPCR,18.2,1,4,1,0,0,97,7/1/22,Late,GT_MF_JH,Taken from B1HG,perennial,graminoid,C4,
FK,2,HG,Sporobolus_cryptandrus,SPCR,14.6,2,3,0,0,0,99,7/1/22,Late,GT_MF_JH,plant from B1MG,perennial,graminoid,C4,
FK,3,LG,Sporobolus_cryptandrus,SPCR,17.9,1,3,2,0,0,85,7/1/22,Late,GT_MF_JH_AY_KW_JA,Plant from B1MG,perennial,graminoid,C4,
FK,3,MG,Sporobolus_cryptandrus,SPCR,21.1,1,4,0,0,0,98,7/1/22,Late,GT_MF_JH_AY_KW_JA,Plant from B1HG,perennial,graminoid,C4,
FK,3,HG,Sporobolus_cryptandrus,SPCR,26.2,1,3,1,0,0,97,7/1/22,Late,AY_JA_KW,Plant from B1HG,perennial,graminoid,C4,
TB,1,LG,Taraxacum_officinale,TAOF,4.5,0,10,0,1,0,65,5/25/22,Early,KB_GT_MF_KVL,1 dead flower head,perennial,forb,C3,
TB,1,MG,Taraxacum_officinale,TAOF,3.6,0,9,0,0,0,85,5/25/22,Early,KB_GT_MF_KVL,1 dead flower head,perennial,forb,C3,
TB,1,HG,Taraxacum_officinale,TAOF,6.2,0,8,0,1,0,98,5/25/22,Early,KB_GT_MF_KVL,,perennial,forb,C3,
TB,2,LG,Taraxacum_officinale,TAOF,1.6,1,4,1,0,0,50,5/26/22,Early,KB_GT_MF_KVL,,perennial,forb,C3,
TB,2,MG,Taraxacum_officinale,TAOF,14.4,0,28,1,6,0,80,5/26/22,Early,KB_GT_MF_KVL,"Plant from B2 Water, 1 seed head, 7 head flowers",perennial,forb,C3,
TB,2,HG,Taraxacum_officinale,TAOF,5.4,0,29,0,10,1,95,5/26/22,Early,KB_GT_MF_KVL,,perennial,forb,C3,
TB,3,LG,Taraxacum_officinale,TAOF,3.1,0,2,0,1,0,60,5/26/22,Early,KB_GT_MF_KVL,,perennial,forb,C3,
TB,3,MG,Taraxacum_officinale,TAOF,2.9,0,5,0,0,0,100,5/26/22,Early,KB_GT_MF_KVL,,perennial,forb,C3,
TB,3,HG,Taraxacum_officinale,TAOF,4.5,0,4,0,0,0,80,5/26/22,Early,KB_GT_MF_KVL,1 dead flower head,perennial,forb,C3,
FK,1,LG,Taraxacum_officinale,TAOF,4.5,0,3,0,0,0,100,5/30/22,Early,KB_KVL,,perennial,forb,C3,
FK,1,MG,Taraxacum_officinale,TAOF,7.2,0,6,0,0,0,95,5/30/22,Early,KB_KVL,,perennial,forb,C3,
FK,1,HG,Taraxacum_officinale,TAOF,3.4,0,10,1,0,0,95,5/30/22,Early,KB_KVL,1 dead flower head,perennial,forb,C3,
FK,2,LG,Taraxacum_officinale,TAOF,4.1,0,12,0,0,0,80,5/31/22,Early,KB_KVL,2 dead flower heads,perennial,forb,C3,
FK,2,MG,Taraxacum_officinale,TAOF,4.3,0,13,0,0,0,95,5/31/22,Early,KB_KVL,3 dead flower heads,perennial,forb,C3,
FK,2,HG,Taraxacum_officinale,TAOF,4.1,0,7,0,0,0,70,5/31/22,Early,KB_KVL,2 dead flower heads,perennial,forb,C3,
FK,3,LG,Taraxacum_officinale,TAOF,3.7,0,8,0,1,0,97,6/1/22,Early,KB_KVL,1 dead flower head,perennial,forb,C3,
FK,3,MG,Taraxacum_officinale,TAOF,4.6,0,7,0,0,0,98,6/1/22,Early,KB_KVL,,perennial,forb,C3,
FK,3,HG,Taraxacum_officinale,TAOF,4.4,0,9,0,0,0,85,6/1/22,Early,KB_KVL,2 dead flower heads,perennial,forb,C3,
TB,1,LG,Tetraneuris_acaulis,TEAC,4.4,5,11,0,0,0,95,5/25/22,Early,KB_GT_MF_KVL,Plant taken from B2LG,perennial,forb,C3,
TB,1,MG,Tetraneuris_acaulis,TEAC,2.6,3,8,0,0,0,98,5/25/22,Early,KB_GT_MF_KVL,Plant found in B2LG,perennial,forb,C3,
TB,1,HG,Tetraneuris_acaulis,TEAC,4.2,2,10,0,0,0,95,5/25/22,Early,KB_GT_MF_KVL,plant from B2LG,perennial,forb,C3,
TB,2,LG,Tetraneuris_acaulis,TEAC,3.6,3,13,6,0,0,90,5/26/22,Early,KB_GT_MF_KVL,,perennial,forb,C3,
TB,2,MG,Tetraneuris_acaulis,TEAC,4.6,4,15,1,0,0,65,5/26/22,Early,KB_GT_MF_KVL,Plant from B2 Water,perennial,forb,C3,
TB,2,HG,Tetraneuris_acaulis,TEAC,8.5,5,32,0,1,0,90,5/26/22,Early,KB_GT_MF_KVL,,perennial,forb,C3,
TB,3,LG,Tetraneuris_acaulis,TEAC,,,,,,,,5/26/22,Early,KB_GT_MF_KVL,,perennial,forb,C3,
TB,3,MG,Tetraneuris_acaulis,TEAC,,,,,,,,5/26/22,Early,KB_GT_MF_KVL,,perennial,forb,C3,
TB,3,HG,Tetraneuris_acaulis,TEAC,,,,,,,,5/26/22,Early,KB_GT_MF_KVL,,perennial,forb,C3,
TB,1,LG,Tragopogon_dubius,TRDU,16.5,1,21,5,0,0,90,5/25/22,Early,KB_GT_MF_KVL,,annual_biennial,forb,C3,
TB,1,MG,Tragopogon_dubius,TRDU,19.9,1,14,1,0,0,95,5/25/22,Early,KB_GT_MF_KVL,,annual_biennial,forb,C3,
TB,1,HG,Tragopogon_dubius,TRDU,27,8,41,0,1,0,95,5/25/22,Early,KB_GT_MF_KVL,,annual_biennial,forb,C3,
TB,2,LG,Tragopogon_dubius,TRDU,20.4,3,32,0,1,0,95,5/26/22,Early,KB_GT_MF_KVL,,annual_biennial,forb,C3,
TB,2,MG,Tragopogon_dubius,TRDU,25.6,8,32,0,1,0,95,5/26/22,Early,KB_GT_MF_KVL,Plant from B2 Water,annual_biennial,forb,C3,
TB,2,HG,Tragopogon_dubius,TRDU,13.8,0,22,1,1,0,85,5/26/22,Early,KB_GT_MF_KVL,,annual_biennial,forb,C3,
TB,3,LG,Tragopogon_dubius,TRDU,17.5,0,19,0,0,0,90,5/26/22,Early,KB_GT_MF_KVL,,annual_biennial,forb,C3,
TB,3,MG,Tragopogon_dubius,TRDU,17.6,5,15,0,1,0,80,5/26/22,Early,KB_GT_MF_KVL,Plant from B3MG,annual_biennial,forb,C3,
TB,3,HG,Tragopogon_dubius,TRDU,22.1,0,31,0,1,0,85,5/26/22,Early,KB_GT_MF_KVL,,annual_biennial,forb,C3,
FK,1,LG,Tragopogon_dubius,TRDU,17.6,2,21,0,1,0,98,5/30/22,Early,KB_KVL,,annual_biennial,forb,C3,
FK,1,MG,Tragopogon_dubius,TRDU,24.9,6,23,1,1,0,95,5/30/22,Early,KB_KVL,,annual_biennial,forb,C3,
FK,1,HG,Tragopogon_dubius,TRDU,17.3,0,23,2,1,0,97,5/30/22,Early,KB_KVL,,annual_biennial,forb,C3,
FK,2,LG,Tragopogon_dubius,TRDU,19.4,3,18,0,1,0,95,5/31/22,Early,KB_KVL,,annual_biennial,forb,C3,
FK,2,MG,Tragopogon_dubius,TRDU,17.8,0,17,1,1,0,95,5/31/22,Early,KB_KVL,,annual_biennial,forb,C3,
FK,2,HG,Tragopogon_dubius,TRDU,19.7,6,22,1,1,0,92,5/31/22,Early,KB_KVL,,annual_biennial,forb,C3,
FK,3,LG,Tragopogon_dubius,TRDU,21.8,1,19,1,1,0,95,6/1/22,Early,KB_KVL,,annual_biennial,forb,C3,
FK,3,MG,Tragopogon_dubius,TRDU,20.3,4,21,0,1,0,99,6/1/22,Early,KB_KVL,,annual_biennial,forb,C3,
FK,3,HG,Tragopogon_dubius,TRDU,12.8,0,19,0,1,0,90,6/1/22,Early,KB_KVL,,annual_biennial,forb,C3,
TB,1,LG,Tradescantia_occidentalis,TROC,,,,,,,,5/25/22,Early,KB_GT_MF_KVL,,,,,
TB,1,MG,Tradescantia_occidentalis,TROC,,,,,,,,5/25/22,Early,KB_GT_MF_KVL,,,,,
TB,1,HG,Tradescantia_occidentalis,TROC,,,,,,,,5/25/22,Early,KB_GT_MF_KVL,,,,,
TB,2,LG,Tradescantia_occidentalis,TROC,,,,,,,,5/26/22,Early,KB_GT_MF_KVL,,,,,
TB,2,MG,Tradescantia_occidentalis,TROC,,,,,,,,5/26/22,Early,KB_GT_MF_KVL,,,,,
TB,2,HG,Tradescantia_occidentalis,TROC,,,,,,,,5/26/22,Early,KB_GT_MF_KVL,,,,,
TB,3,LG,Tradescantia_occidentalis,TROC,,,,,,,,5/26/22,Early,KB_GT_MF_KVL,,,,,
TB,3,MG,Tradescantia_occidentalis,TROC,,,,,,,,5/26/22,Early,KB_GT_MF_KVL,,,,,
TB,3,HG,Tradescantia_occidentalis,TROC,,,,,,,,5/26/22,Early,KB_GT_MF_KVL,,,,,
TB,1,LG,Vicia_americana,VIAM,9.4,5,14,0,5,0,100,5/25/22,Early,KB_GT_MF_KVL,,perennial,forb,C3,
TB,1,MG,Vicia_americana,VIAM,9.5,3,10,0,3,0,95,5/25/22,Early,KB_GT_MF_KVL,,perennial,forb,C3,
TB,1,HG,Vicia_americana,VIAM,9.1,5,5,0,7,0,95,5/25/22,Early,KB_GT_MF_KVL,,perennial,forb,C3,
TB,2,LG,Vicia_americana,VIAM,5.5,1,4,0,1,0,85,5/26/22,Early,KB_GT_MF_KVL,,perennial,forb,C3,
TB,2,MG,Vicia_americana,VIAM,12.6,2,7,0,6,0,98,5/26/22,Early,KB_GT_MF_KVL,Plant from B2 Water,perennial,forb,C3,
TB,2,HG,Vicia_americana,VIAM,5.9,1,5,0,0,0,100,5/26/22,Early,KB_GT_MF_KVL,,perennial,forb,C3,
TB,3,LG,Vicia_americana,VIAM,6.6,1,9,0,1,0,83,5/26/22,Early,KB_GT_MF_KVL,,perennial,forb,C3,
TB,3,MG,Vicia_americana,VIAM,9.5,3,15,0,2,7,90,5/26/22,Early,KB_GT_MF_KVL,,perennial,forb,C3,
TB,3,HG,Vicia_americana,VIAM,8.5,0,21,1,0,0,90,5/26/22,Early,KB_GT_MF_KVL,,perennial,forb,C3,
FK,1,LG,Vicia_americana,VIAM,,,,,,,,5/30/22,Early,KB_KVL,,,,,
FK,1,MG,Vicia_americana,VIAM,,,,,,,,5/30/22,Early,KB_KVL,,,,,
FK,1,HG,Vicia_americana,VIAM,,,,,,,,5/30/22,Early,KB_KVL,,,,,
FK,2,LG,Vicia_americana,VIAM,,,,,,,,5/31/22,Early,KB_KVL,,,,,
FK,2,MG,Vicia_americana,VIAM,,,,,,,,5/31/22,Early,KB_KVL,,,,,
FK,2,HG,Vicia_americana,VIAM,,,,,,,,5/31/22,Early,KB_KVL,,,,,
FK,3,LG,Vicia_americana,VIAM,,,,,,,,6/1/22,Early,KB_KVL,,,,,
FK,3,MG,Vicia_americana,VIAM,,,,,,,,6/1/22,Early,KB_KVL,,,,,
FK,3,HG,Vicia_americana,VIAM,,,,,,,,6/1/22,Early,KB_KVL,,,,,
TB,1,LG,Vulpia_octoflora,VUOC,5.4,0,2,0,1,0,95,5/25/22,Early,KB_GT_MF_KVL,Plant taken from B2LG,annual,graminoid,C3,
TB,1,MG,Vulpia_octoflora,VUOC,4.6,0,3,2,1,0,100,5/25/22,Early,KB_GT_MF_KVL,,annual,graminoid,C3,
TB,1,HG,Vulpia_octoflora,VUOC,5,0,2,3,1,0,80,5/25/22,Early,KB_GT_MF_KVL,Plant from B2LG,annual,graminoid,C3,
TB,2,LG,Vulpia_octoflora,VUOC,4.9,0,3,1,1,0,99,5/26/22,Early,KB_GT_MF_KVL,,annual,graminoid,C3,
TB,2,MG,Vulpia_octoflora,VUOC,3.4,0,3,0,2,0,90,5/26/22,Early,KB_GT_MF_KVL,Plant from B2 Water,annual,graminoid,C3,
TB,2,HG,Vulpia_octoflora,VUOC,4.6,0,3,0,3,0,97,5/26/22,Early,KB_GT_MF_KVL,,annual,graminoid,C3,
TB,3,LG,Vulpia_octoflora,VUOC,,,,,,,,5/26/22,Early,KB_GT_MF_KVL,,annual,graminoid,C3,
TB,3,MG,Vulpia_octoflora,VUOC,,,,,,,,5/26/22,Early,KB_GT_MF_KVL,,annual,graminoid,C3,
TB,3,HG,Vulpia_octoflora,VUOC,,,,,,,,5/26/22,Early,KB_GT_MF_KVL,,annual,graminoid,C3,
FK,1,LG,Vulpia_octoflora,VUOC,8.2,0,1,2,1,0,80,5/30/22,Early,KB_KVL,,annual,graminoid,C3,
FK,1,MG,Vulpia_octoflora,VUOC,4.4,0,3,0,1,0,95,5/30/22,Early,KB_KVL,,annual,graminoid,C3,
FK,1,HG,Vulpia_octoflora,VUOC,5.2,0,2,1,1,0,90,5/30/22,Early,KB_KVL,,annual,graminoid,C3,
FK,2,LG,Vulpia_octoflora,VUOC,6.9,1,1,4,1,0,60,5/31/22,Early,KB_KVL,,annual,graminoid,C3,
FK,2,MG,Vulpia_octoflora,VUOC,9.1,0,2,1,1,0,95,5/31/22,Early,KB_KVL,,annual,graminoid,C3,
FK,2,HG,Vulpia_octoflora,VUOC,8,0,2,0,1,0,95,5/31/22,Early,KB_KVL,,annual,graminoid,C3,
FK,3,LG,Vulpia_octoflora,VUOC,7.6,1,2,5,1,0,90,6/1/22,Early,KB_KVL,,annual,graminoid,C3,
FK,3,MG,Vulpia_octoflora,VUOC,6.2,0,1,3,1,0,80,6/1/22,Early,KB_KVL,,annual,graminoid,C3,
FK,3,HG,Vulpia_octoflora,VUOC,6.1,0,1,2,1,0,70,6/1/22,Early,KB_KVL,,annual,graminoid,C3,