site,block,paddock,genus_species,species_code,leaf_thickness_(mm),wet_leaf_weight_g,date,personelle,season,comments
TB,2,HG,Vulpia_octoflora,VUOC,0.03,0.0002,5/29/2022,KB_KVL,early,
FK,1,HG,Lepidium_densiflorum,LEDE,0.032,0.0002,6/1/2022,KB_KVL,early,
FK,3,MG,Lepidium_densiflorum,LEDE,0.024,0.0002,6/1/2022,KB_KVL,early,
FK,1,MG,Vulpia_octoflora,VUOC,0.032,0.0003,5/30/2022,KB_KVL,early,
FK,2,HG,Vulpia_octoflora,VUOC,0.03,0.0003,6/1/2022,KB_KVL,early,
FK,3,LG,Androsace_ occidentalis,ANOC,0.032,0.0003,6/1/2022,KB_KVL,early,
FK,3,LG,Lepidium_densiflorum,LEDE,0.03,0.0004,6/1/2022,KB_KVL,early,
TB,1,MG,Artemisia_frigida,ARFR,0.039,0.0004,6/30/2022,KB_AY,late,
FK,1,HG,Artemisia_frigida,ARFR,0.029,0.0004,7/2/2022,KB_MF,late,
TB,1,MG,Vulpia_octoflora,VUOC,0.034,0.0005,5/28/2022,KB_KVL,early,
TB,1,HG,Vulpia_octoflora,VUOC,0.027,0.0005,5/28/2022,KB_KVL,early,
FK,1,MG,Androsace_ occidentalis,ANOC,0.039,0.0005,5/30/2022,KB_KVL,early,
FK,1,HG,Logfia_arvensis,LOAR,0.027,0.0005,6/1/2022,KB_KVL,early,
TB,2,MG,Vulpia_octoflora,VUOC,0.037,0.0006,5/28/2022,KB_KVL,early,
TB,2,HG,Phlox_hoodia,PHHO,0.035,0.0006,5/29/2022,KB_KVL,early,
TB,3,LG,Vulpia_octoflora,VUOC,0.035,0.0006,5/29/2022,KB_KVL,early,from B2LG bag that had 3 in it - no other traits 
TB,3,MG,Vulpia_octoflora,VUOC,0.033,0.0006,5/29/2022,KB_KVL,early,
FK,2,MG,Androsace_ occidentalis,ANOC,0.067,0.0006,6/1/2022,KB_KVL,early,
FK,3,LG,Vulpia_octoflora,VUOC,0.03,0.0006,6/1/2022,KB_KVL,early,
TB,2,HG,Lepidium_densiflorum,LEDE,0.03,0.0007,5/28/2022,KB_KVL,early,
TB,3,MG,Alyssum_desetorum,ALDE,0.034,0.0007,5/29/2022,KB_KVL,early,
TB,3,MG,Phlox_hoodia,PHHO,0.037,0.0007,5/29/2022,KB_KVL,early,
TB,3,HG,Bromus_tectorum,BRTE,0.029,0.0007,5/29/2022,KB_KVL,early,
FK,1,MG,Lepidium_densiflorum,LEDE,0.028,0.0007,5/30/2022,KB_KVL,early,
FK,1,HG,Androsace_ occidentalis,ANOC,0.032,0.0007,5/30/2022,KB_KVL,early,
FK,2,LG,Androsace_ occidentalis,ANOC,0.042,0.0007,6/1/2022,KB_KVL,early,
FK,2,MG,Vulpia_octoflora,VUOC,0.033,0.0007,6/1/2022,KB_KVL,early,
FK,3,MG,Hedeoma_hispida,HEHI,0.034,0.0007,6/1/2022,KB_KVL,early,
TB,3,LG,Phlox_hoodia,PHHO,0.046,0.0008,5/29/2022,KB_KVL,early,
TB,3,HG,Phlox_hoodia,PHHO,0.038,0.0008,5/29/2022,KB_KVL,early,
FK,2,LG,Logfia_arvensis,LOAR,0.052,0.0008,6/1/2022,KB_KVL,early,"on scanned sheet, LOAR is under B1HG ROSE on scanned sheet"
FK,3,MG,Vulpia_octoflora,VUOC,0.024,0.0008,6/1/2022,KB_KVL,early,
TB,3,LG,Logfia_arvensis,LOAR,0.033,0.0009,5/29/2022,KB_KVL,early,
FK,2,HG,Androsace_ occidentalis,ANOC,0.046,0.0009,6/1/2022,KB_KVL,early,
TB,1,LG,Artemisia_frigida,ARFR,0.017,0.0009,6/30/2022,KB_AY,late,
TB,1,LG,Alyssum_desetorum,ALDE,0.034,0.001,5/28/2022,KB_KVL,early,
TB,2,LG,Eremogone_hookeri,ERHO,0.031,0.001,5/28/2022,KB_KVL,early,
FK,1,LG,Logfia_arvensis,LOAR,0.037,0.001,5/30/2022,KB_KVL,early,
FK,3,LG,Hedeoma_hispida,HEHI,0.033,0.001,6/1/2022,KB_KVL,early,
FK,3,HG,Androsace_ occidentalis,ANOC,0.04,0.001,6/1/2022,KB_KVL,early,
FK,2,LG,Artemisia_frigida,ARFR,0.028,0.001,7/2/2022,KB_MF,late,
TB,1,LG,Lepidium_densiflorum,LEDE,0.039,0.0011,5/28/2022,KB_KVL,early,
TB,2,MG,Alyssum_desetorum,ALDE,0.036,0.0011,5/28/2022,KB_KVL,early,add 0.0012 to total biomass (wet) 
FK,1,LG,Androsace_ occidentalis,ANOC,0.044,0.0011,5/30/2022,KB_KVL,early,
FK,1,LG,Lepidium_densiflorum,LEDE,0.034,0.0011,5/30/2022,KB_KVL,early,
FK,2,LG,Lepidium_densiflorum,LEDE,0.028,0.0011,6/1/2022,KB_KVL,early,
FK,2,MG,Logfia_arvensis,LOAR,0.032,0.0011,6/1/2022,KB_KVL,early,
FK,2,HG,Hedeoma_hispida,HEHI,0.034,0.0011,6/1/2022,KB_KVL,early,
FK,2,HG,Lepidium_densiflorum,LEDE,0.036,0.0011,6/1/2022,KB_KVL,early,
TB,1,LG,Vulpia_octoflora,VUOC,0.023,0.0012,5/28/2022,KB_KVL,early,
FK,1,LG,Vulpia_octoflora,VUOC,0.034,0.0012,5/30/2022,KB_KVL,early,
FK,1,MG,Hedeoma_hispida,HEHI,0.032,0.0012,5/30/2022,KB_KVL,early,no leaf in leaf bag - check others
FK,1,HG,Vulpia_octoflora,VUOC,0.045,0.0012,6/1/2022,KB_KVL,early,
FK,3,HG,Logfia_arvensis,LOAR,0.036,0.0012,6/2/2022,KB_KVL,early,
TB,1,HG,Alyssum_desetorum,ALDE,0.042,0.0013,5/28/2022,KB_KVL,early,
TB,1,HG,Phlox_hoodia,PHHO,0.032,0.0013,5/28/2022,KB_KVL,early,
TB,2,LG,Descurainia_pinnata,DEPI,0.066,0.0013,5/28/2022,KB_KVL,early,
TB,2,LG,Vulpia_octoflora,VUOC,0.04,0.0013,5/28/2022,KB_KVL,early,
FK,3,MG,Logfia_arvensis,LOAR,0.048,0.0013,6/1/2022,KB_KVL,early,
FK,3,HG,Vulpia_octoflora,VUOC,0.037,0.0013,6/2/2022,KB_KVL,early,
FK,1,MG,Logfia_arvensis,LOAR,0.042,0.0014,5/30/2022,KB_KVL,early,
FK,2,MG,Hedeoma_hispida,HEHI,0.024,0.0014,6/1/2022,KB_KVL,early,
TB,2,HG,Artemisia_frigida,ARFR,0.032,0.0014,6/30/2022,KB_AY,late,
FK,1,LG,Artemisia_frigida,ARFR,0.027,0.0014,7/2/2022,KB_MF,late,
FK,1,MG,Aristida_purpurea,ARPU,0.018,0.0014,7/2/2022,KB_MF,late,
TB,3,HG,Artemisia_frigida,ARFR,0.052,0.00141,6/30/2022,KB_AY,late,
TB,1,LG,Eremogone_hookeri,ERHO,0.045,0.0015,5/28/2022,KB_KVL,early,
TB,1,LG,Logfia_arvensis,LOAR,0.03,0.0015,5/28/2022,KB_KVL,early,
FK,1,HG,Alyssum_desetorum,ALDE,0.04,0.0015,5/30/2022,KB_KVL,early,
FK,2,HG,Logfia_arvensis,LOAR,0.038,0.0015,6/1/2022,KB_KVL,early,
FK,3,MG,Androsace_ occidentalis,ANOC,0.033,0.0015,6/1/2022,KB_KVL,early,
FK,3,HG,Hedeoma_hispida,HEHI,0.028,0.0015,6/2/2022,KB_KVL,early,
TB,2,LG,Artemisia_frigida,ARFR,0.03,0.0015,6/30/2022,KB_AY,late,
FK,2,MG,Artemisia_frigida,ARFR,0.038,0.0015,7/2/2022,KB_MF,late,
TB,1,LG,Descurainia_pinnata,DEPI,0.025,0.0016,5/28/2022,KB_KVL,early,
TB,1,MG,Alyssum_desetorum,ALDE,0.034,0.0016,5/28/2022,KB_KVL,early,
TB,2,LG,Phlox_hoodia,PHHO,0.028,0.0016,5/28/2022,KB_KVL,early,
TB,3,HG,Alyssum_desetorum,ALDE,0.048,0.0016,5/29/2022,KB_KVL,early,
FK,1,LG,Hedeoma_hispida,HEHI,0.037,0.0016,5/30/2022,KB_KVL,early,
TB,1,MG,Eremogone_hookeri,ERHO,0.041,0.0017,5/28/2022,KB_KVL,early,
FK,2,LG,Vulpia_octoflora,VUOC,0.037,0.0017,6/1/2022,KB_KVL,early,
TB,1,HG,Artemisia_frigida,ARFR,0.035,0.0017,6/30/2022,KB_AY,late,
TB,2,MG,Artemisia_frigida,ARFR,0.036,0.0017,6/30/2022,KB_AY,late,
TB,2,MG,Eremogone_hookeri,ERHO,0.043,0.0018,5/28/2022,KB_KVL,early,
FK,1,HG,Hedeoma_hispida,HEHI,0.037,0.0018,6/1/2022,KB_KVL,early,maybe KOMA?
FK,2,LG,Hedeoma_hispida,HEHI,0.047,0.0018,6/1/2022,KB_KVL,early,
FK,2,HG,Artemisia_frigida,ARFR,0.037,0.0018,7/2/2022,KB_MF,late,
FK,3,MG,Artemisia_frigida,ARFR,0.033,0.0018,7/2/2022,KB_MF,late,
TB,1,LG,Phlox_hoodia,PHHO,0.048,0.0019,5/28/2022,KB_KVL,early,
TB,1,MG,Descurainia_pinnata,DEPI,0.034,0.0019,5/28/2022,KB_KVL,early,
FK,2,HG,Bromus_arvensis,BRAR,0.037,0.0019,6/1/2022,KB_KVL,early,
FK,3,HG,Bromus_tectorum,BRTE,0.038,0.0019,6/1/2022,KB_KVL,early,
FK,3,HG,Poa_secunda,POSE,0.036,0.00198,6/2/2022,KB_KVL,early,
TB,1,LG,Hedeoma_hispida,HEHI,0.055,0.002,5/28/2022,KB_KVL,early,
TB,2,HG,Eremogone_hookeri,ERHO,0.048,0.002,5/28/2022,KB_KVL,early,
TB,3,LG,Alyssum_desetorum,ALDE,0.055,0.002,5/29/2022,KB_KVL,early,
TB,3,LG,Draba_reptans,DRRE,0.062,0.002,5/29/2022,KB_KVL,early,
TB,3,HG,Draba_reptans,DRRE,0.045,0.002,5/29/2022,KB_KVL,early,
FK,3,MG,Bromus_arvensis,BRAR,0.051,0.002,6/1/2022,KB_KVL,early,
FK,2,HG,Bromus_tectorum,BRTE,0.038,0.0021,6/1/2022,KB_KVL,early,
FK,3,HG,Artemisia_frigida,ARFR,0.031,0.0021,7/2/2022,KB_MF,late,
TB,2,MG,Bromus_tectorum,BRTE,0.026,0.0022,5/28/2022,KB_KVL,early,
TB,2,MG,Lithospermum_incisum,LIIN,0.045,0.0022,5/28/2022,KB_KVL,early,
TB,3,HG,Collomia_linearis,COLI,,0.0022,5/29/2022,KB_KVL,early,
TB,3,HG,Descurainia_pinnata,DEPI,0.041,0.0022,5/29/2022,KB_KVL,early,
TB,2,MG,Draba_reptans,DRRE,0.041,0.0023,5/28/2022,KB_KVL,early,
TB,1,MG,Lepidium_densiflorum,LEDE,0.037,0.0024,5/28/2022,KB_KVL,early,
FK,3,MG,Aristida_purpurea,ARPU,0.016,0.0026,7/2/2022,KB_MF,late,
TB,3,MG,Descurainia_pinnata,DEPI,0.057,0.0027,5/29/2022,KB_KVL,early,
TB,1,HG,Eremogone_hookeri,ERHO,0.046,0.0028,5/28/2022,KB_KVL,early,
FK,1,MG,Artemisia_frigida,ARFR,0.029,0.0028,7/2/2022,KB_MF,late,
TB,2,HG,Collomia_linearis,COLI,0.053,0.0029,5/28/2022,KB_KVL,early,
FK,3,HG,Bromus_arvensis,BRAR,0.028,0.003,6/1/2022,KB_KVL,early,
FK,3,LG,Artemisia_frigida,ARFR,0.037,0.003,7/2/2022,KB_MF,late,
TB,2,LG,Alyssum_desetorum,ALDE,0.036,0.0031,5/28/2022,KB_KVL,early,
TB,3,MG,Plantago_patagonica,PLPA,0.03,0.0031,5/29/2022,KB_KVL,early,
FK,1,LG,Alyssum_desetorum,ALDE,0.044,0.0031,5/30/2022,KB_KVL,early,
TB,1,MG,Phlox_hoodia,PHHO,0.059,0.0032,5/28/2022,KB_KVL,early,
FK,2,LG,Alyssum_desetorum,ALDE,0.033,0.0033,6/1/2022,KB_KVL,early,
TB,2,HG,Alyssum_desetorum,ALDE,0.063,0.0034,5/28/2022,KB_KVL,early,
TB,3,LG,Plantago_patagonica,PLPA,0.046,0.0034,5/29/2022,KB_KVL,early,
TB,3,HG,Hedeoma_hispida,HEHI,0.043,0.0034,5/29/2022,KB_KVL,early,
FK,2,HG,Alyssum_desetorum,ALDE,0.042,0.0034,6/1/2022,KB_KVL,early,
FK,1,MG,Alyssum_desetorum,ALDE,0.041,0.0035,5/30/2022,KB_KVL,early,
TB,1,HG,Hedeoma_hispida,HEHI,0.036,0.0036,5/28/2022,KB_KVL,early,
TB,2,LG,Hedeoma_hispida,HEHI,0.034,0.0036,5/28/2022,KB_KVL,early,
TB,3,HG,Logfia_arvensis,LOAR,0.033,0.0036,5/29/2022,KB_KVL,early,
FK,3,MG,Alyssum_desetorum,ALDE,0.041,0.0036,6/1/2022,KB_KVL,early,
FK,3,HG,Aristida_purpurea,ARPU,0.021,0.0036,7/2/2022,KB_MF,late,
TB,1,MG,Collomia_linearis,COLI,0.037,0.0037,5/28/2022,KB_KVL,early,
TB,3,MG,Eremogone_hookeri,ERHO,0.052,0.0037,5/29/2022,KB_KVL,early,
FK,3,MG,Bromus_tectorum,BRTE,0.034,0.0037,6/1/2022,KB_KVL,early,
TB,1,MG,Antennaria_parvifolia,ANPA,0.033,0.0038,5/28/2022,KB_KVL,early,
TB,3,LG,Descurainia_pinnata,DEPI,0.049,0.0038,5/29/2022,KB_KVL,early,
TB,3,LG,Eremogone_hookeri,ERHO,0.052,0.0038,5/29/2022,KB_KVL,early,
FK,3,LG,Logfia_arvensis,LOAR,0.052,0.0038,6/1/2022,KB_KVL,early,
TB,3,HG,Eremogone_hookeri,ERHO,0.047,0.0039,5/29/2022,KB_KVL,early,
TB,1,HG,Lepidium_densiflorum,LEDE,0.032,0.004,5/28/2022,KB_KVL,early,
TB,1,HG,Draba_reptans,DRRE,0.045,0.0041,5/28/2022,KB_KVL,early,
TB,3,MG,Logfia_arvensis,LOAR,0.045,0.0041,5/29/2022,KB_KVL,early,
FK,3,HG,Lepidium_densiflorum,LEDE,0.039,0.0041,6/2/2022,KB_KVL,early,
TB,2,MG,Picradeniopsis_ oppositifolia,PIOP,0.037,0.0042,5/28/2022,KB_KVL,early,
FK,1,HG,Artemisia_dracunculus,ARDR,0.033,0.0043,7/2/2022,KB_MF,late,
TB,2,LG,Oenothera_ siffrtescuns,OESU,0.04,0.0044,5/28/2022,KB_KVL,early,
TB,2,MG,Poa_secunda,POSE,0.038,0.0044,5/28/2022,KB_KVL,early,
FK,3,LG,Alyssum_desetorum,ALDE,0.041,0.0044,6/1/2022,KB_KVL,early,
FK,3,LG,Plantago_patagonica,PLPA,0.041,0.0044,6/1/2022,KB_KVL,early,
FK,2,MG,Plantago_patagonica,PLPA,0.031,0.0045,6/1/2022,KB_KVL,early,
FK,2,MG,Lepidium_densiflorum,LEDE,0.043,0.0047,6/1/2022,KB_KVL,early,
TB,1,LG,Collomia_linearis,COLI,0.034,0.0048,5/28/2022,KB_KVL,early,
TB,2,HG,Bromus_arvensis,BRAR,0.024,0.0048,5/28/2022,KB_KVL,early,
FK,1,LG,Bromus_arvensis,BRAR,0.022,0.0048,5/30/2022,KB_KVL,early,
FK,1,LG,Poa_secunda,POSE,0.027,0.0048,5/30/2022,KB_KVL,early,
FK,3,MG,Carex_duriuscula,CADU,0.028,0.0048,6/1/2022,KB_KVL,early,
TB,1,MG,Bromus_arvensis,BRAR,0.038,0.0049,5/28/2022,KB_KVL,early,
TB,1,HG,Logfia_arvensis,LOAR,0.037,0.0049,5/28/2022,KB_KVL,early,
TB,1,HG,Collomia_linearis,COLI,0.039,0.0051,5/28/2022,KB_KVL,early,
TB,1,LG,Aristida_purpurea,ARPU,0.017,0.0051,6/30/2022,KB_AY,late,
FK,3,HG,Artemisia_dracunculus,ARDR,0.037,0.0052,7/2/2022,KB_MF,late,
TB,1,MG,Lomatium_ foeniculaceum,LOFO,0.036,0.0053,5/28/2022,KB_KVL,early,
TB,2,MG,Hedeoma_hispida,HEHI,0.057,0.0053,5/28/2022,KB_KVL,early,
FK,3,HG,Alyssum_desetorum,ALDE,0.056,0.0053,6/1/2022,KB_KVL,early,
TB,1,LG,Gutierrezia_sarothrae,GUSA,0.041,0.0053,6/30/2022,KB_AY,late,
FK,3,MG,Poa_secunda,POSE,0.027,0.0054,6/1/2022,KB_KVL,early,
FK,2,LG,Artemisia_dracunculus,ARDR,0.042,0.0054,7/2/2022,KB_MF,late,Actually ARFR - change on datasheets
TB,1,LG,Draba_reptans,DRRE,0.06,0.0055,5/28/2022,KB_KVL,early,
TB,1,HG,Poa_secunda,POSE,0.026,0.0055,5/28/2022,KB_KVL,early,
TB,2,MG,Erigeron_canus,ERCA,0.04,0.0055,5/28/2022,KB_KVL,early,
TB,3,MG,Bromus_arvensis,BRAR,0.037,0.0055,5/29/2022,KB_KVL,early,
TB,1,MG,Aristida_purpurea,ARPU,0.02,0.0055,6/30/2022,KB_AY,late,
TB,2,LG,Logfia_arvensis,LOAR,0.04,0.0056,5/28/2022,KB_KVL,early,
TB,3,LG,Hedeoma_hispida,HEHI,0.043,0.0057,5/29/2022,KB_KVL,early,
TB,2,LG,Bouteloua_ gracilis,BOGR,0.028,0.0057,6/30/2022,KB_AY,late,
TB,1,MG,Draba_reptans,DRRE,0.045,0.0058,5/28/2022,KB_KVL,early,
TB,3,MG,Gutierrezia_sarothrae,GUSA,0.047,0.0058,6/30/2022,KB_AY,late,
FK,1,MG,Artemisia_dracunculus,ARDR,0.036,0.0058,7/2/2022,KB_MF,late,
FK,2,HG,Aristida_purpurea,ARPU,0.019,0.0058,7/2/2022,KB_MF,late,
TB,3,LG,Erigeron_pumilus,ERPU,0.044,0.0059,5/29/2022,KB_KVL,early,
FK,2,MG,Alyssum_desetorum,ALDE,0.061,0.0059,6/1/2022,KB_KVL,early,
TB,2,LG,Collomia_linearis,COLI,0.035,0.006,5/28/2022,KB_KVL,early,
TB,2,HG,Logfia_arvensis,LOAR,0.03,0.006,5/29/2022,KB_KVL,early,
TB,2,MG,Gutierrezia_sarothrae,GUSA,0.044,0.006,6/30/2022,KB_AY,late,
TB,2,LG,Gutierrezia_sarothrae,GUSA,0.041,0.0061,6/30/2022,KB_AY,late,
TB,3,MG,Bromus_tectorum,BRTE,0.023,0.0062,5/29/2022,KB_KVL,early,
FK,1,MG,Bromus_arvensis,BRAR,0.022,0.0062,5/30/2022,KB_KVL,early,
FK,1,MG,Plantago_patagonica,PLPA,0.046,0.0062,5/30/2022,KB_KVL,early,
TB,1,MG,Gutierrezia_sarothrae,GUSA,0.038,0.0062,6/30/2022,KB_AY,late,
TB,2,HG,Poa_secunda,POSE,0.024,0.0064,5/29/2022,KB_KVL,early,
TB,3,HG,Bromus_arvensis,BRAR,0.034,0.0064,5/29/2022,KB_KVL,early,
FK,1,HG,Bromus_tectorum,BRTE,0.029,0.0064,5/30/2022,KB_KVL,early,
TB,3,HG,Bouteloua_ gracilis,BOGR,0.041,0.0064,6/30/2022,KB_AY,late,
FK,2,MG,Artemisia_dracunculus,ARDR,0.031,0.0065,7/2/2022,KB_MF,late,
TB,2,LG,Lepidium_densiflorum,LEDE,0.032,0.0066,5/28/2022,KB_KVL,early,
TB,3,LG,Poa_secunda,POSE,0.03,0.0067,5/29/2022,KB_KVL,early,
FK,1,MG,Lydogesmia_juncea,LYJU,0.039,0.0067,5/30/2022,KB_KVL,early,
TB,1,MG,Oenothera_ siffrtescuns,OESU,0.028,0.0068,5/28/2022,KB_KVL,early,
TB,3,LG,Collomia_linearis,COLI,0.038,0.0068,5/29/2022,KB_KVL,early,
TB,2,MG,Logfia_arvensis,LOAR,0.053,0.0069,5/28/2022,KB_KVL,early,
FK,1,HG,Aristida_purpurea,ARPU,0.018,0.0069,7/2/2022,KB_MF,late,
TB,2,HG,Carex_duriuscula,CADU,0.051,0.007,5/28/2022,KB_KVL,early,
TB,3,HG,Poa_secunda,POSE,0.022,0.007,5/29/2022,KB_KVL,early,
TB,2,HG,Gutierrezia_sarothrae,GUSA,0.044,0.0072,6/30/2022,KB_AY,late,
FK,2,MG,Bouteloua_dactyloides,BODA,0.021,0.0073,7/2/2022,KB_MF,late,
FK,3,MG,Artemisia_dracunculus,ARDR,0.039,0.0074,7/2/2022,KB_MF,late,
FK,1,HG,Bromus_arvensis,BRAR,0.026,0.0075,5/30/2022,KB_KVL,early,
FK,1,LG,Artemisia_dracunculus,ARDR,0.037,0.0075,7/2/2022,KB_MF,late,
TB,1,LG,Oenothera_ siffrtescuns,OESU,0.038,0.0076,5/28/2022,KB_KVL,early,
FK,3,LG,Carex_filifolia,CAFI,0.04,0.0076,6/1/2022,KB_KVL,early,
FK,1,MG,Bromus_tectorum,BRTE,0.035,0.0078,5/30/2022,KB_KVL,early,
FK,2,LG,Poa_secunda,POSE,0.034,0.0078,6/1/2022,KB_KVL,early,
FK,2,MG,Bouteloua_gracilis,BOGR,0.021,0.0078,7/2/2022,KB_MF,late,
TB,1,HG,Gutierrezia_sarothrae,GUSA,0.048,0.0079,6/30/2022,KB_AY,late,
TB,1,LG,Hesperostipa_comata,HECO,0.032,0.008,5/28/2022,KB_KVL,early,
FK,3,MG,Bouteloua_gracilis,BOGR,0.022,0.008,7/2/2022,KB_MF,late,
TB,2,LG,Aristida_purpurea,ARPU,0.024,0.0081,6/30/2022,KB_AY,late,
FK,1,HG,Bouteloua_dactyloides,BODA,0.022,0.0081,7/2/2022,KB_MF,late,
TB,2,HG,Oenothera_ siffrtescuns,OESU,0.039,0.0082,5/29/2022,KB_KVL,early,
TB,2,LG,Artemisia_tridentata,ARTR,0.037,0.0082,6/30/2022,KB_AY,late,
TB,2,HG,Artemisia_tridentata,ARTR,0.049,0.0082,6/30/2022,KB_AY,late,
TB,1,MG,Carex_duriuscula,CADU,0.034,0.0083,5/28/2022,KB_KVL,early,
TB,2,MG,Erigeron_pumilus,ERPU,0.029,0.0084,5/28/2022,KB_KVL,early,
TB,1,LG,Bouteloua_ gracilis,BOGR,0.018,0.0084,6/30/2022,KB_AY,late,
FK,3,MG,Bouteloua_dactyloides,BODA,0.024,0.0084,7/2/2022,KB_MF,late,
TB,3,HG,Carex_filifolia,CAFI,0.032,0.0085,5/29/2022,KB_KVL,early,
TB,1,LG,Poa_secunda,POSE,0.021,0.0086,5/28/2022,KB_KVL,early,
TB,1,HG,Oenothera_ siffrtescuns,OESU,0.034,0.0086,5/28/2022,KB_KVL,early,
TB,1,HG,Aristida_purpurea,ARPU,0.018,0.0086,6/30/2022,KB_AY,late,
TB,1,HG,Carex_filifolia,CAFI,0.037,0.0087,5/28/2022,KB_KVL,early,
FK,2,LG,Plantago_patagonica,PLPA,0.04,0.0087,6/1/2022,KB_KVL,early,
FK,1,HG,Poa_secunda,POSE,0.031,0.0088,6/1/2022,KB_KVL,early,
FK,2,LG,Lydogesmia_juncea,LYJU,0.056,0.0088,6/1/2022,KB_KVL,early,
TB,3,LG,Gutierrezia_sarothrae,GUSA,0.04,0.0088,6/30/2022,KB_AY,late,
FK,2,LG,Aristida_purpurea,ARPU,0.018,0.0088,7/2/2022,KB_MF,late,
TB,1,HG,Carex_duriuscula,CADU,0.037,0.0089,5/28/2022,KB_KVL,early,
TB,2,MG,Bouteloua_ gracilis,BOGR,0.026,0.0089,6/30/2022,KB_AY,late,
TB,3,LG,Koeleria_macrantha,KOMA,0.035,0.009,5/29/2022,KB_KVL,early,
TB,2,HG,Bouteloua_ gracilis,BOGR,0.026,0.009,6/30/2022,KB_AY,late,
FK,2,LG,Bouteloua_gracilis,BOGR,0.021,0.009,7/2/2022,KB_MF,late,
TB,3,LG,Bouteloua_ gracilis,BOGR,0.024,0.0091,6/30/2022,KB_AY,late,
TB,3,MG,Draba_reptans,DRRE,0.062,0.0092,5/29/2022,KB_KVL,early,
TB,1,MG,Hedeoma_hispida,HEHI,0.037,0.0093,5/28/2022,KB_KVL,early,
FK,3,LG,Bromus_tectorum,BRTE,0.036,0.0093,6/1/2022,KB_KVL,early,
TB,1,LG,Erigeron_pumilus,ERPU,0.053,0.0094,5/28/2022,KB_KVL,early,
FK,2,HG,Plantago_patagonica,PLPA,0.032,0.0094,6/1/2022,KB_KVL,early,
TB,2,LG,Carex_duriuscula,CADU,0.061,0.0097,5/28/2022,KB_KVL,early,
FK,1,LG,Aristida_purpurea,ARPU,0.03,0.0097,7/2/2022,KB_MF,late,
TB,3,LG,Carex_filifolia,CAFI,0.033,0.0098,5/29/2022,KB_KVL,early,
TB,1,HG,Picradeniopsis_ oppositifolia,PIOP,0.057,0.01,5/28/2022,KB_KVL,early,
TB,1,HG,Antennaria_parvifolia,ANPA,0.037,0.0101,5/28/2022,KB_KVL,early,
TB,2,HG,Lithospermum_incisum,LIIN,0.025,0.0101,5/28/2022,KB_KVL,early,
TB,1,LG,Artemisia_tridentata,ARTR,0.023,0.0101,6/30/2022,KB_AY,late,
FK,1,LG,Bouteloua_dactyloides,BODA,0.026,0.0101,7/2/2022,KB_MF,late,
TB,3,MG,Koeleria_macrantha,KOMA,0.038,0.0102,5/29/2022,KB_KVL,early,
FK,1,HG,Plantago_patagonica,PLPA,0.03,0.0103,6/1/2022,KB_KVL,early,
FK,2,HG,Poa_secunda,POSE,0.021,0.0103,6/1/2022,KB_KVL,early,
TB,2,MG,Lepidium_densiflorum,LEDE,0.049,0.0104,5/28/2022,KB_KVL,early,
TB,3,HG,Artemisia_tridentata,ARTR,0.028,0.0104,6/30/2022,KB_AY,late,
FK,1,HG,Bouteloua_gracilis,BOGR,0.026,0.0106,7/2/2022,KB_MF,late,
TB,1,HG,Tetraneuris_acaulis,TEAC,0.056,0.0107,5/28/2022,KB_KVL,early,
TB,1,MG,Bouteloua_ gracilis,BOGR,0.027,0.0107,6/30/2022,KB_AY,late,
FK,2,HG,Artemisia_dracunculus,ARDR,0.04,0.0107,7/2/2022,KB_MF,late,
FK,3,LG,Bouteloua_dactyloides,BODA,0.023,0.0107,7/2/2022,KB_MF,late,
TB,1,MG,Erigeron_pumilus,ERPU,0.034,0.0108,5/28/2022,KB_KVL,early,
TB,2,MG,Oenothera_ siffrtescuns,OESU,0.026,0.0108,5/28/2022,KB_KVL,early,
FK,1,MG,Bouteloua_dactyloides,BODA,0.016,0.0109,7/2/2022,KB_MF,late,
FK,1,HG,Carex_filifolia,CAFI,0.055,0.011,6/1/2022,KB_KVL,early,
FK,2,LG,Bouteloua_dactyloides,BODA,0.027,0.011,7/2/2022,KB_MF,late,
TB,2,HG,Antennaria_parvifolia,ANPA,0.046,0.0112,5/28/2022,KB_KVL,early,
FK,2,LG,Bromus_arvensis,BRAR,0.033,0.0113,6/1/2022,KB_KVL,early,
FK,3,HG,Plantago_patagonica,PLPA,0.041,0.0113,6/2/2022,KB_KVL,early,
TB,1,MG,Tetraneuris_acaulis,TEAC,0.044,0.0114,5/28/2022,KB_KVL,early,
TB,1,MG,Poa_secunda,POSE,0.035,0.0115,5/28/2022,KB_KVL,early,
FK,2,MG,Poa_secunda,POSE,0.048,0.0115,6/1/2022,KB_KVL,early,
TB,1,HG,Lomatium_ foeniculaceum,LOFO,0.032,0.0116,5/28/2022,KB_KVL,early,
TB,2,HG,Hedeoma_hispida,HEHI,0.056,0.0116,5/28/2022,KB_KVL,early,
FK,3,LG,Bouteloua_gracilis,BOGR,0.023,0.0118,7/2/2022,KB_MF,late,
TB,2,HG,Carex_filifolia,CAFI,0.052,0.0119,5/28/2022,KB_KVL,early,
TB,2,LG,Draba_reptans,DRRE,0.062,0.012,5/28/2022,KB_KVL,early,
FK,3,LG,Poa_secunda,POSE,0.034,0.012,6/1/2022,KB_KVL,early,
TB,1,HG,Hesperostipa_comata,HECO,0.02,0.0123,5/28/2022,KB_KVL,early,
TB,3,MG,Hedeoma_hispida,HEHI,0.049,0.0123,5/29/2022,KB_KVL,early,
FK,3,LG,Lydogesmia_juncea,LYJU,0.059,0.0123,6/1/2022,KB_KVL,early,
TB,3,MG,Artemisia_tridentata,ARTR,0.045,0.0123,6/30/2022,KB_AY,late,
TB,3,LG,Lithospermum_incisum,LIIN,0.03,0.0124,5/29/2022,KB_KVL,early,
FK,3,LG,Artemisia_dracunculus,ARDR,0.039,0.0126,7/2/2022,KB_MF,late,
TB,3,MG,Bouteloua_ gracilis,BOGR,0.019,0.0127,6/30/2022,KB_AY,late,
FK,2,MG,Conyza_canadensis,COCA,0.048,0.0128,6/1/2022,KB_KVL,early,
TB,3,LG,Bromus_arvensis,BRAR,0.022,0.0129,5/29/2022,KB_KVL,early,
TB,2,HG,Draba_reptans,DRRE,0.073,0.013,5/28/2022,KB_KVL,early,
FK,3,MG,Plantago_patagonica,PLPA,0.048,0.013,6/1/2022,KB_KVL,early,
FK,1,MG,Bouteloua_gracilis,BOGR,0.024,0.013,7/2/2022,KB_MF,late,
FK,1,LG,Carex_duriuscula,CADU,0.038,0.0131,5/30/2022,KB_KVL,early,
TB,3,MG,Erigeron_pumilus,ERPU,0.045,0.0132,5/29/2022,KB_KVL,early,
FK,2,MG,Lithospermum_incisum,LIIN,0.046,0.0132,6/1/2022,KB_KVL,early,
TB,3,LG,Antennaria_parvifolia,ANPA,0.033,0.0133,5/29/2022,KB_KVL,early,
TB,3,MG,Poa_secunda,POSE,0.034,0.0133,5/29/2022,KB_KVL,early,
TB,2,MG,Descurainia_pinnata,DEPI,0.045,0.0135,5/28/2022,KB_KVL,early,
FK,2,LG,Carex_duriuscula,CADU,0.056,0.0136,6/1/2022,KB_KVL,early,
FK,2,HG,Bouteloua_gracilis,BOGR,0.022,0.0136,7/2/2022,KB_MF,late,
TB,2,HG,Plantago_patagonica,PLPA,0.043,0.0137,5/29/2022,KB_KVL,early,
TB,3,HG,Erigeron_pumilus,ERPU,0.046,0.0139,5/29/2022,KB_KVL,early,
FK,3,LG,Bromus_arvensis,BRAR,0.058,0.014,6/1/2022,KB_KVL,early,
TB,1,MG,Carex_filifolia,CAFI,0.051,0.0141,5/28/2022,KB_KVL,early,
FK,1,HG,Carex_duriuscula,CADU,0.043,0.0141,5/30/2022,KB_KVL,early,
FK,2,LG,Conyza_canadensis,COCA,0.042,0.0141,6/1/2022,KB_KVL,early,
TB,3,HG,Plantago_patagonica,PLPA,0.035,0.0142,5/29/2022,KB_KVL,early,
FK,3,HG,Bouteloua_gracilis,BOGR,0.022,0.0143,7/2/2022,KB_MF,late,
FK,1,HG,Hesperostipa_comata,HECO,0.025,0.0144,6/1/2022,KB_KVL,early,
FK,3,HG,Lydogesmia_juncea,LYJU,0.044,0.0144,6/2/2022,KB_KVL,early,
TB,3,MG,Carex_duriuscula,CADU,0.054,0.0146,5/29/2022,KB_KVL,early,
FK,3,LG,Carex_duriuscula,CADU,0.033,0.0146,6/1/2022,KB_KVL,early,
TB,3,LG,Carex_duriuscula,CADU,0.034,0.0147,5/29/2022,KB_KVL,early,
TB,3,LG,Artemisia_tridentata,ARTR,0.047,0.0149,6/30/2022,KB_AY,late,
TB,1,LG,Carex_duriuscula,CADU,0.026,0.015,5/28/2022,KB_KVL,early,
FK,1,LG,Plantago_patagonica,PLPA,0.038,0.0151,5/30/2022,KB_KVL,early,
FK,2,MG,Bromus_tectorum,BRTE,0.026,0.0152,6/1/2022,KB_KVL,early,
TB,2,HG,Erigeron_pumilus,ERPU,0.038,0.0153,5/28/2022,KB_KVL,early,
TB,3,HG,Erigeron_canus,ERCA,0.036,0.0157,5/29/2022,KB_KVL,early,
FK,2,HG,Bouteloua_dactyloides,BODA,0.027,0.0157,7/2/2022,KB_MF,late,
FK,3,HG,Bouteloua_dactyloides,BODA,0.022,0.0158,7/2/2022,KB_MF,late,labeled B3 HG BOGR on scan (bottom right)
TB,2,LG,Koeleria_macrantha,KOMA,0.04,0.016,5/28/2022,KB_KVL,early,
TB,2,LG,Plantago_patagonica,PLPA,0.038,0.016,5/28/2022,KB_KVL,early,
TB,2,MG,Carex_duriuscula,CADU,0.033,0.016,5/28/2022,KB_KVL,early,
TB,1,LG,Antennaria_parvifolia,ANPA,0.047,0.0161,5/28/2022,KB_KVL,early,
FK,1,HG,Conyza_canadensis,COCA,0.041,0.0161,6/1/2022,KB_KVL,early,
FK,3,HG,Koeleria_macrantha,KOMA,0.035,0.0162,6/2/2022,KB_KVL,early,
FK,3,MG,Hesperostipa_comata,HECO,0.035,0.0163,6/1/2022,KB_KVL,early,
TB,2,LG,Erigeron_canus,ERCA,0.03,0.0164,5/28/2022,KB_KVL,early,
TB,1,LG,Carex_filifolia,CAFI,0.042,0.0165,5/28/2022,KB_KVL,early,
TB,1,LG,Koeleria_macrantha,KOMA,0.036,0.0165,5/28/2022,KB_KVL,early,
TB,2,MG,Antennaria_parvifolia,ANPA,0.024,0.0166,5/28/2022,KB_KVL,early,
TB,2,LG,Carex_filifolia,CAFI,0.044,0.0167,5/28/2022,KB_KVL,early,
FK,1,LG,Bouteloua_gracilis,BOGR,0.031,0.0167,7/2/2022,KB_MF,late,
TB,1,HG,Bromus_arvensis,BRAR,0.027,0.0168,5/28/2022,KB_KVL,early,
TB,1,LG,Bromus_arvensis,BRAR,0.027,0.0169,5/28/2022,KB_KVL,early,
TB,2,LG,Taraxacum_officinale,TAOF,0.03,0.0169,5/28/2022,KB_KVL,early,
TB,3,MG,Antennaria_parvifolia,ANPA,0.034,0.0171,5/29/2022,KB_KVL,early,
TB,2,LG,Bromus_tectorum,BRTE,0.028,0.0172,5/28/2022,KB_KVL,early,
TB,3,LG,Erigeron_canus,ERCA,0.044,0.0172,5/29/2022,KB_KVL,early,
TB,3,HG,Antennaria_parvifolia,ANPA,0.054,0.0172,5/29/2022,KB_KVL,early,
TB,3,HG,Hesperostipa_comata,HECO,0.028,0.0172,5/29/2022,KB_KVL,early,
FK,3,MG,Carex_filifolia,CAFI,0.04,0.0173,6/1/2022,KB_KVL,early,
TB,1,MG,Artemisia_tridentata,ARTR,0.042,0.0173,6/30/2022,KB_AY,late,
TB,3,HG,Koeleria_macrantha,KOMA,0.029,0.0175,5/29/2022,KB_KVL,early,
TB,1,HG,Descurainia_pinnata,DEPI,0.041,0.0177,5/28/2022,KB_KVL,early,
FK,3,HG,Carex_filifolia,CAFI,0.043,0.0177,6/1/2022,KB_KVL,early,
FK,3,MG,Conyza_canadensis,COCA,0.043,0.018,6/1/2022,KB_KVL,early,
TB,1,MG,Lithospermum_incisum,LIIN,0.045,0.0181,5/28/2022,KB_KVL,early,
TB,1,HG,Erigeron_pumilus,ERPU,0.036,0.0183,5/28/2022,KB_KVL,early,
FK,1,LG,Lydogesmia_juncea,LYJU,0.053,0.0184,5/30/2022,KB_KVL,early,
FK,1,LG,Conyza_canadensis,COCA,0.048,0.0185,5/30/2022,KB_KVL,early,
TB,2,HG,Aristida_purpurea,ARPU,0.019,0.0185,6/30/2022,KB_AY,late,
TB,2,MG,Artemisia_tridentata,ARTR,0.049,0.0186,6/30/2022,KB_AY,late,
FK,3,HG,Conyza_canadensis,COCA,0.037,0.0188,6/2/2022,KB_KVL,early,
TB,2,LG,Tetraneuris_acaulis,TEAC,0.062,0.019,5/28/2022,KB_KVL,early,
FK,3,LG,Artemisia_cana,ARCA,0.036,0.0191,7/2/2022,KB_MF,late,
TB,1,MG,Musineon_divaricatum,MUDI,0.057,0.0192,5/28/2022,KB_KVL,early,
TB,1,HG,Erigeron_canus,ERCA,0.039,0.0193,5/28/2022,KB_KVL,early,
FK,1,HG,Lithospermum_incisum,LIIN,0.035,0.0194,6/1/2022,KB_KVL,early,
TB,1,LG,Erigeron_canus,ERCA,0.039,0.0195,5/28/2022,KB_KVL,early,
TB,2,LG,Poa_secunda,POSE,0.029,0.0195,5/28/2022,KB_KVL,early,
TB,2,LG,Hesperostipa_comata,HECO,0.026,0.0201,5/28/2022,KB_KVL,early,
TB,2,MG,Bromus_arvensis,BRAR,0.03,0.0202,5/28/2022,KB_KVL,early,
FK,2,MG,Carex_filifolia,CAFI,0.051,0.0202,6/1/2022,KB_KVL,early,
FK,2,MG,Lydogesmia_juncea,LYJU,0.055,0.0202,6/1/2022,KB_KVL,early,
FK,3,HG,Artemisia_cana,ARCA,0.053,0.0202,7/2/2022,KB_MF,late,
FK,3,HG,Carex_duriuscula,CADU,0.029,0.0203,6/1/2022,KB_KVL,early,
TB,2,LG,Erigeron_pumilus,ERPU,0.045,0.0204,5/28/2022,KB_KVL,early,
TB,2,HG,Bromus_tectorum,BRTE,0.036,0.0206,5/28/2022,KB_KVL,early,
TB,1,MG,Erigeron_canus,ERCA,0.034,0.0211,5/28/2022,KB_KVL,early,
TB,3,MG,Erigeron_canus,ERCA,0.04,0.0211,5/29/2022,KB_KVL,early,
FK,3,LG,Conyza_canadensis,COCA,0.045,0.0212,6/1/2022,KB_KVL,early,
TB,2,LG,Musineon_divaricatum,MUDI,0.039,0.0213,5/28/2022,KB_KVL,early,
TB,2,MG,Sphaeralcea_ coccinea,SPCO,0.07,0.0213,5/28/2022,KB_KVL,early,
FK,2,MG,Carex_duriuscula,CADU,0.041,0.0213,6/1/2022,KB_KVL,early,
FK,1,MG,Poa_secunda,POSE,0.04,0.0214,5/30/2022,KB_KVL,early,
FK,2,HG,Conyza_canadensis,COCA,0.046,0.0214,6/1/2022,KB_KVL,early,
TB,1,LG,Plantago_patagonica,PLPA,0.039,0.0219,5/28/2022,KB_KVL,early,
TB,2,LG,Picradeniopsis_ oppositifolia,PIOP,0.056,0.022,5/28/2022,KB_KVL,early,
TB,2,LG,Lithospermum_incisum,LIIN,0.062,0.0222,5/28/2022,KB_KVL,early,
TB,2,MG,Collomia_linearis,COLI,0.039,0.0223,5/28/2022,KB_KVL,early,
FK,2,LG,Carex_filifolia,CAFI,0.062,0.0224,6/1/2022,KB_KVL,early,
TB,1,LG,Lithospermum_incisum,LIIN,0.063,0.0225,5/28/2022,KB_KVL,early,
TB,2,MG,Plantago_patagonica,PLPA,0.059,0.0227,5/28/2022,KB_KVL,early,
TB,1,LG,Lomatium_ foeniculaceum,LOFO,0.061,0.0229,5/28/2022,KB_KVL,early,
FK,2,MG,Bromus_arvensis,BRAR,0.032,0.0232,6/1/2022,KB_KVL,early,
TB,2,LG,Bromus_arvensis,BRAR,0.03,0.0234,5/28/2022,KB_KVL,early,
TB,2,LG,Antennaria_parvifolia,ANPA,0.043,0.024,5/28/2022,KB_KVL,early,
FK,2,HG,Carex_filifolia,CAFI,0.021,0.024,6/1/2022,KB_KVL,early,
FK,3,MG,Lydogesmia_juncea,LYJU,0.048,0.024,6/1/2022,KB_KVL,early,
FK,3,LG,Aristida_purpurea,ARPU,0.029,0.024,7/2/2022,KB_MF,late,
TB,1,HG,Lithospermum_incisum,LIIN,0.042,0.0241,5/28/2022,KB_KVL,early,
FK,1,LG,Carex_filifolia,CAFI,0.056,0.0242,5/30/2022,KB_KVL,early,
TB,1,MG,Plantago_patagonica,PLPA,0.054,0.0243,5/28/2022,KB_KVL,early,
FK,3,MG,Koeleria_macrantha,KOMA,0.044,0.0244,6/1/2022,KB_KVL,early,
TB,1,HG,Koeleria_macrantha,KOMA,0.032,0.0245,5/28/2022,KB_KVL,early,
FK,1,MG,Carex_filifolia,CAFI,0.037,0.0246,5/30/2022,KB_KVL,early,
FK,1,MG,Lithospermum_incisum,LIIN,0.049,0.0247,5/30/2022,KB_KVL,early,
TB,1,HG,Bouteloua_ gracilis,BOGR,0.028,0.0247,6/30/2022,KB_AY,late,
TB,2,HG,Lomatium_ foeniculaceum,LOFO,0.057,0.025,5/29/2022,KB_KVL,early,
FK,1,HG,Lydogesmia_juncea,LYJU,0.043,0.025,6/1/2022,KB_KVL,early,
TB,2,HG,Koeleria_macrantha,KOMA,0.038,0.0251,5/28/2022,KB_KVL,early,
TB,2,HG,Hesperostipa_comata,HECO,0.036,0.0253,5/28/2022,KB_KVL,early,
TB,3,LG,Hesperostipa_comata,HECO,0.031,0.0253,5/29/2022,KB_KVL,early,
FK,2,MG,Koeleria_macrantha,KOMA,0.036,0.0254,6/1/2022,KB_KVL,early,
FK,2,MG,Artemisia_cana,ARCA,0.029,0.0254,7/2/2022,KB_MF,late,
FK,2,LG,Hesperostipa_comata,HECO,0.033,0.0255,6/1/2022,KB_KVL,early,
TB,1,LG,Sphaeralcea_ coccinea,SPCO,0.038,0.0256,5/28/2022,KB_KVL,early,
TB,1,MG,Koeleria_macrantha,KOMA,0.031,0.0258,5/28/2022,KB_KVL,early,
TB,2,MG,Carex_filifolia,CAFI,0.03,0.026,5/28/2022,KB_KVL,early,
TB,2,MG,Aristida_purpurea,ARPU,0.026,0.026,6/30/2022,KB_AY,late,
FK,2,HG,Hesperostipa_comata,HECO,0.04,0.0261,6/1/2022,KB_KVL,early,
TB,1,LG,Tetraneuris_acaulis,TEAC,0.039,0.0262,5/28/2022,KB_KVL,early,
TB,2,LG,Lomatium_ foeniculaceum,LOFO,0.067,0.0267,5/28/2022,KB_KVL,early,
TB,1,HG,Musineon_divaricatum,MUDI,0.037,0.0272,5/28/2022,KB_KVL,early,
TB,1,LG,Musineon_divaricatum,MUDI,0.063,0.0278,5/28/2022,KB_KVL,early,
TB,1,HG,Artemisia_tridentata,ARTR,0.045,0.0281,6/30/2022,KB_AY,late,
TB,1,LG,Bromus_tectorum,BRTE,0.023,0.0282,5/28/2022,KB_KVL,early,
FK,3,MG,Artemisia_cana,ARCA,0.036,0.0284,7/2/2022,KB_MF,late,
FK,2,MG,Aristida_purpurea,ARPU,0.022,0.0285,7/2/2022,KB_MF,late,
FK,2,LG,Lithospermum_incisum,LIIN,0.054,0.0286,6/1/2022,KB_KVL,early,
FK,1,MG,Conyza_canadensis,COCA,0.042,0.029,5/30/2022,KB_KVL,early,
FK,1,HG,Koeleria_macrantha,KOMA,0.027,0.0297,6/1/2022,KB_KVL,early,
TB,3,HG,Allium_textile,ALTE,0.046,0.0301,5/29/2022,KB_KVL,early,
FK,1,MG,Liatris_punctata,LIPU,0.049,0.0308,5/30/2022,KB_KVL,early,
FK,1,HG,Artemisia_cana,ARCA,0.032,0.031,7/2/2022,KB_MF,late,
TB,2,MG,Musineon_divaricatum,MUDI,0.045,0.0312,5/28/2022,KB_KVL,early,
FK,2,HG,Artemisia_cana,ARCA,0.03,0.0319,7/2/2022,KB_MF,late,
FK,2,MG,Hesperostipa_comata,HECO,0.028,0.0322,6/1/2022,KB_KVL,early,
TB,2,HG,Vicia_americana,VIAM,0.04,0.0324,5/29/2022,KB_KVL,early,
FK,1,LG,Koeleria_macrantha,KOMA,0.033,0.0328,5/30/2022,KB_KVL,early,
TB,3,LG,Lomatium_ foeniculaceum,LOFO,0.05,0.035,5/29/2022,KB_KVL,early,
TB,1,HG,Sphaeralcea_ coccinea,SPCO,0.046,0.0353,5/28/2022,KB_KVL,early,
FK,2,LG,Artemisia_cana,ARCA,0.033,0.0355,7/2/2022,KB_MF,late,
FK,2,HG,Koeleria_macrantha,KOMA,0.039,0.0359,6/1/2022,KB_KVL,early,
FK,1,MG,Carex_duriuscula,CADU,0.028,0.036,5/30/2022,KB_KVL,early,
TB,2,MG,Koeleria_macrantha,KOMA,0.04,0.0361,5/28/2022,KB_KVL,early,
TB,1,HG,Pascopyrum_smithii,PASM,0.033,0.0364,5/28/2022,KB_KVL,early,
TB,3,MG,Hesperostipa_comata,HECO,0.044,0.0364,5/29/2022,KB_KVL,early,
FK,1,MG,Hesperostipa_comata,HECO,0.029,0.0364,5/30/2022,KB_KVL,early,
FK,3,HG,Pascopyrum_smithii,PASM,0.051,0.0374,6/2/2022,KB_KVL,early,
TB,1,LG,Psoralidium_ tenuiflorum,PSTE,0.045,0.0375,5/28/2022,KB_KVL,early,
TB,3,HG,Musineon_divaricatum,MUDI,0.023,0.0379,5/29/2022,KB_KVL,early,
TB,1,MG,Hesperostipa_comata,HECO,0.037,0.0382,5/28/2022,KB_KVL,early,
FK,2,HG,Lithospermum_incisum,LIIN,0.057,0.0382,6/1/2022,KB_KVL,early,
FK,1,MG,Artemisia_cana,ARCA,0.041,0.0387,7/2/2022,KB_MF,late,
TB,2,HG,Nassella_viridula,NAVI,0.025,0.0395,5/29/2022,KB_KVL,early,
TB,1,LG,Allium_textile,ALTE,0.045,0.0398,5/28/2022,KB_KVL,early,
FK,1,MG,Koeleria_macrantha,KOMA,0.036,0.0403,5/30/2022,KB_KVL,early,
FK,2,LG,Koeleria_macrantha,KOMA,0.041,0.0404,6/1/2022,KB_KVL,early,
FK,1,LG,Artemisia_cana,ARCA,0.037,0.0404,7/2/2022,KB_MF,late,
TB,1,HG,Bromus_tectorum,BRTE,0.038,0.0406,5/28/2022,KB_KVL,early,
TB,2,HG,Musineon_divaricatum,MUDI,0.03,0.0414,5/29/2022,KB_KVL,early,
TB,3,LG,Picradeniopsis_ oppositifolia,PIOP,0.042,0.0419,5/29/2022,KB_KVL,early,Change # on other datasheet from MUDI to PIOP
TB,1,MG,Logfia_arvensis,LOAR,0.035,0.0441,5/28/2022,KB_KVL,early,
FK,1,LG,Hesperostipa_comata,HECO,0.035,0.0449,5/30/2022,KB_KVL,early,
FK,3,LG,Hesperostipa_comata,HECO,0.035,0.0449,6/1/2022,KB_KVL,early,
TB,1,MG,Psoralidium_ tenuiflorum,PSTE,0.042,0.045,5/28/2022,KB_KVL,early,
TB,2,MG,Tetraneuris_acaulis,TEAC,0.044,0.0483,5/28/2022,KB_KVL,early,
FK,2,HG,Carex_duriuscula,CADU,0.039,0.0489,6/1/2022,KB_KVL,early,
TB,1,HG,Psoralidium_ tenuiflorum,PSTE,0.042,0.0493,5/28/2022,KB_KVL,early,
TB,2,HG,Erigeron_canus,ERCA,0.054,0.0493,5/28/2022,KB_KVL,early,
TB,2,MG,Psoralidium_ tenuiflorum,PSTE,0.028,0.0495,5/28/2022,KB_KVL,early,
TB,3,MG,Allium_textile,ALTE,0.078,0.0495,5/29/2022,KB_KVL,early,
TB,3,MG,Sphaeralcea_ coccinea,SPCO,0.041,0.0498,5/29/2022,KB_KVL,early,
TB,2,MG,Hesperostipa_comata,HECO,0.036,0.0499,5/28/2022,KB_KVL,early,
FK,1,LG,Lithospermum_incisum,LIIN,0.054,0.0503,5/30/2022,KB_KVL,early,
TB,1,LG,Taraxacum_officinale,TAOF,0.045,0.0508,5/28/2022,KB_KVL,early,
TB,1,MG,Sphaeralcea_ coccinea,SPCO,0.045,0.0508,5/28/2022,KB_KVL,early,
TB,3,HG,Lomatium_ foeniculaceum,LOFO,0.032,0.051,5/29/2022,KB_KVL,early,
FK,3,HG,Hesperostipa_comata,HECO,0.037,0.0511,6/2/2022,KB_KVL,early,
FK,1,LG,Bromus_tectorum,BRTE,0.021,0.0532,5/30/2022,KB_KVL,early,
FK,2,MG,Liatris_punctata,LIPU,0.05,0.0533,6/1/2022,KB_KVL,early,another LIIN - changed on datasheet and scanned data
FK,1,HG,Sporobolus_cryptandrus,SPCR,0.025,0.0533,7/2/2022,KB_MF,late,
TB,2,LG,Sphaeralcea_ coccinea,SPCO,0.043,0.0539,5/28/2022,KB_KVL,early,
FK,1,HG,Taraxacum_officinale,TAOF,0.028,0.0544,6/1/2022,KB_KVL,early,
FK,2,LG,Sporobolus_cryptandrus,SPCR,0.024,0.0545,7/2/2022,KB_MF,late,
FK,2,LG,Taraxacum_officinale,TAOF,0.028,0.0554,6/1/2022,KB_KVL,early,
TB,1,HG,Plantago_patagonica,PLPA,0.045,0.0557,5/28/2022,KB_KVL,early,
TB,2,HG,Allium_textile,ALTE,0.09,0.0564,5/28/2022,KB_KVL,early,
TB,2,LG,Vicia_americana,VIAM,0.037,0.0568,5/28/2022,KB_KVL,early,
FK,3,LG,Koeleria_macrantha,KOMA,0.036,0.0579,6/1/2022,KB_KVL,early,PASM - change on all datasheets
FK,1,LG,Pascopyrum_smithii,PASM,0.046,0.058,5/30/2022,KB_KVL,early,
TB,1,MG,Bromus_tectorum,BRTE,0.047,0.0594,5/28/2022,KB_KVL,early,
TB,2,HG,Psoralidium_ tenuiflorum,PSTE,0.054,0.0597,5/29/2022,KB_KVL,early,
FK,3,LG,Taraxacum_officinale,TAOF,0.042,0.0599,6/1/2022,KB_KVL,early,
FK,2,LG,Pascopyrum_smithii,PASM,0.038,0.0605,6/1/2022,KB_KVL,early,
FK,1,HG,Astragalus_gracilis,ASGR,0.041,0.0606,5/30/2022,KB_KVL,early,
TB,1,MG,Taraxacum_officinale,TAOF,0.03,0.0611,5/28/2022,KB_KVL,early,
TB,2,HG,Pascopyrum_smithii,PASM,0.035,0.0616,5/29/2022,KB_KVL,early,
TB,3,LG,Sphaeralcea_ coccinea,SPCO,0.041,0.0617,5/29/2022,KB_KVL,early,
TB,2,MG,Nassella_viridula,NAVI,0.022,0.062,5/28/2022,KB_KVL,early,
TB,1,LG,Pascopyrum_smithii,PASM,0.037,0.0628,5/28/2022,KB_KVL,early,
TB,3,LG,Allium_textile,ALTE,0.074,0.0636,5/29/2022,KB_KVL,early,
TB,2,MG,Vicia_americana,VIAM,0.043,0.0648,5/28/2022,KB_KVL,early,
TB,1,LG,Nassella_viridula,NAVI,0.039,0.0651,5/28/2022,KB_KVL,early,
FK,3,MG,Sphaeralcea_ coccinea,SPCO,0.039,0.0655,6/1/2022,KB_KVL,early,
TB,2,MG,Allium_textile,ALTE,0.033,0.0656,5/28/2022,KB_KVL,early,
FK,3,MG,Taraxacum_officinale,TAOF,0.041,0.0657,6/1/2022,KB_KVL,early,
TB,3,LG,Vicia_americana,VIAM,0.036,0.0662,5/29/2022,KB_KVL,early,
TB,3,MG,Pascopyrum_smithii,PASM,0.029,0.0679,5/29/2022,KB_KVL,early,
TB,1,MG,Pascopyrum_smithii,PASM,0.035,0.0701,5/28/2022,KB_KVL,early,
TB,1,HG,Allium_textile,ALTE,0.062,0.0702,5/28/2022,KB_KVL,early,
TB,3,MG,Nassella_viridula,NAVI,0.025,0.0705,5/29/2022,KB_KVL,early,
TB,1,LG,Vicia_americana,VIAM,0.027,0.0709,5/28/2022,KB_KVL,early,
TB,1,HG,Nassella_viridula,NAVI,0.021,0.0711,5/28/2022,KB_KVL,early,
TB,1,MG,Nassella_viridula,NAVI,0.025,0.0715,5/28/2022,KB_KVL,early,
TB,3,MG,Vicia_americana,VIAM,0.039,0.0724,5/29/2022,KB_KVL,early,
TB,3,HG,Sphaeralcea_ coccinea,SPCO,0.035,0.0726,5/29/2022,KB_KVL,early,
TB,3,HG,Taraxacum_officinale,TAOF,0.04,0.0729,5/29/2022,KB_KVL,early,
TB,1,HG,Vicia_americana,VIAM,0.038,0.0741,5/28/2022,KB_KVL,early,
TB,3,HG,Nassella_viridula,NAVI,0.022,0.0745,5/29/2022,KB_KVL,early,
FK,3,LG,Lithospermum_incisum,LIIN,0.036,0.0746,6/1/2022,KB_KVL,early,
TB,3,LG,Pascopyrum_smithii,PASM,0.032,0.0749,5/29/2022,KB_KVL,early,
FK,2,HG,Taraxacum_officinale,TAOF,0.05,0.0749,6/1/2022,KB_KVL,early,
FK,3,MG,Sporobolus_cryptandrus,SPCR,0.02,0.0749,7/2/2022,KB_MF,late,
TB,2,MG,Lomatium_ foeniculaceum,LOFO,0.047,0.0752,5/28/2022,KB_KVL,early,
FK,3,LG,Liatris_punctata,LIPU,0.026,0.0783,6/1/2022,KB_KVL,early,
TB,2,HG,Tetraneuris_acaulis,TEAC,0.041,0.0787,5/29/2022,KB_KVL,early,
TB,1,LG,Picradeniopsis_ oppositifolia,PIOP,0.062,0.0791,5/28/2022,KB_KVL,early,
FK,2,LG,Astragalus_purshii,ASPU,0.061,0.0795,6/1/2022,KB_KVL,early,
TB,2,HG,Sphaeralcea_ coccinea,SPCO,0.037,0.0797,5/29/2022,KB_KVL,early,
TB,3,HG,Vicia_americana,VIAM,0.037,0.0812,5/29/2022,KB_KVL,early,
FK,2,HG,Astragalus_gracilis,ASGR,0.043,0.0823,6/1/2022,KB_KVL,early,
FK,3,HG,Sporobolus_cryptandrus,SPCR,0.03,0.0826,7/2/2022,KB_MF,late,
FK,3,LG,Sporobolus_cryptandrus,SPCR,0.02,0.083,7/2/2022,KB_MF,late,
FK,2,LG,Sphaeralcea_ coccinea,SPCO,0.043,0.0848,6/1/2022,KB_KVL,early,
TB,3,HG,Pascopyrum_smithii,PASM,0.035,0.0864,5/29/2022,KB_KVL,early,
FK,1,LG,Taraxacum_officinale,TAOF,0.045,0.0869,5/30/2022,KB_KVL,early,
TB,2,LG,Nassella_viridula,NAVI,0.023,0.087,5/28/2022,KB_KVL,early,
TB,3,MG,Taraxacum_officinale,TAOF,0.031,0.0875,5/29/2022,KB_KVL,early,
FK,3,HG,Sphaeralcea_ coccinea,SPCO,0.045,0.0884,6/2/2022,KB_KVL,early,
FK,2,HG,Sporobolus_cryptandrus,SPCR,0.019,0.0894,7/2/2022,KB_MF,late,
TB,1,HG,Taraxacum_officinale,TAOF,0.043,0.0921,5/28/2022,KB_KVL,early,
TB,3,LG,Nassella_viridula,NAVI,0.024,0.0945,5/29/2022,KB_KVL,early,
TB,2,HG,Picradeniopsis_ oppositifolia,PIOP,0.082,0.097,5/29/2022,KB_KVL,early,
FK,2,HG,Sphaeralcea_ coccinea,SPCO,0.047,0.0976,6/1/2022,KB_KVL,early,
TB,1,MG,Vicia_americana,VIAM,0.036,0.0982,5/28/2022,KB_KVL,early,
FK,1,MG,Sporobolus_cryptandrus,SPCR,0.02,0.0984,7/2/2022,KB_MF,late,
FK,1,HG,Pascopyrum_smithii,PASM,0.038,0.0987,6/1/2022,KB_KVL,early,
FK,1,MG,Taraxacum_officinale,TAOF,0.029,0.10108,5/30/2022,KB_KVL,early,
FK,2,MG,Pascopyrum_smithii,PASM,0.035,0.1011,6/1/2022,KB_KVL,early,
FK,3,HG,Liatris_punctata,LIPU,0.055,0.1014,6/2/2022,KB_KVL,early,
FK,1,LG,Sphaeralcea_ coccinea,SPCO,0.058,0.1017,5/30/2022,KB_KVL,early,
FK,3,LG,Sphaeralcea_ coccinea,SPCO,0.039,0.1025,6/1/2022,KB_KVL,early,
TB,3,MG,Musineon_divaricatum,MUDI,0.035,0.1033,5/29/2022,KB_KVL,early,
FK,3,HG,Taraxacum_officinale,TAOF,0.042,0.1034,6/2/2022,KB_KVL,early,
FK,2,HG,Pascopyrum_smithii,PASM,0.04,0.1048,6/1/2022,KB_KVL,early,
FK,3,LG,Pascopyrum_smithii,PASM,0.048,0.1083,6/1/2022,KB_KVL,early,
TB,3,LG,Taraxacum_officinale,TAOF,0.033,0.1092,5/29/2022,KB_KVL,early,
FK,2,HG,Liatris_punctata,LIPU,0.053,0.1115,6/1/2022,KB_KVL,early,
FK,2,MG,Astragalus_gracilis,ASGR,0.049,0.1123,6/1/2022,KB_KVL,early,
TB,2,HG,Tragopogon_dubius,TRDU,0.03,0.113,5/29/2022,KB_KVL,early,
FK,3,HG,Lithospermum_incisum,LIIN,0.064,0.1174,6/2/2022,KB_KVL,early,
FK,3,MG,Pascopyrum_smithii,PASM,0.053,0.1178,6/1/2022,KB_KVL,early,
FK,1,HG,Tragopogon_dubius,TRDU,0.034,0.1199,6/1/2022,KB_KVL,early,
FK,3,HG,Tragopogon_dubius,TRDU,0.055,0.1218,6/2/2022,KB_KVL,early,
FK,2,MG,Taraxacum_officinale,TAOF,0.028,0.1241,6/1/2022,KB_KVL,early,
FK,1,HG,Liatris_punctata,LIPU,0.039,0.1263,6/1/2022,KB_KVL,early,
FK,1,LG,Liatris_punctata,LIPU,0.05,0.1282,5/30/2022,KB_KVL,early,
FK,2,HG,Astragalus_purshii,ASPU,0.045,0.1324,6/1/2022,KB_KVL,early,
FK,3,LG,Astragalus_gracilis,ASGR,0.035,0.1337,6/1/2022,KB_KVL,early,
FK,1,MG,Astragalus_gracilis,ASGR,0.039,0.1351,5/30/2022,KB_KVL,early,
FK,2,LG,Astragalus_gracilis,ASGR,0.056,0.1363,6/1/2022,KB_KVL,early,
TB,3,MG,Tragopogon_dubius,TRDU,0.027,0.1367,5/29/2022,KB_KVL,early,
TB,3,MG,Lomatium_ foeniculaceum,LOFO,0.042,0.1402,5/29/2022,KB_KVL,early,
FK,3,MG,Astragalus_gracilis,ASGR,0.034,0.1405,6/1/2022,KB_KVL,early,
FK,1,LG,Astragalus_gracilis,ASGR,0.041,0.1412,5/30/2022,KB_KVL,early,
FK,1,MG,Pascopyrum_smithii,PASM,0.045,0.1455,5/30/2022,KB_KVL,early,
FK,1,LG,Astragalus_purshii,ASPU,0.039,0.1466,5/30/2022,KB_KVL,early,
FK,3,HG,Astragalus_gracilis,ASGR,0.033,0.1469,6/1/2022,KB_KVL,early,
TB,2,MG,Pascopyrum_smithii,PASM,0.04,0.1494,5/28/2022,KB_KVL,early,
FK,1,MG,Sphaeralcea_ coccinea,SPCO,0.031,0.1495,5/30/2022,KB_KVL,early,
FK,1,LG,Pediomelum_ esculentum,PEES,0.045,0.1533,5/30/2022,KB_KVL,early,
TB,3,LG,Tragopogon_dubius,TRDU,0.042,0.1545,5/29/2022,KB_KVL,early,
FK,2,LG,Tragopogon_dubius,TRDU,0.033,0.1563,6/1/2022,KB_KVL,early,
FK,3,HG,Astragalus_purshii,ASPU,0.048,0.1583,6/1/2022,KB_KVL,early,
TB,2,HG,Taraxacum_officinale,TAOF,0.03,0.1586,5/29/2022,KB_KVL,early,
FK,3,MG,Lithospermum_incisum,LIIN,0.058,0.1599,6/1/2022,KB_KVL,early,LIPU - change on all things
FK,2,HG,Tragopogon_dubius,TRDU,0.035,0.1618,6/1/2022,KB_KVL,early,
FK,2,MG,Sporobolus_cryptandrus,SPCR,0.034,0.1633,7/2/2022,KB_MF,late,
TB,2,MG,Taraxacum_officinale,TAOF,0.02,0.1655,5/28/2022,KB_KVL,early,
FK,1,LG,Tragopogon_dubius,TRDU,0.042,0.1665,5/30/2022,KB_KVL,early,
TB,1,MG,Tragopogon_dubius,TRDU,0.057,0.1674,5/28/2022,KB_KVL,early,
FK,3,MG,Liatris_punctata,LIPU,0.043,0.168,6/1/2022,KB_KVL,early,
FK,3,LG,Tragopogon_dubius,TRDU,0.055,0.1697,6/1/2022,KB_KVL,early,
FK,2,MG,Tragopogon_dubius,TRDU,0.048,0.1706,6/1/2022,KB_KVL,early,
FK,1,HG,Sphaeralcea_ coccinea,SPCO,0.044,0.1723,6/1/2022,KB_KVL,early,
FK,2,MG,Sphaeralcea_ coccinea,SPCO,0.042,0.1816,6/1/2022,KB_KVL,early,
TB,2,HG,Nothocalais_cuspidate,NOCU,0.076,0.1885,5/29/2022,KB_KVL,early,
TB,1,LG,Tragopogon_dubius,TRDU,0.034,0.1888,5/28/2022,KB_KVL,early,
FK,1,LG,Sporobolus_cryptandrus,SPCR,0.023,0.1923,7/2/2022,KB_MF,late,
TB,3,HG,Tragopogon_dubius,TRDU,0.052,0.1937,5/29/2022,KB_KVL,early,
TB,1,LG,Nothocalais_cuspidate,NOCU,0.054,0.1993,5/28/2022,KB_KVL,early,
FK,3,MG,Astragalus_purshii,ASPU,0.058,0.2039,6/1/2022,KB_KVL,early,
TB,2,MG,Astragalus_bisulcatus,ASBI,0.025,0.2155,5/28/2022,KB_KVL,early,
TB,1,MG,Allium_textile,ALTE,0.058,0.2296,5/28/2022,KB_KVL,early,
TB,2,LG,Nothocalais_cuspidate,NOCU,0.045,0.2382,5/28/2022,KB_KVL,early,
FK,3,LG,Astragalus_purshii,ASPU,0.057,0.2383,6/1/2022,KB_KVL,early,
FK,2,LG,Liatris_punctata,LIPU,0.054,0.2398,6/1/2022,KB_KVL,early,
TB,2,MG,Tragopogon_dubius,TRDU,0.038,0.24,5/28/2022,KB_KVL,early,
FK,3,MG,Tragopogon_dubius,TRDU,0.078,0.2545,6/1/2022,KB_KVL,early,
TB,2,LG,Cirsium_undulatum,CIUN,0.061,0.2588,5/28/2022,KB_KVL,early,
FK,1,MG,Tragopogon_dubius,TRDU,0.031,0.2598,5/30/2022,KB_KVL,early,
TB,3,HG,Nothocalais_cuspidate,NOCU,0.037,0.2784,5/29/2022,KB_KVL,early,
TB,3,MG,Astragalus_bisulcatus,ASBI,0.027,0.283,5/29/2022,KB_KVL,early,
TB,2,LG,Tragopogon_dubius,TRDU,0.039,0.2835,5/28/2022,KB_KVL,early,
FK,2,MG,Astragalus_purshii,ASPU,0.035,0.3065,6/1/2022,KB_KVL,early,
TB,1,HG,Cirsium_undulatum,CIUN,0.062,0.3161,5/28/2022,KB_KVL,early,
TB,2,MG,Nothocalais_cuspidate,NOCU,0.069,0.3407,5/28/2022,KB_KVL,early,
TB,3,LG,Astragalus_bisulcatus,ASBI,0.039,0.3446,5/29/2022,KB_KVL,early,
TB,1,LG,Astragalus_bisulcatus,ASBI,0.029,0.3478,5/28/2022,KB_KVL,early,
FK,3,LG,Pediomelum_ esculentum,PEES,0.063,0.3542,6/1/2022,KB_KVL,early,
TB,2,HG,Astragalus_bisulcatus,ASBI,0.038,0.3622,5/28/2022,KB_KVL,early,3 leaves wouldn’t open (worms)
TB,1,HG,Tragopogon_dubius,TRDU,0.042,0.3631,5/28/2022,KB_KVL,early,
FK,1,HG,Astragalus_purshii,ASPU,0.063,0.3755,5/30/2022,KB_KVL,early,
TB,1,MG,Astragalus_bisulcatus,ASBI,0.037,0.3849,5/28/2022,KB_KVL,early,
TB,1,HG,Nothocalais_cuspidate,NOCU,0.038,0.3936,5/28/2022,KB_KVL,early,
FK,1,MG,Pediomelum_ esculentum,PEES,0.036,0.4168,5/30/2022,KB_KVL,early,
TB,1,MG,Nothocalais_cuspidate,NOCU,0.054,0.4226,5/28/2022,KB_KVL,early,
TB,1,HG,Astragalus_bisulcatus,ASBI,0.03,0.4425,5/28/2022,KB_KVL,early,
TB,3,LG,Cirsium_undulatum,CIUN,0.046,0.458,5/29/2022,KB_KVL,early,
FK,1,HG,Pediomelum_ esculentum,PEES,0.058,0.4682,6/1/2022,KB_KVL,early,
TB,3,HG,Astragalus_bisulcatus,ASBI,0.03,0.5037,5/29/2022,KB_KVL,early,
TB,2,LG,Astragalus_bisulcatus,ASBI,0.03,0.5232,5/28/2022,KB_KVL,early,
TB,2,LG,Psoralidium_ tenuiflorum,PSTE,0.044,0.534,5/28/2022,KB_KVL,early,
FK,3,HG,Pediomelum_ esculentum,PEES,0.044,0.5412,6/2/2022,KB_KVL,early,
FK,2,HG,Pediomelum_ esculentum,PEES,0.043,0.5708,6/1/2022,KB_KVL,early,
FK,2,MG,Pediomelum_ esculentum,PEES,0.042,0.5771,6/1/2022,KB_KVL,early,
TB,1,LG,Cirsium_undulatum,CIUN,0.045,0.5788,5/28/2022,KB_KVL,early,
FK,1,MG,Astragalus_purshii,ASPU,0.034,0.6456,5/30/2022,KB_KVL,early,
TB,2,LG,Allium_textile,ALTE,0.065,0.712,5/28/2022,KB_KVL,early,
FK,3,MG,Pediomelum_ esculentum,PEES,0.063,0.718,6/1/2022,KB_KVL,early,
FK,2,LG,Pediomelum_ esculentum,PEES,0.038,0.8191,6/1/2022,KB_KVL,early,
TB,2,LG,Pascopyrum_smithii,PASM,0.036,0.848,5/28/2022,KB_KVL,early,
TB,3,MG,Cirsium_undulatum,CIUN,0.091,0.8996,5/29/2022,KB_KVL,early,
TB,1,MG,Picradeniopsis_ oppositifolia,PIOP,0.07,0.978,5/28/2022,KB_KVL,early,
TB,3,HG,Cirsium_undulatum,CIUN,0.079,1.1777,5/29/2022,KB_KVL,early,
TB,2,MG,Phlox_hoodia,PHHO,0.029,<0.0001,5/28/2022,KB_KVL,early,
TB,2,HG,Descurainia_pinnata,DEPI,0.03,<0.0001,5/28/2022,KB_KVL,early,
FK,2,HG,Lydogesmia_juncea,LYJU,0.037,0.0233,6/1/2022,KB_KVL,early,
TB,1,LG,Elymus_elymoides,ELEL,,,5/28/2022,KB_KVL,early,
TB,1,LG,Oonopsis_multicaulis,OOMU,,,5/28/2022,KB_KVL,early,
TB,1,LG,Polygonum_aviculare,POAV,,,5/28/2022,KB_KVL,early,
TB,1,MG,Cirsium_undulatum,CIUN,,,5/28/2022,KB_KVL,early,
TB,1,MG,Elymus_elymoides,ELEL,,,5/28/2022,KB_KVL,early,
TB,1,MG,Oonopsis_multicaulis,OOMU,,,5/28/2022,KB_KVL,early,
TB,1,MG,Polygonum_aviculare,POAV,,,5/28/2022,KB_KVL,early,
TB,1,HG,Elymus_elymoides,ELEL,,,5/28/2022,KB_KVL,early,
TB,1,HG,Oonopsis_multicaulis,OOMU,,,5/28/2022,KB_KVL,early,
TB,1,HG,Polygonum_aviculare,POAV,,,5/28/2022,KB_KVL,early,
TB,2,LG,Elymus_elymoides,ELEL,,,5/28/2022,KB_KVL,early,
TB,2,LG,Oonopsis_multicaulis,OOMU,,,5/28/2022,KB_KVL,early,
TB,2,LG,Polygonum_aviculare,POAV,,,5/28/2022,KB_KVL,early,
TB,2,MG,Cirsium_undulatum,CIUN,,,5/28/2022,KB_KVL,early,
TB,2,MG,Elymus_elymoides,ELEL,,,5/28/2022,KB_KVL,early,
TB,2,MG,Oonopsis_multicaulis,OOMU,,,5/28/2022,KB_KVL,early,
TB,2,MG,Polygonum_aviculare,POAV,,,5/28/2022,KB_KVL,early,
TB,2,HG,Cirsium_undulatum,CIUN,,,5/28/2022,KB_KVL,early,
TB,2,HG,Elymus_elymoides,ELEL,,,5/28/2022,KB_KVL,early,
TB,2,HG,Oonopsis_multicaulis,OOMU,,,5/29/2022,KB_KVL,early,
TB,2,HG,Polygonum_aviculare,POAV,,,5/29/2022,KB_KVL,early,
TB,3,LG,Bromus_tectorum,BRTE,,,5/29/2022,KB_KVL,early,
TB,3,LG,Elymus_elymoides,ELEL,,,5/29/2022,KB_KVL,early,
TB,3,LG,Lepidium_densiflorum,LEDE,,,5/29/2022,KB_KVL,early,
TB,3,LG,Musineon_divaricatum,MUDI,,,5/29/2022,KB_KVL,early,bag was not MUDI - change to PIOP
TB,3,LG,Nothocalais_cuspidate,NOCU,,,5/29/2022,KB_KVL,early,
TB,3,LG,Oenothera_ siffrtescuns,OESU,,,5/29/2022,KB_KVL,early,
TB,3,LG,Oonopsis_multicaulis,OOMU,,,5/29/2022,KB_KVL,early,
TB,3,LG,Polygonum_aviculare,POAV,,,5/29/2022,KB_KVL,early,
TB,3,LG,Psoralidium_ tenuiflorum,PSTE,,,5/29/2022,KB_KVL,early,
TB,3,LG,Tetraneuris_acaulis,TEAC,,,5/29/2022,KB_KVL,early,
TB,3,MG,Carex_filifolia,CAFI,,,5/29/2022,KB_KVL,early,
TB,3,MG,Collomia_linearis,COLI,,,5/29/2022,KB_KVL,early,
TB,3,MG,Elymus_elymoides,ELEL,,,5/29/2022,KB_KVL,early,
TB,3,MG,Lepidium_densiflorum,LEDE,,,5/29/2022,KB_KVL,early,
TB,3,MG,Lithospermum_incisum,LIIN,,,5/29/2022,KB_KVL,early,
TB,3,MG,Nothocalais_cuspidate,NOCU,,,5/29/2022,KB_KVL,early,
TB,3,MG,Oenothera_ siffrtescuns,OESU,,,5/29/2022,KB_KVL,early,
TB,3,MG,Oonopsis_multicaulis,OOMU,,,5/29/2022,KB_KVL,early,
TB,3,MG,Picradeniopsis_ oppositifolia,PIOP,,,5/29/2022,KB_KVL,early,
TB,3,MG,Polygonum_aviculare,POAV,,,5/29/2022,KB_KVL,early,
TB,3,MG,Psoralidium_ tenuiflorum,PSTE,,,5/29/2022,KB_KVL,early,
TB,3,MG,Tetraneuris_acaulis,TEAC,,,5/29/2022,KB_KVL,early,
TB,3,HG,Carex_duriuscula,CADU,,,5/29/2022,KB_KVL,early,
TB,3,HG,Elymus_elymoides,ELEL,,,5/29/2022,KB_KVL,early,
TB,3,HG,Lepidium_densiflorum,LEDE,,,5/29/2022,KB_KVL,early,
TB,3,HG,Lithospermum_incisum,LIIN,,,5/29/2022,KB_KVL,early,
TB,3,HG,Oenothera_ siffrtescuns,OESU,,,5/29/2022,KB_KVL,early,
TB,3,HG,Oonopsis_multicaulis,OOMU,,,5/29/2022,KB_KVL,early,
TB,3,HG,Picradeniopsis_ oppositifolia,PIOP,,,5/29/2022,KB_KVL,early,
TB,3,HG,Polygonum_aviculare,POAV,,,5/29/2022,KB_KVL,early,
TB,3,HG,Psoralidium_ tenuiflorum,PSTE,,,5/29/2022,KB_KVL,early,
TB,3,HG,Tetraneuris_acaulis,TEAC,,,5/29/2022,KB_KVL,early,
TB,3,HG,Vulpia_octoflora,VUOC,,,5/29/2022,KB_KVL,early,
FK,1,LG,Asclepias_stenophylla,ASST,,,5/30/2022,KB_KVL,early,
FK,1,LG,Euphorbia_nutans,EUNU,,,5/30/2022,KB_KVL,early,
FK,1,LG,Lactuca_serriola,LASE,,,5/30/2022,KB_KVL,early,
FK,1,LG,Linum_rigidum,LIRI,,,5/30/2022,KB_KVL,early,
FK,1,LG,Oenothera_ siffrtescuns,OESU,,,5/30/2022,KB_KVL,early,
FK,1,LG,Psoralidium_ tenuiflorum,PSTE,,,5/30/2022,KB_KVL,early,
FK,1,LG,Vicia_americana,VIAM,,,5/30/2022,KB_KVL,early,
FK,1,MG,Asclepias_stenophylla,ASST,,,5/30/2022,KB_KVL,early,
FK,1,MG,Euphorbia_nutans,EUNU,,,5/30/2022,KB_KVL,early,
FK,1,MG,Lactuca_serriola,LASE,,,5/30/2022,KB_KVL,early,
FK,1,MG,Linum_rigidum,LIRI,,,5/30/2022,KB_KVL,early,
FK,1,MG,Oenothera_ siffrtescuns,OESU,,,5/30/2022,KB_KVL,early,
FK,1,MG,Psoralidium_ tenuiflorum,PSTE,,,5/30/2022,KB_KVL,early,
FK,1,MG,Vicia_americana,VIAM,,,5/30/2022,KB_KVL,early,
FK,1,HG,Asclepias_stenophylla,ASST,,,5/30/2022,KB_KVL,early,
FK,1,HG,Euphorbia_nutans,EUNU,,,6/1/2022,KB_KVL,early,
FK,1,HG,Lactuca_serriola,LASE,,,6/1/2022,KB_KVL,early,
FK,1,HG,Linum_rigidum,LIRI,,,6/1/2022,KB_KVL,early,
FK,1,HG,Oenothera_ siffrtescuns,OESU,,,6/1/2022,KB_KVL,early,
FK,1,HG,Psoralidium_ tenuiflorum,PSTE,,,6/1/2022,KB_KVL,early,
FK,1,HG,Vicia_americana,VIAM,,,6/1/2022,KB_KVL,early,
FK,2,LG,Asclepias_stenophylla,ASST,,,6/1/2022,KB_KVL,early,
FK,2,LG,Bromus_tectorum,BRTE,,,6/1/2022,KB_KVL,early,"not BRTE - did not measure, remove from data"
FK,2,LG,Euphorbia_nutans,EUNU,,,6/1/2022,KB_KVL,early,
FK,2,LG,Lactuca_serriola,LASE,,,6/1/2022,KB_KVL,early,
FK,2,LG,Linum_rigidum,LIRI,,,6/1/2022,KB_KVL,early,
FK,2,LG,Oenothera_ siffrtescuns,OESU,,,6/1/2022,KB_KVL,early,
FK,2,LG,Psoralidium_ tenuiflorum,PSTE,,,6/1/2022,KB_KVL,early,
FK,2,LG,Vicia_americana,VIAM,,,6/1/2022,KB_KVL,early,
FK,2,MG,Asclepias_stenophylla,ASST,,,6/1/2022,KB_KVL,early,
FK,2,MG,Euphorbia_nutans,EUNU,,,6/1/2022,KB_KVL,early,
FK,2,MG,Lactuca_serriola,LASE,,,6/1/2022,KB_KVL,early,
FK,2,MG,Linum_rigidum,LIRI,,,6/1/2022,KB_KVL,early,
FK,2,MG,Oenothera_ siffrtescuns,OESU,,,6/1/2022,KB_KVL,early,
FK,2,MG,Psoralidium_ tenuiflorum,PSTE,,,6/1/2022,KB_KVL,early,
FK,2,MG,Vicia_americana,VIAM,0,,6/1/2022,KB_KVL,early,
FK,2,HG,Asclepias_stenophylla,ASST,,,6/1/2022,KB_KVL,early,
FK,2,HG,Euphorbia_nutans,EUNU,,,6/1/2022,KB_KVL,early,
FK,2,HG,Lactuca_serriola,LASE,,,6/1/2022,KB_KVL,early,
FK,2,HG,Linum_rigidum,LIRI,,,6/1/2022,KB_KVL,early,
FK,2,HG,Oenothera_ siffrtescuns,OESU,,,6/1/2022,KB_KVL,early,
FK,2,HG,Psoralidium_ tenuiflorum,PSTE,,,6/1/2022,KB_KVL,early,
FK,2,HG,Vicia_americana,VIAM,,,6/1/2022,KB_KVL,early,
FK,3,LG,Asclepias_stenophylla,ASST,,,6/1/2022,KB_KVL,early,
FK,3,LG,Euphorbia_nutans,EUNU,,,6/1/2022,KB_KVL,early,
FK,3,LG,Lactuca_serriola,LASE,,,6/1/2022,KB_KVL,early,
FK,3,LG,Linum_rigidum,LIRI,,,6/1/2022,KB_KVL,early,
FK,3,LG,Oenothera_ siffrtescuns,OESU,,,6/1/2022,KB_KVL,early,
FK,3,LG,Psoralidium_ tenuiflorum,PSTE,,,6/1/2022,KB_KVL,early,
FK,3,LG,Vicia_americana,VIAM,,,6/1/2022,KB_KVL,early,
FK,3,MG,Asclepias_stenophylla,ASST,,,6/1/2022,KB_KVL,early,
FK,3,MG,Euphorbia_nutans,EUNU,,,6/1/2022,KB_KVL,early,
FK,3,MG,Lactuca_serriola,LASE,,,6/1/2022,KB_KVL,early,
FK,3,MG,Linum_rigidum,LIRI,,,6/1/2022,KB_KVL,early,
FK,3,MG,Oenothera_ siffrtescuns,OESU,,,6/1/2022,KB_KVL,early,
FK,3,MG,Psoralidium_ tenuiflorum,PSTE,,,6/1/2022,KB_KVL,early,
FK,3,MG,Vicia_americana,VIAM,,,6/1/2022,KB_KVL,early,
FK,3,HG,Asclepias_stenophylla,ASST,,,6/1/2022,KB_KVL,early,
FK,3,HG,Euphorbia_nutans,EUNU,,,6/2/2022,KB_KVL,early,
FK,3,HG,Lactuca_serriola,LASE,,,6/2/2022,KB_KVL,early,
FK,3,HG,Linum_rigidum,LIRI,,,6/2/2022,KB_KVL,early,
FK,3,HG,Oenothera_ siffrtescuns,OESU,,,6/2/2022,KB_KVL,early,
FK,3,HG,Psoralidium_ tenuiflorum,PSTE,,,6/2/2022,KB_KVL,early,
FK,3,HG,Vicia_americana,VIAM,,,6/2/2022,KB_KVL,early,
TB,1,LG,Sporobolus_ cryptandrus,SPCR,,,6/30/2022,KB_AY,late,
TB,1,MG,Sporobolus_ cryptandrus,SPCR,,,6/30/2022,KB_AY,late,
TB,1,HG,Sporobolus_ cryptandrus,SPCR,,,6/30/2022,KB_AY,late,
TB,2,LG,Sporobolus_ cryptandrus,SPCR,,,6/30/2022,KB_AY,late,
TB,2,MG,Sporobolus_ cryptandrus,SPCR,,,6/30/2022,KB_AY,late,
TB,2,HG,Sporobolus_ cryptandrus,SPCR,,,6/30/2022,KB_AY,late,
TB,3,LG,Aristida_purpurea,ARPU,,,6/30/2022,KB_AY,late,
TB,3,LG,Artemisia_frigida,ARFR,,,6/30/2022,KB_AY,late,
TB,3,LG,Sporobolus_ cryptandrus,SPCR,,,6/30/2022,KB_AY,late,
TB,3,MG,Aristida_purpurea,ARPU,,,6/30/2022,KB_AY,late,
TB,3,MG,Artemisia_frigida,ARFR,,,6/30/2022,KB_AY,late,
TB,3,MG,Sporobolus_ cryptandrus,SPCR,,,6/30/2022,KB_AY,late,
TB,3,HG,Aristida_purpurea,ARPU,,,6/30/2022,KB_AY,late,
TB,3,HG,Gutierrezia_sarothrae,GUSA,,,6/30/2022,KB_AY,late,
TB,3,HG,Sporobolus_ cryptandrus,SPCR,,,6/30/2022,KB_AY,late,
FK,1,LG,Artemisia_tridentata,ARTR,,,7/2/2022,KB_MF,late,
FK,1,MG,Artemisia_tridentata,ARTR,,,7/2/2022,KB_MF,late,
FK,1,HG,Artemisia_tridentata,ARTR,,,7/2/2022,KB_MF,late,
FK,2,LG,Artemisia_tridentata,ARTR,,,7/2/2022,KB_MF,late,
FK,2,MG,Artemisia_tridentata,ARTR,,,7/2/2022,KB_MF,late,
FK,2,HG,Artemisia_tridentata,ARTR,,,7/2/2022,KB_MF,late,
FK,3,LG,Artemisia_tridentata,ARTR,,,7/2/2022,KB_MF,late,
FK,3,MG,Artemisia_tridentata,ARTR,,,7/2/2022,KB_MF,late,
FK,3,HG,Artemisia_tridentata,ARTR,,,7/2/2022,KB_MF,late,
