entered_by,observers,date,year,site,plot,aerial_basal,estimated_total,added_total_datasheet,added_total_excel,bare,dung,lichen,litter,moss,mushroom,Opuntia pads #,Aristida purpurea,Bouteloua gracilis,Bromus tectorum,Hesperostipa comata,Koeleria macrantha,Nassella viridula,Pascopyrum smithii,Poa secunda,Vulpia octoflora,Carex duriuscula,Carex filifolia,Artemisia dracunculus,Artemisia frigida,Artemisia tridentata,Coryphantha vivipara,Gutierrezia sarothrae,Opuntia polyacantha,Allium textile,Alyssum desertorum,Draba reptans,Eremogone hookeri,Hedeoma hispida,Lepidium densiflorum,Lithospermum incisum,Logfia arvensis,Lomatium foeniculaceum,Musineon divaricatum,Oenotherea suffrutescens,Phlox hoodii,Plantago patagonica,Psoralidium tenuiflorum,Sphaeralcea coccinea,Taraxacum officinale,Tragopogon dubius,Vicia americana,Androsace occidentalis,Antennaria parvifolia,Astragalus lotiflorus,Astragalus bisulcatus,Bouteloua dactyloides,Bromus arvensis,Camelina microcarpa,Chamaesyce nutans,Cirsium canescens,Cirsium undulatum,Conyza canadensis,Collomia linearis ,Comandra umbellata,Descurainia pinnata,Descurainia sophia,Draba nemorosa,Elymus elymoides,Erigeron engelmannii,Erigeron divergens/ochroleucus,Erigeron pumilus,Grindelia squarrosa,Lesquerella arenosa,Lesquerella ludoviciana,Leucocrinum montanum,Liatris punctata,Linum rigidum,Lygodesmia juncea,Machaeranthera canescens,Machaeranthera grindelioides,Machaeranthera pinnatifida,Nothocalais cuspidata,Nuttallanthus texanus,Oenotherea suffrutescens,Orobanche fasciculata,Penstemon albidus,Penstemon eriantherus,Pediomelum esculentum,Picradeniopsis oppositifolia,Polygonum aviculare,Scorzonera laciniata,Schedonnardus paniculatus,Sporobolus cryptandrus,Tetraneuris acaulis,Tradescantia occidentalis,Veronica peregrina,Viola nuttallii ,Zigadenus venenosus,Lupinus pusillus,STANDING DEADArtemisia tridentata,STANDING DEAD Bromus arvensis,STANDING DEAD Bromus tectorum,STANDING DEAD Logfia arvensis,STANDING DEAD Pascopyrum smithii,Penstemon sp.,CRCE/LELU/Penstemon sp,Oenothera?,Unknown #7 baby guara?,UNKN8 basal rosette lancroiati,Unk #3 Basal Rosette,Unk #3 soft point leaf KW photo,Unkn #10 small linear leaf KW photo,Cirsium sp.,Oneothera n?,Rock,Moss/Lichen/Bogr overlap,NOTES
John Dietrich,Lauren Porensky,6/30/2020,2020,TB,1,Aerial,40,39,38.5,13,0,2,35,10,0,4,10,7,3,3,6,0,3,<0.5,0.5,0.5,0,0,2,,0,0,0.5,0,0,0,0,0,0,<0.5,0,0,0,0,0,0,0,0,0,0,0,0,2,0,0,0,<0.5,0,0,0,0,0,0,0,0,0,0,0,0,0,0,0,0,0,0,0,0,0,0,0,0,0,0,0,0,0,0,0,0,0,0,0,0,0,0,0,0,0,0,0,0,,0.5,0.5,0,0,0,0,0,0,0,0,0,0,0,0,root ingrowth core hole in plot corner 0.5%
John Dietrich,Lauren Porensky,6/30/2020,2020,TB,1,Basal,25,25,23,16,0,2,45,12,0,,6,5,1,2,4,,2,<0.5,<0.5,<0.5,0,0,1,0,0,0,<0.5,0,0,0,0,0,0,<0.5,0,0,0,0,0,0,0,0,0,0,0,0,2,0,0,0,<0.5,0,0,0,0,0,0,0,0,0,0,0,0,0,0,0,0,0,0,0,0,0,0,0,0,0,0,0,0,0,0,0,0,0,0,0,0,0,0,0,0,0,0,0,0,,<0.5,<0.5,0,0,0,0,0,0,0,0,0,0,0,0,
John Dietrich,Lauren Porensky,6/30/2020,2020,TB,2,Aerial,55,54,52.5,10,0,6,10,20,0,5,3,30,<0.5,3,0.5,0,2,0.5,0.5,<0.5,5,0,4,0,0,0,1,0,0,0,0,0,0,0,<0.5,0,0,0,0,<0.5,0,0,0,0,0,0,0,0,0,0,<0.5,0,0,0,0.5,0,0,0,0,0,<0.5,0,0,0,0,0,0,0,0,0,0,0,0,0,0,0,0,0,0,0,0,0,0,0,0,0,0,0,0,0,0,0,0,0,0,,0.5,2,0,0,0,0,0,0,0,0,0,0,0,0,
John Dietrich,Lauren Porensky,6/30/2020,2020,TB,2,Basal,40,41.25,38.5,13,0,6,20,20,0,,1,28,<0.5,2,<0.5,0,1,<0.5,<0.5,<0.5,3,0,2,0,0,0,0.5,0,0,0,0,0,0,0,<0.5,0,0,0,0,<0.5,0,0,0,0,0,0,0,0,0,0,<0.5,0,0,0,<0.5,0,0,0,0,0,<0.5,0,0,0,0,0,0,0,0,0,0,0,0,0,0,0,0,0,0,0,0,0,0,0,0,0,0,0,0,0,0,0,0,0,0,,<0.5,1,0,0,0,0,0,0,0,0,0,0,0,0,
John Dietrich,Lauren Porensky,6/30/2020,2020,TB,3,Aerial,55,54,53.5,8,0,4,8,25,0,5,13,18,0.5,4,10,0,0.5,0.5,1,<0.5,2,0,0,0,0,0,1,0,0,0,0,0,0,0,0.5,0,0,0,0,0,0,0,0,0,0,0,<0.5,0,0,0,0.5,0,0,0,2,0,0,0,0,0,0,0,0,0,0,0,0,0,0,0,0,0,0,0,0,0,0,0,0,0,0,0,0,0,0,0,0,0,0,0,0,0,0,0,0,,0,0,0,0,0,0,0,0,0,0,0,0,0,0,
John Dietrich,Lauren Porensky,6/30/2020,2020,TB,3,Basal,35,34,32,10,0,4,25,27,0,,8,15,<0.5,2,5,0,<0.5,<0.5,0.5,<0.5,1,0,0,0,0,0,0.5,0,0,0,0,0,0,0,<0.5,0,0,0,0,0,0,0,0,0,0,0,<0.5,0,0,0,<0.5,0,0,0,<0.5,0,0,0,0,0,0,0,0,0,0,0,0,0,0,0,0,0,0,0,0,0,0,0,0,0,0,0,0,0,0,0,0,0,0,0,0,0,0,0,0,,0,0,0,0,0,0,0,0,0,0,0,0,0,0,
John Dietrich,Lauren Porensky,6/30/2020,2020,TB,4,Aerial,50,51,50.5,12,0,4,20,12,0,14,6,25,1,4,5,0,1,1,2,<0.5,0,0,2,0,0,0,3,0,0,0,0,0,0,0,<0.5,0,0,0,0,<0.5,0,0,0,0,0,0,0,0,0,0,0.5,0,0,0,0,0,,0,0,0,0,0,0,0,0,0,0,0,0,0,0,0,0,0,0,0,0,0,0,0,0,0,0,0,0,0,0,0,0,0,0,0,0,0,0,,0,0,0,0,0,0,0,0,0,0,0,0,0,0,
John Dietrich,Lauren Porensky,6/30/2020,2020,TB,4,Basal,40,38,37.5,14,0,4,30,14,0,,4,22,0.5,2,3,0,0.5,0.5,1,<0.5,0,0,2,0,0,0,2,0,0,0,0,0,0,0,<0.5,0,0,0,0,<0.5,0,0,0,0,0,0,0,0,0,0,<0.5,0,0,0,0,0,0,0,0,0,0,0,0,0,0,0,0,0,0,0,0,0,0,0,0,0,0,0,0,0,0,0,0,0,0,0,0,0,0,0,0,0,0,0,0,,0,0,0,0,0,0,0,0,0,0,0,0,0,0,
John Dietrich,Lauren Porensky,6/30/2020,2020,TB,5,Aerial,50,51,39.5,1,0,<0.5,48,1,0,6,1,11,13,1,0.5,0,9,0.5,0,<0.5,0,0,0,0,0,0,1,0,0,0,0,0.5,0,0,0,0,0,0,0,0,0,0,0,0,0,0,0,0,0,0,0,0,0,0,0,0,0,0,0,0,0,0,0,0,0,0,0,0,0,0,0,0,0,0,0,0,0,0,0,0,0,0,0,0,0,0,0,0,0,0,0,0,0,0,<0.5,2,0,0,0,0,0,0,0,0,0,0,0,0,0,0,
John Dietrich,Lauren Porensky,6/30/2020,2020,TB,5,Basal,28,29.5,24.5,2,0,<0.5,68,2,0,,0.5,9,8,0.5,<0.5,0,5,<0.5,0,<0.5,0,0,0,0,0,0,0.5,0,0,0,0,<0.5,0,0,0,0,0,0,0,0,0,0,0,0,0,0,0,0,0,0,0,0,0,0,0,0,0,0,0,0,0,0,0,0,0,0,0,0,0,0,0,0,0,0,0,0,0,0,0,0,0,0,0,0,0,0,0,0,0,0,0,0,0,0,<0.5,1,0,0,0,0,0,0,0,0,0,0,0,0,0,0,
John Dietrich,Lauren Porensky,6/30/2020,2020,TB,6,Aerial,53,53,51,2,<0.5,<0.5,45,1,0,,4,8,20,2,0,0,3,0,0.5,<0.5,4,0,0,5,0,0,0,0,0,0,0,0,0,0,<0.5,0,0,0,0,0,0,0.5,0,0,0,0,0,0,0,0,0,0,0,0,1,0,0,<0.5,0,0,0,0,0,0,0,0,0,0,0,0,0,0,0,0,0,0,0,0,0,0,0,0,0,0,0,0,0,0,0,0,0,0,<0.5,3,0,0,0,0,0,0,0,0,0,0,0,0,0,0,0,0,
John Dietrich,Lauren Porensky,6/30/2020,2020,TB,6,Basal,30,28,25.5,3,<0.5,<0.5,65,2,0,,3,6,11,1,0,0,1,0,<0.5,<0.5,2,0,0,1,0,0,0,0,0,0,0,0,0,0,<0.5,0,0,0,0,0,0,<0.5,0,0,0,0,0,0,0,0,0,0,0,0,<0.5,0,0,<0.5,0,0,0,0,0,0,0,0,0,0,0,0,0,0,0,0,0,0,0,0,0,0,0,0,0,0,0,0,0,0,0,0,0,0,<0.5,0.5,0,0,0,0,0,0,0,0,0,0,0,0,0,0,0,0,
John Dietrich,Lauren Porensky,6/30/2020,2020,TB,7,Aerial,70,69,63,3,0,3,20,5,0,,1,45,1,3,3,0,1,2,<0.5,<0.5,0,0,3,4,0,0,0,0,0,0,0,<0.5,0,0,<0.5,0,0,0,0,<0.5,0,0,0,0,0,0,0,0,0,0,0,0,0,0,0,0,0,0,0,0,0,0,0,0,0,0,0,0,0,0,0,0,0,0,0,0,0,0,0,0,0,0,0,0,0,0,0,0,0,0,0,0,0,0,<0.5,0,0,0,0,0,0,0,0,0,0,0,0,0,0,0,ingrowth core in plot 0.5% cover
John Dietrich,Lauren Porensky,6/30/2020,2020,TB,7,Basal,55,54,49.5,5,0,3,30,7,0,,0.5,40,0.5,2,2,0,0.5,1,<0.5,<0.5,0,0,2,1,0,0,0,0,0,0,0,<0.5,0,0,<0.5,0,0,0,0,<0.5,0,0,0,0,0,0,0,0,0,0,0,0,0,0,0,0,0,0,0,0,0,0,0,0,0,0,0,0,0,0,0,0,0,0,0,0,0,0,0,0,0,0,0,0,0,0,0,0,0,0,0,0,0,0,<0.5,0,0,0,0,0,0,0,0,0,0,0,0,0,0,0,
John Dietrich,Lauren Porensky,6/30/2020,2020,TB,8,Aerial,72,72,71.5,10,<0.5,5,8,5,0,2,3,55,0,3,4,0,1,1,<0.5,0,0,0,2,0,0,0,0.5,0,0,0,0,0,0,0,0,0,0,0,0,0,2,0,0,0,0,0,0,0,0,0,0,0,0,0,0,0,0,<0.5,0,0,0,0,0,0,0,0,0,0,0,0,0,0,0,0,0,0,0,0,0,0,0,0,0,0,0,0,0,0,0,0,0,0,0,0,0,0,0,0,0,0,0,0,0,0,0,0,0,0,0,0,
John Dietrich,Lauren Porensky,6/30/2020,2020,TB,8,Basal,57,59,58,14,<0.5,5,16,7,0,,2,50,0,2,2,0,0.5,0.5,<0.5,0,0,0,1,0,0,0,<0.5,0,0,0,0,0,0,0,0,0,0,,,0,<0.5,0,0,0,0,0,0,0,0,0,0,0,0,0,0,0,0,<0.5,0,0,0,0,0,0,0,0,0,0,0,0,0,0,0,0,0,0,0,0,0,0,0,0,0,0,0,0,0,0,0,0,0,0,0,0,0,0,0,0,0,0,0,0,0,0,0,0,0,0,0,0,
John Dietrich,Lauren Porensky,6/30/2020,2020,TB,9,Aerial,68,70.5,69.5,12,1,3,5,12,0,,7,38,0,1,4,0,<0.5,0,<0.5,0.5,0,0,18,0,0,0,0,0,0,0,0,0,0,0,0,0,0,0,0,<0.5,0,0.5,0,0,0,0,0,0,0,0,0,0,0,0,0,0,0,0,0,0,0,0,0,0,0,0,0,0,0,0,0,0,0,0,<0.5,0.5,0,0,0,0,0,0,0,0,0,0,0,0,0,0,0,0,0,0,0,0,<0.5,0,0,0,0,0,0,0,0,0,0,0,0,0,
John Dietrich,Lauren Porensky,6/30/2020,2020,TB,9,Basal,60,60,58.5,15,1,3,8,15,0,,5,35,0,0.5,2,0,<0.5,0,<0.5,<0.5,0,0,16,0,0,0,0,0,0,0,0,0,0,0,0,0,0,0,0,<0.5,0,<0.5,0,0,0,0,0,0,0,0,0,0,0,0,0,0,0,0,0,0,0,0,0,0,0,0,0,0,0,0,0,0,0,0,<0.5,<0.5,0,0,0,0,0,0,0,0,0,0,0,0,0,0,0,0,0,0,0,0,<0.5,0,0,0,0,0,0,0,0,0,0,0,0,0,
John Dietrich,Lauren Porensky,6/30/2020,2020,TB,10,Aerial,70,72,70,7,<0.5,6,12,5,0,,2,56,0,0,3,0,1,0,0,0,4,0,0,1,0,0,0,<0.5,<0.5,0,0,0,0,0,0,<0.5,0,0,0,<0.5,2,<0.5,0,0,0,0,0,0,0,0,0,0,0,0,0,0,0,0,0,0,0,0,0,0,0,0,0,0,0,0,0,0,0,0,0,1,0,0,0,0,0,0,0,0,0,0,0,0,0,0,0,0,0,0,0,0,0,0,0,0,0,0,0,0,0,0,0,0,0,0,looks dry
John Dietrich,Lauren Porensky,6/30/2020,2020,TB,10,Basal,62,61,59,13,<0.5,6,13,6,0,,1,52,0,0,2,0,0.5,0,0,0,3,0,0,0,0,0,0,<0.5,<0.5,0,0,0,0,0,0,<0.5,0,0,0,<0.5,0.5,<0.5,0,0,0,0,0,0,0,0,0,0,0,0,0,0,0,0,0,0,0,0,0,0,0,0,0,0,0,0,0,0,0,0,0,<0.5,0,0,0,0,0,0,0,0,0,0,0,0,0,0,0,0,0,0,0,0,0,0,0,0,0,0,0,0,0,0,0,0,0,0,
John Dietrich,Lauren Porensky,6/30/2020,2020,TB,11,Aerial,67,68,67,7,3,5,10,8,0,,0,47,0,0,8,0,2,6,<0.5,0,0,0,0,0,0,0,0,0,<0.5,0,0,0,0,0,0,0,0,0,0,0,0,0,0,0,0,0,0,0,0,0,0,0,0,0,0,0,0,0,0,0,0,0,0,0,0,0,0,0,0,0,0,0,0,0,0,2,0,0,0,0,0,0,0,0,0,0,0,0,0,0,0,0,0,0,<0.5,0,<0.5,2,0,0,0,0,0,0,0,0,0,0,0,0,
John Dietrich,Lauren Porensky,6/30/2020,2020,TB,11,Basal,55,56,54.5,10,3,5,15,11,0,,0,42,0,0,6,0,1,4,<0.5,0,0,0,0,0,0,0,0,0,<0.5,0,0,0,0,0,0,0,0,0,0,0,0,0,0,0,0,0,0,0,0,0,0,0,0,0,0,0,0,0,0,0,0,0,0,0,0,0,0,0,0,0,0,0,0,0,0,0.5,0,0,0,0,0,0,0,0,0,0,0,0,0,0,0,0,0,0,<0.5,0,<0.5,1,0,0,0,0,0,0,0,0,0,0,0,0,
John Dietrich,Lauren Porensky,6/30/2020,2020,TB,12,Aerial,50,49,47.5,18,0,11,13,4,0,,0,35,0,0,7,0,1,3,<0.5,0,0,0,0,0.5,0,0,0,<0.5,0,0,0,<0.5,0,0,0.5,0,0,0,0,<0.5,0,0.5,0,0,0,0,0,0,0,0,0,0,0,0,0,0,0,0,0,0,0,0,0,0,0,0,0,0,0,0,0,0,0,0,0,0,0,0,0,0,0,0,0,0,0,0,0,0,0,0,0,0,0,0,<0.5,0,<0.5,0,0,0,0,0,0,0,0,0,0,0,4,0,
John Dietrich,Lauren Porensky,6/30/2020,2020,TB,12,Basal,40,40,37.5,20,0,11,18,6,0,,0,30,0,0,5,0,0.5,2,<0.5,0,0,0,0,<0.5,0,0,0,<0.5,0,0,0,<0.5,0,0,<0.5,0,0,0,0,<0.5,0,<0.5,0,0,0,0,0,0,0,0,0,0,0,0,0,0,0,0,0,0,0,0,0,0,0,0,0,0,0,0,0,0,0,0,0,0,0,0,0,0,0,0,0,0,0,0,0,0,0,0,0,0,0,0,<0.5,0,<0.5,0,0,0,0,0,0,0,0,0,0,0,5,0,
John Dietrich,Lauren Porensky,6/30/2020,2020,TB,13,Aerial,48,46,45.5,1,<0.5,0,45,7,0,18,0,2,<0.5,7,6,0,2,2,1,0.5,0,0,9,2,0,0,5,0,0,0,0,0,0,0,0,0,0,0,0,0,0,1,0,0,0,0,0,0.5,0,0,5,0,0,0,0,0,0,0,0,0,0,0,0,0,0,0,0,0,0,0,0,0,0,0,0,0,0,0,0,0,0,0,0,0,0,0,0,0,0,0,0,0,0,0,<0.5,0,0.5,2,0,0,0,0,0,0,0,0,0,0,0,0,
John Dietrich,Lauren Porensky,6/30/2020,2020,TB,13,Basal,30,29.5,28,2,0,0,60,10,0,,0,1,<0.5,5,4,0,1,1,0.5,<0.5,0,0,7,0.5,0,0,4,0,0,0,0,0,0,,0,0,0,0,0,0,0,<0.5,0,0,0,0,0,<0.5,0,0,3,0,0,0,0,0,0,0,0,0,0,0,0,0,0,0,0,0,0,0,0,0,0,0,0,0,0,0,0,0,0,0,0,0,0,0,0,0,0,0,0,0,0,0,<0.5,0,<0.5,1,0,0,0,0,0,0,0,0,0,0,0,0,
John Dietrich,Lauren Porensky,6/30/2020,2020,TB,14,Aerial,57,55,54.5,6,0,<0.5,30,8,0,21,0,22,1,0,12,0,3,5,<0.5,0.5,0,0,0,0,0,0,4,0,0,0,0,0,0,,0.5,<0.5,0,0,0,0,0,0,0,0,0,0,0,0,0,0,2,0,0,0,0,0,0,0,0,0,0,0,0,0,0,0,0,0,0,0,0,0,0,0,0,0,0,0,0,0,0,0,0,0,0,0,0,0,0,0,0,0,0,3,<0.5,0,0.5,1,0,0,0,0,0,0,0,0,0,0,0,0,
John Dietrich,Lauren Porensky,6/30/2020,2020,TB,14,Basal,35,36.5,35,8,0,0.5,45,10,0,,0,19,0.5,0,8,0,1,3,<0.5,<0.5,0,0,0,0,0,0,2,0,0,0,0,0,0,,<0.5,<0.5,0,0,0,0,0,0,0,0,0,0,0,0,0,0,1,0,0,0,0,0,0,0,0,0,0,0,0,0,0,0,0,0,0,0,0,0,0,0,0,0,0,0,0,0,0,0,0,0,0,0,0,0,0,0,0,0,0,0,<0.5,0,<0.5,0.5,0,0,0,0,0,0,0,0,0,0,0,0,
John Dietrich,Lauren Porensky,6/30/2020,2020,TB,15,Aerial,60,60,59.5,0.5,0,0,40,0,0,0,0,2,45,0,0,0,2,1,1,2,0,0,0,0,0,0,0,0,0,0,0,0,0,,<0.5,0,0,0,0,0,0,0.5,0,0,0,0,0,0,0,0,1,0,0,0,0,0,0,0,0,0,0,0,0,0,0,0,0,0,0,0,0,0,0,0,0,0,0,0,0,0,0,0,0,0,0,0,0,0,0,0,0,0,0,5,0,0,0,0,0,0,0,0,0,0,0,0,0,0,0,0,
John Dietrich,Lauren Porensky,6/30/2020,2020,TB,15,Basal,38,36,35.5,1,0,0,60,0,0,,0,1,30,0,0,0,1,0.5,0.5,1,0,0,0,0,0,0,0,0,0,0,0,0,0,,<0.5,0,0,0,0,0,0,<0.5,0,0,0,0,0,0,0,0,0.5,0,0,0,0,0,0,0,0,0,0,0,0,0,0,0,0,0,0,0,0,0,0,0,0,0,0,0,0,0,0,0,0,0,0,0,0,0,0,0,0,0,0,1,0,0,0,0,0,0,0,0,0,0,0,0,0,0,0,0,
John Dietrich,Lauren Porensky,6/30/2020,2020,TB,16,Aerial,65,67.5,66.5,1,0,<0.5,34,0,0,19,0,25,6,0,2,0,4,9,0.5,0.5,0,0,0,0,0,0,5,0,<0.5,0,0,<0.5,0,,<0.5,0,0,0,0,0,0,2,0,1,0,0,0,0,0,0,10,0,0,0,0,0,0,0,0,0,0,0,0,0,0,0,0,0,0,0,0,0,0,0,0,0,0,0,0,0,0,0,0,0,0,0,0,0,0,0,0,0,0,0,<0.5,0,0.5,1,0,0,0,0,0,0,0,0,0,0,0,0,
John Dietrich,Lauren Porensky,6/30/2020,2020,TB,16,Basal,45,46,44,1,0,<0.5,55,0,0,,0,22,3,0,1,0,2,6,<0.5,<0.5,0,0,0,0,0,0,3,0,<0.5,0,0,<0.5,0,,<0.5,0,0,0,0,0,0,0.5,0,0,0,0,0,0,0,0,6,0,0,0,0,0,0,0,0,0,0,0,0,0,0,0,0,0,0,0,0,0,0,0,0,0,0,0,0,0,0,0,0,0,0,0,0,0,0,0,0,0,0,0,<0.5,0,<0.5,0.5,0,0,0,0,0,0,0,0,0,0,0,0,
John Dietrich,Lauren Porensky,6/30/2020,2020,TB,17,Aerial,45,42,41,3,<0.5,0.5,45,6,0,15,0,4,4,1,10,0,2,6,0.5,0.5,0,0,0,0,0,0,4,0,0,0,0,0,0,0,<0.5,0,0,0,0,0,0,0.5,0,<0.5,0,0,0,0,0,0,7,0,0,0,0,0,0,0,0,0,0,0,0,0,0.5,0,0,0,0,0,0,0,0,0,0,0,0,0,0,0,0,0,0,0,0,0,0,0,0,0,0,0,0,0,<0.5,0,0,1,0,0,0,0,0,0,0,0,0,0,0,0,
John Dietrich,Lauren Porensky,6/30/2020,2020,TB,17,Basal,26,25.5,24,4,<0.5,0.5,61,8,0,,0,3,2,0.5,6,0,1,4,<0.5,<0.5,0,0,0,0,0,0,3,0,0,0,0,0,0,,<0.5,0,0,0,0,0,0,0,0,<0.5,0,0,0,0,0,0,4,0,0,0,0,0,0,0,0,0,0,0,0,0,<0.5,0,0,0,0,0,0,0,0,0,0,0,0,0,0,0,0,0,0,0,0,0,0,0,0,0,0,0,0,0,<0.5,0,0,0.5,0,0,0,0,0,0,0,0,0,0,0,0,
John Dietrich,Lauren Porensky,6/30/2020,2020,TB,18,Aerial,50,50,49,3,1,3,43,2,0,0,0,22,0,1,15,0,1,4,1,2,0,0,0,0,0,0,0,0,0,0,0,0,0,,0,0,0,0,0,0,0,0.5,0,0.5,0,0,0,0,0,0,1,0,0,0,0,0,0,0,0,0,0,0,0,0,0,0,0,0,0,0,0,0,0,0,0,0,0,0,0,0,0,0,0,0,0,0,0,0,0,0,0,0,0,1,<0.5,0,<0.5,<0.5,0,0,0,0,0,0,0,0,0,0,0,0,
John Dietrich,Lauren Porensky,6/30/2020,2020,TB,18,Basal,35,36.5,35,4,1,3,54,3,0,,0,20,0,0.5,10,0,0.5,3,0.5,<0.5,0,0,0,0,0,0,0,0,0,0,0,0,0,,0,0,0,0,0,0,0,<0.5,0,<0.5,0,0,0,0,0,0,0.5,0,0,0,0,0,0,0,0,0,0,0,0,0,0,0,0,0,0,0,0,0,0,0,0,0,0,0,0,0,0,0,0,0,0,0,0,0,0,0,0,0,0,0,<0.5,0,<0.5,<0.5,0,0,0,0,0,0,0,0,0,0,0,0,
John Dietrich,Lauren Porensky,6/30/2020,2020,TB,19,Aerial,50,49,48,22,2,17,6,2,0,0,2,33,0,0,2,0,1,3,<0.5,1,0,0,1,4,0,0,0,0,0,0,0,0,0,,0,0,0,0,0,0,0,<0.5,0,0,0,0,0,0,0,0,<0.5,0,0,0,0,0,0,0,0,0,0,0,0,0,0,0,0,0,0,0,0,0,0,0,0,0,0,0,0,0,0,0,0,0,0,0,0,0,0,0,0,0,0,0,0,0,<0.5,1,0,0,0,0,0,0,0,0,0,0,0,0,
John Dietrich,Lauren Porensky,6/30/2020,2020,TB,19,Basal,40,37,36.5,25,2,17,12,2,0,,1,30,0,0,1,0,0.5,2,<0.5,0.5,0,0,<0.5,1,0,0,0,0,0,0,0,0,0,,0,0,0,0,0,0,0,<0.5,0,0,0,0,0,0,0,0,<0.5,0,0,0,0,0,0,0,0,0,0,0,0,0,0,0,0,0,0,0,0,0,0,0,0,0,0,0,0,0,0,0,0,0,0,0,0,0,0,0,0,0,0,0,0,0,<0.5,0.5,0,0,0,0,0,0,0,0,0,0,0,0,
John Dietrich,Lauren Porensky,6/30/2020,2020,TB,20,Aerial,38,40,39,25,4,13,13,3,0,10,0,6,0,2,17,0,3,2,0,<0.5,0,0,0,2,0,1,3,0,<0.5,0,0,0,<0.5,,3,0,0,0,0,<0.5,0,<0.5,0,0,0,0,0,0,0,0,0,0,0,0,0,0,0,0,0,0,0,0,0,0,0,0,0,0,0,0,0,0,0,0,0,0,0,0,0,0,0,0,0,0,0,0,0,0,0,0,0,0,0,0,0,0,0,0,0,0,0,0,0,0,0,0,0,0,0,0,
John Dietrich,Lauren Porensky,6/30/2020,2020,TB,20,Basal,20,21,20,28,4,13,27,5,0,,0,4,0,1,10,0,1,1,0,<0.5,0,0,0,0.5,0,0.5,1,0,<0.5,0,0,0,<0.5,,1,0,0,0,0,<0.5,0,<0.5,0,0,0,0,0,0,0,0,0,0,0,0,0,0,0,0,0,0,0,0,0,0,0,0,0,0,0,0,0,0,0,0,0,0,0,0,0,0,0,0,0,0,0,0,0,0,0,0,0,0,0,0,0,0,0,0,0,0,0,0,0,0,0,0,0,0,0,0,
John Dietrich,Lauren Porensky,6/30/2020,2020,TB,21,Aerial,63,61,59,20,0,13,4,2,0,8,2,40,0,0,1,0,1,<0.5,0,<0.5,0,0,2,3,0,<0.5,2,0,0,0,3,0,0,0,0,<0.5,<0.5,0,2,<0.5,0.5,0.5,0,0,2,0,0,0,0,0,0,0,0,0,0,0,0,0,0,0,0,0,0,0,0,0,0,0,0,0,0,0,0,<0.5,0,0,0,0,0,0,0,0,0,0,0,0,0,0,0,0,0,0,<0.5,0,0,0,0,0,0,0,0,0,0,0,0,0,0,0,1,0,
John Dietrich,Lauren Porensky,6/30/2020,2020,TB,21,Basal,50,47,44,25,0,13,8,3,0,,1,36,0,0,0.5,0,0.5,<0.5,0,<0.5,0,0,1,1,0,<0.5,1,0,0,0,2,0,0,,0,<0.5,<0.5,0,1,<0.5,<0.5,<0.5,0,0,<0.5,0,0,0,0,0,0,0,0,0,0,0,0,0,0,0,0,0,0,0,0,0,0,0,0,0,0,0,0,<0.5,0,0,0,0,0,0,0,0,0,0,0,0,0,0,0,0,0,0,<0.5,0,0,0,0,0,0,0,0,0,0,0,0,0,0,0,1,0,
John Dietrich,Lauren Porensky,6/30/2020,2020,TB,22,Aerial,62,63.5,62.5,14,0,12,5,2,0,0,0,55,0,0,2,0,0.5,1,<0.5,1,0,0,0,0,0,0,0,0,0,0,0,0,0,,<0.5,0,0,0,0,0,0,0.5,0,0,2,0,0,0,0,0,0,0,0,0,0,0,0,0,0,0,0,0,0,0,<0.5,0,0,0,0,0,0,0,0,0,0,0,0,0,0,0,0,0,0,0,0,0,0,0,0,0,0,0,0,0,0,0,<0.5,0.5,0,0,0,0,0,0,0,0,0,0,7,0,
John Dietrich,Lauren Porensky,6/30/2020,2020,TB,22,Basal,55,54,51.5,16,0,12,6,3,0,,0,50,0,0,1,0,<0.5,0.5,<0.5,<0.5,0,0,0,0,0,0,0,0,0,0,0,0,0,,<0.5,0,0,0,0,0,0,<0.5,0,0,<0.5,0,0,0,0,0,0,0,0,0,0,0,0,0,0,0,0,0,0,0,<0.5,0,0,0,0,0,0,0,0,0,0,0,0,0,0,0,0,0,0,0,0,0,0,0,0,0,0,0,0,0,0,0,<0.5,<0.5,0,0,0,0,0,0,0,0,0,0,9,0,
John Dietrich,Lauren Porensky,6/30/2020,2020,TB,23,Aerial,48,47,45.5,20,<0.5,12,5,1,0,2,0,32,0,0,6,0,3,1,0,0,0,0,0,2,0,0,<0.5,0,0,0,0,0,0,,<0.5,0,<0.5,0,0,0.5,0,0,0,0,1,0,0,0,0,0,0,0,0,0,0,0,0,0,0,0,0,0,<0.5,0,<0.5,0,<0.5,0,0,0,0,0,0,0,0,0,0,0,0,0,<0.5,0,0,0,0,0,0,0,0,0,0,0,0,0,0,0,0,0,0,0,0,0,0,0,0,0,0,0,12,0,
John Dietrich,Lauren Porensky,6/30/2020,2020,TB,23,Basal,35,37,34.5,25,<0.5,12,12,1,0,,0,28,0,0,4,0,2,0.5,0,0,0,0,0,<0.5,0,0,<0.5,0,0,0,0,0,0,,<0.5,0,<0.5,0,0,<0.5,0,0,0,0,<0.5,0,0,0,0,0,0,0,0,0,0,0,0,0,0,0,0,0,<0.5,0,<0.5,0,<0.5,0,0,0,0,0,0,0,0,0,0,0,0,0,<0.5,0,0,0,0,0,0,0,0,0,0,0,0,0,0,0,0,0,0,0,0,0,0,0,0,0,0,0,15,0,
John Dietrich,Lauren Porensky,6/30/2020,2020,TB,24,Aerial,55,56,54.5,24,2,11,5,2,0,0,0,42,0,0,0,0,2,1,<0.5,0.5,0,0,7,1,0,0,0,0,0,0,0,0,0,,0,<0.5,0,0,0.5,<0.5,0,<0.5,0,0,0.5,0,0,0,0,0,0,0,0,0,0,0,0,0,0,0,0,0,<0.5,0,<0.5,0,0,0,0,0,0,0,0,0,0,0,0,0,0,0,0,0,0,0,0,0,0,0,0,0,0,0,0,0,0,0,0,<0.5,0,0,0,0,0,0,0,0,0,0,2,0,
John Dietrich,Lauren Porensky,6/30/2020,2020,TB,24,Basal,47,48,46,26,2,11,8,3,0,,0,39,0,0,0,0,1,0.5,<0.5,<0.5,0,0,5,0.5,0,0,0,0,0,0,0,0,0,,0,<0.5,0,0,<0.5,<0.5,0,<0.5,0,0,<0.5,0,0,0,0,0,0,0,0,0,0,0,0,0,0,0,0,0,<0.5,0,<0.5,0,0,0,0,0,0,0,0,0,0,0,0,0,0,0,0,0,0,0,0,0,0,0,0,0,0,0,0,0,0,0,0,<0.5,0,0,0,0,0,0,0,0,0,0,3,0,
John Dietrich,Lauren Porensky,6/30/2020,2020,TB,25,Aerial,60,59,59,15,<0.5,12,5,1,0,10,0,45,0,0,4,0,3,2,0,<0.5,0,0,0,0,0,0,2,0,0,0,0,0,0,0,<0.5,0,0,0,0,<0.5,0,0,0,0,0,0,0,0,0,0,<0.5,0,0,0,0,0,0,0,0,0,0,0,0,0,0,0,0,0,0,0,0,0,0,0,0,0,0,0,0,0,0,0,0,0,0,0,0,0,0,0,0,0,0,0,0,0,0,3,0,0,0,0,0,0,0,0,0,0,9,0,
John Dietrich,Lauren Porensky,6/30/2020,2020,TB,25,Basal,50,51,51,22,<0.5,12,6,1,0,0,0,42,0,0,3,0,2,1,0,<0.5,0,0,0,0,0,0,1,0,0,0,0,0,0,,<0.5,0,0,0,0,<0.5,0,0,0,0,0,0,0,0,0,0,<0.5,0,0,0,0,0,0,0,0,0,0,0,0,0,0,0,0,0,0,0,0,0,0,0,0,0,0,0,0,0,0,0,0,0,0,0,0,0,0,0,0,0,0,0,0,0,0,2,0,0,0,0,0,0,0,0,0,0,9,0,
John Dietrich,Lauren Porensky,6/30/2020,2020,TB,26,Aerial,60,61,58.5,10,1,12,8,6,0,0,0,38,0,0,7,0,1,3,0,0.5,2,0,2,1,0,0,0,0,0,0,0,0,0,,0,0,0,0,0,0,0,<0.5,0,0,2,0,0,0,0,0,0,0,0,0,0,0,0,0,0,0,0,0,0,0,0,0,0,0,0,0,0,0,0,0,0,0,0,0,0,0,0,0,0,0,0,0,0,0,0,0,0,0,0,1,0,0,0,1,0,0,0,0,0,0,0,0,0,0,4,0,
John Dietrich,Lauren Porensky,6/30/2020,2020,TB,26,Basal,45,47,45,13,1,12,16,7,0,0,0,35,0,0,4,0,0.5,2,0,<0.5,1,0,1,0.5,0,0,0,0,0,0,0,0,0,,0,0,0,0,0,0,0,<0.5,0,0,<0.5,0,0,0,0,0,0,0,0,0,0,0,0,0,0,0,0,0,0,0,0,0,0,0,0,0,0,0,0,0,0,0,0,0,0,0,0,0,0,0,0,0,0,0,0,0,0,0,0,0.5,0,0,0,0.5,0,0,0,0,0,0,0,0,0,0,4,0,
John Dietrich,Lauren Porensky,6/30/2020,2020,TB,27,Aerial,55,54,56,13,<0.5,9,7,0.5,0,0,11,22,0,0,2,0,1,0,0,0,5,0,4,0,0,0,0,0,0,0,4,0,0,,0,0,0,0,3,0,0.5,0,0,0,1,0,0,0.5,0,0,0,0,0,0,<0.5,0,0,0,0,0,0,0,0.5,0,0.5,0,0,0,0,0,0,0,0,0,0,0,0,0,0,0,0,0,0,0,0,0,0,0,0,0,0,0,0,0,0,0,0,1,0,0,0,0,0,0,0,0,0,0,12,0,
John Dietrich,Lauren Porensky,6/30/2020,2020,TB,27,Basal,42,42,41,15,<0.5,9,17,0.5,0,0,8,19,0,0,1,0,0.5,0,0,0,3,0,3,0,0,0,0,0,0,0,3,0,0,,0,0,0,0,3,0,0,0,0,0,<0.5,0,0,<0.5,0,0,0,0,0,0,0,0,0,0,0,0,0,0,<0.5,0,<0.5,0,0,0,0,0,0,0,0,0,0,0,0,0,0,0,0,0,0,0,0,0,0,0,0,0,0,0,0,0,0,0,0,0.5,0,0,0,0,0,0,0,0,0,0,13,0,
John Dietrich,Lauren Porensky,6/30/2020,2020,TB,28,Aerial,68,70.5,69,10,<0.5,6,6,2,0,0,0,40,0,0,2,0,2,4,0,0,8,0,2,2,0,0,0,0,0,0,0,0,0,,0,0,0,0,0,<0.5,4,0,0,0,0,0,0,0,0,0,0,0,0,0,0,0,0,0,0,0,0,0,0,0,<0.5,0,0,0,0,0,0,0,0,0,2,0,0,0,0,0,0,0,0,0,0,0,0,0,0,0,0,0,0,0,0,0,1,2,0,0,0,0,0,0,0,0,0,0,9,0,
John Dietrich,Lauren Porensky,6/30/2020,2020,TB,28,Basal,50,52,50,15,<0.5,6,13,3,0,0,0,37,0,0,1,0,1,3,0,0,5,0,1,0,0,0,0,0,0,0,0,0,0,,0,0,0,0,0,<0.5,0.5,0,0,0,0,0,0,0,0,0,0,0,0,0,0,0,0,0,0,0,0,0,0,0,<0.5,0,0,0,0,0,0,0,0,0,0.5,0,0,0,0,0,0,0,0,0,0,0,0,0,0,0,0,0,0,0,0,0,<0.5,1,0,0,0,0,0,0,0,0,0,0,11,0,
John Dietrich,Lauren Porensky,7/2/2020,2020,TB,29,Aerial,45,47,45.5,25,6,2,15,1,0,0,3,13,0,1,7,0,1,0.5,<0.5,0,2,0,3,0,0,0,0,0,0,0,4,<0.5,0,<0.5,<0.5,0,0,0.5,1,<0.5,8,0,0,0,<0.5,0,0,0,0,0,<0.5,0,0,0,0,0,0,0,0,0,0,0,0,0,0,0.5,<0.5,0,0,0,0,0,0,0,0,0,0,0.5,0,0,0,0,0,0,0,0,0,0,0,0,0,0,0,0,0,0,0,0.5,0,0,0,0,0,0,0,0,0,0,5,0,
John Dietrich,Lauren Porensky,7/2/2020,2020,TB,29,Basal,30,28,25,28,6,2,26,1,0,,2,10,0,0.5,5,0,<0.5,<0.5,<0.5,0,1,0,2,0,0,0,0,0,0,0,3,<0.5,0,<0.5,<0.5,0,0,<0.5,1,<0.5,0.5,0,0,0,<0.5,0,0,0,0,0,<0.5,0,0,0,0,0,0,0,0,0,0,0,0,0,0,<0.5,<0.5,0,0,0,0,0,0,0,0,0,0,<0.5,0,0,0,0,0,0,0,0,0,0,0,0,0,0,0,0,0,0,0,<0.5,0,0,0,0,0,0,0,0,0,0,6,0,
John Dietrich,Lauren Porensky,7/2/2020,2020,TB,30,Aerial,63,65,64.5,10,2,6,15,1,0,0,3,33,0,3,2,0,0.5,0,<0.5,<0.5,7,0,5,0,0,0,0,0,0,0,0.5,0,0,1,0,0,0,0.5,<0.5,0,4,0,0,0.5,0,0,0,0,0,0,0,0,0,0,0,0,0,0,0,0,0,0,0,0,0,0,0,0,0,0,0,0,0,0,0,0,0,0.5,0,0,0,0,0,0,0,0,0,0,0,0,0,0,0,4,0,0,0,<0.5,0,0,0,0,0,0,0,0,0,0,3,0,
John Dietrich,Lauren Porensky,7/2/2020,2020,TB,30,Basal,45,46.5,44.5,15,2,6,28,1,0,,2,30,0,2,1,0,<0.5,0,<0.5,<0.5,4,0,4,0,0,0,0,0,0,0,0.5,0,0,<0.5,0,0,0,<0.5,<0.5,0,0.5,0,0,<0.5,0,0,0,0,0,0,0,0,0,0,0,0,0,0,0,0,0,0,0,0,0,0,0,0,0,0,0,0,0,0,0,0,0,<0.5,0,0,0,0,0,0,0,0,0,0,0,0,0,0,0,0.5,0,0,0,<0.5,0,0,0,0,0,0,0,0,0,0,3,0,
John Dietrich,Lauren Porensky,7/2/2020,2020,TB,31,Aerial,68,70,69.5,10,2,8,10,0,0,2,0,53,0,0,8,0,2,3,0,0,0,0,0,0,0,0,0.5,0,0,0,0,0,0,0,<0.5,0,0,0,0,0,0,0,0,0,0,0,0,0,0,0,<0.5,0,0,0,0,0,0,0,0,0,0,0,0,0,0,0,0,0,0,0,0,0,0,0,0,0,0,0,0,<0.5,0,0,0,0,0,0,0,0,0,0,0,0,0,0,0,0,0,3,0,0,0,0,0,0,0,0,0,0,5,0,ingrowth core hole 0.5%
John Dietrich,Lauren Porensky,7/2/2020,2020,TB,31,Basal,60,60,59,12,2,8,13,0,0,,0,50,0,0,5,0,1,2,0,0,0,0,0,0,0,0,<0.5,0,0,0,0,0,0,0,<0.5,0,0,0,0,0,0,0,0,0,0,0,0,0,0,0,<0.5,0,0,0,0,0,0,0,0,0,0,0,0,0,0,0,0,0,0,0,0,0,0,0,0,0,0,0,0,<0.5,0,0,0,0,0,0,0,0,0,0,0,0,0,0,0,0,0,1,0,0,0,0,0,0,0,0,0,0,5,0,
John Dietrich,Lauren Porensky,7/2/2020,2020,TB,32,Aerial,65,62,60.5,25,<0.5,2,5,0,0,0,0,45,0,0,4,0,1,0.5,0,<0.5,0,0,5,0,0,1,0,0,0,0,2,0,0,0,0,0,<0.5,<0.5,<0.5,<0.5,0,0,0,0,0,0,0,0,0,0,0,0,0,0,0,0,0,0,0,0,0,0,0,0,0,0,0,0,0,0,0,0,0,0,0,0,0,<0.5,0,0,0,0,0,0,0,0,0,0,0,0,0,0,1,0,0,0,0,1,0,0,0,0,0,0,0,0,0,0,3,0,
John Dietrich,Lauren Porensky,7/2/2020,2020,TB,32,Basal,52,51,48.5,30,<0.5,2,12,0,0,,0,40,0,0,2,0,0.5,<0.5,0,<0.5,0,0,4,0,0,<0.5,0,0,0,0,2,0,0,0,0,0,<0.5,<0.5,<0.5,<0.5,0,0,0,0,0,0,0,0,0,0,0,0,0,0,0,0,0,0,0,0,0,0,0,0,0,0,0,0,0,0,0,0,0,0,0,0,0,<0.5,0,0,0,0,0,0,0,0,0,0,0,0,0,0,<0.5,0,0,0,0,<0.5,0,0,0,0,0,0,0,0,0,0,4,0,
John Dietrich,Lauren Porensky,7/2/2020,2020,TB,33,Aerial,68,65,64.5,9,<0.5,10,12,1,0,13,0,43,0,0,4,0,7,2,<0.5,0,0,0,0,0,0,0,3,0,0,0,0,0,0,0,0,0,<0.5,0,0,0,0,0,0,0,0,0,0,0,0,0,<0.5,0,0,0,0,,0,0,0,0,0,0,0,0,0,0,0,0,0,0,0,0,0,0,0,0,0,0,0,0,0,0,0,0,0,0,0,0,0,0,0,0,0,0,0,0,0.5,5,0,0,0,0,0,0,0,0,0,0,1,0,
John Dietrich,Lauren Porensky,7/2/2020,2020,TB,33,Basal,55,53,52,10,<0.5,10,20,1,0,,0,40,0,0,2,0,4,1,<0.5,0,0,0,0,0,0,0,2,0,0,0,0,0,0,0,0,,<0.5,0,0,0,0,0,0,0,0,0,0,0,0,0,<0.5,0,0,0,0,,0,0,0,0,0,0,0,0,0,0,0,0,0,0,0,0,0,0,0,0,0,0,0,0,0,0,0,0,0,0,0,0,0,0,0,0,0,0,0,0,<0.5,3,0,0,0,0,0,0,0,0,0,0,2,0,
John Dietrich,Lauren Porensky,7/2/2020,2020,TB,34,Aerial,60,62.5,61,25,<0.5,7,7,1,0,0,0,50,0,0,9,0,0.5,0.5,<0.5,<0.5,0,0,0,<0.5,0,0,0,0,0,0,0,0,0,0,0.5,,<0.5,0,0,<0.5,0,0,0,0,0,0,0,0,0,0,<0.5,0,0,0,0,,0,0,0,0,0,0,0,0,0,0,0,0,0,0,0,0,0,0,0,0,0,0,0,0,0,0,0,0,0,0,0,0,0,0,0,0,0,0,0,0,0,0.5,0,0,0,0,0,0,0,0,0,0,0.5,0,ingrowth core hole 0.5% cover
John Dietrich,Lauren Porensky,7/2/2020,2020,TB,34,Basal,50,52,50,30,<0.5,7,11,1,0,,0,45,0,0,5,0,<0.5,<0.5,<0.5,<0.5,0,0,0,0,0,0,0,0,0,0,0,0,0,0,<0.5,,<0.5,0,0,<0.5,0,0,0,0,0,0,0,0,0,0,<0.5,0,0,0,0,,0,0,0,0,0,0,0,0,0,0,0,0,0,0,0,0,0,0,0,0,0,0,0,0,0,0,0,0,0,0,0,0,0,0,0,0,0,0,0,0,0,<0.5,0,0,0,0,0,0,0,0,0,0,1,0,
John Dietrich,Lauren Porensky,7/2/2020,2020,TB,35,Aerial,65,64,64,15,<0.5,10,5,0,0,15,0,45,0,0,5,0,6,2,0,0,0,0,0,0,0,0,2,0,0,0,0,0,0,0,0,,0,0,0,0,0,0,0,0,0,0,0,0,0,0,<0.5,0,0,0,0,,0,0,0,0,0,0,0,0,0,0,0,0,0,0,0,0,0,0,0,0,0,0,0,0,0,0,0,0,0,0,0,0,0,0,0,0,0,0,0,0,0,4,0,0,0,0,0,0,0,0,0,0,3,0,ingrowth core hole 0.5% cover
John Dietrich,Lauren Porensky,7/2/2020,2020,TB,35,Basal,50,51,51,20,<0.5,10,15,0,0,,0,42,0,0,3,0,2,1,0,0,0,0,0,0,0,0,1,0,0,0,0,0,0,0,0,,0,0,0,0,0,0,0,0,0,0,0,0,0,0,<0.5,0,0,0,0,,0,0,0,0,0,0,0,0,0,0,0,0,0,0,0,0,0,0,0,0,0,0,0,0,0,0,0,0,0,0,0,0,0,0,0,0,0,0,0,0,0,2,0,0,0,0,0,0,0,0,0,0,4,0,
John Dietrich,Lauren Porensky,7/2/2020,2020,TB,36,Aerial,55,54,52.5,25,<0.5,9,5,0,0,14,4,35,0,0,4,0,<0.5,<0.5,0,0.5,0,0,6,0,0,1,0.5,0,0,0,0.5,0,0,0,<0.5,,0,0,1,<0.5,0,0,0,0,0,0,0,0,0,0,0,0,0,0,0,,0,0,0,0,0,0,0,0,0,0,0,0,0,0,0,0,0,<0.5,0,0,0,0,0,0,0,0,0,0,0,0,0,0,0,0,0,0,0,0,0,0,0,<0.5,0,0,0,0,0,0,0,0,0,0,4,0,
John Dietrich,Lauren Porensky,7/2/2020,2020,TB,36,Basal,45,45,43.5,28,<0.5,9,13,0,0,,3,32,0,0,3,0,<0.5,<0.5,0,<0.5,0,0,4,0,0,<0.5,0.5,0,0,0,0.5,0,0,0,<0.5,,0,0,0.5,<0.5,0,0,0,0,0,0,0,0,0,0,0,0,0,0,0,,0,0,0,0,0,0,0,0,0,0,0,0,0,0,0,0,0,<0.5,0,0,0,0,0,0,0,0,0,0,0,0,0,0,0,0,0,0,0,0,0,0,0,<0.5,0,0,0,0,0,0,0,0,0,0,5,0,
John Dietrich,Lauren Porensky,7/2/2020,2020,TB,37,Aerial,68,71.5,72,10,<0.5,16,4,0,0,0,0,50,0,0,9,0,3,2,0,<0.5,0,0,0,1,0,0,0,0,<0.5,0,0,0,0,0,0,0.5,0,0,0,0,0,0.5,0,0,3,0,0,0,0,0,0,0,0,0,0,0,0,0,0,0,0,0,0,0,0,0,0,0,0,0,0,0,0,0,0,0,0,0,0,0,0,0,0,0,0,0,0,0,0,0,0,0,0,0,<0.5,0,0,3,0,0,0,0,0,0,0,0,0,0,1,0,lichen BOGR overlap
John Dietrich,Lauren Porensky,7/2/2020,2020,TB,37,Basal,55,56,55,15,<0.5,16,15,0,0,,0,46,0,0,6,0,1,1,0,<0.5,0,0,0,<0.5,0,0,0,0,<0.5,0,0,0,0,0,0,<0.5,0,0,0,0,0,<0.5,0,0,<0.5,0,0,0,0,0,0,0,0,0,0,0,0,0,0,0,0,0,0,0,0,0,0,0,0,0,0,0,0,0,0,0,0,0,0,0,0,0,0,0,0,0,0,0,0,0,0,0,0,0,<0.5,0,0,1,0,0,0,0,0,0,0,0,0,0,2,0,lichen BOGR overlap
John Dietrich,Lauren Porensky,7/2/2020,2020,TB,38,Aerial,85,88,86.5,3,3,7,3,0,0,0,0,70,0,0,4,0,4,2,0,<0.5,0,0,0,0,0,0,0,0,<0.5,0,0,0,0,0,<0.5,0.5,0,0,0,<0.5,0.5,0,<0.5,0,<0.5,0,0,0,0,0,1,0,0,0,0,0,0,0,0,0,0,0,0,0,0,0,0,0,0,0,0,0,0,0,0,0,0,0,0,0,0,0,0,0,0,0,0,0,0,0,0,0,0,0,0.5,0,<0.5,4,0,0,0,0,0,0,0,0,0,0,<0.5,0,lichen BOGR overlap
John Dietrich,Lauren Porensky,7/2/2020,2020,TB,38,Basal,75,75.5,73.5,4,3,7,15,0,0,,0,66,0,0,2,0,2,1,0,<0.5,0,0,0,0,0,0,0,0,<0.5,0,0,0,0,0,<0.5,<0.5,0,0,0,<0.5,<0.5,0,<0.5,0,<0.5,0,0,0,0,0,0.5,0,0,0,0,0,0,0,0,0,0,0,0,0,0,0,0,0,0,0,0,0,0,0,0,0,0,0,0,0,0,0,0,0,0,0,0,0,0,0,0,0,0,0,<0.5,0,<0.5,2,0,0,0,0,0,0,0,0,0,0,<0.5,0,lichen BOGR overlap
John Dietrich,Lauren Porensky,7/2/2020,2020,TB,39,Aerial,70,72.5,71.5,10,1,17,6,0,0,0,0,60,0,0,3,0,3,1,0,<0.5,0,0,0,0,0,0,0,0,<0.5,0,0,0,0,0,0,0,0,0,0,0,0,0,0,0,1,0,0,0,0,0,0.5,0,0,0,0,0,0,0,0,0,0,0,0,0,0,0,0,0,0,0,0,0,0,0,0,0,0,0,0,0,0,0,<0.5,0,0,0,0,0,0,0,0,0,0,0,0,0,0,3,0,0,0,0,0,0,0,0,0,0,4,0,lichen BOGR overlap
John Dietrich,Lauren Porensky,7/2/2020,2020,TB,39,Basal,60,61,60,12,1,17,10,0,0,,0,55,0,0,2,0,2,0,0,<0.5,0,0,0,0,0,0,0,0,<0.5,0,0,0,0,0,0,0,0,0,0,0,0,0,0,0,<0.5,0,0,0,0,0,<0.5,0,0,0,0,0,0,0,0,0,0,0,0,0,0,0,0,0,0,0,0,0,0,0,0,0,0,0,0,0,0,0,<0.5,0,0,0,0,0,0,0,0,0,0,0,0,0,0,1,0,0,0,0,0,0,0,0,0,0,5,0,lichen BOGR overlap
John Dietrich,Lauren Porensky,7/2/2020,2020,TB,40,Aerial,80,79.5,79,0.5,<0.5,0,20,1,0,32,0,1,0,0,2,0,7,2,0,<0.5,0,0,0,0,0,0,7,0,<0.5,0,0,0,0,0,0,1,0,0,0,0,0,1,0,0,5,0,0,0,0,0,2,0,0,0,0,0,0,0,0,0,0,0,0,0,0,0,0,0,0,0,0,0,0,0,0,0,0,0,0,0,0,0,0,0,0,0,0,0,0,0,0,0,0,0,16,0,<0.5,35,0,0,0,0,0,0,0,0,0,0,0,0,
John Dietrich,Lauren Porensky,7/2/2020,2020,TB,40,Basal,40,39.5,39,5,<0.5,0,54,1,0,,0,0.5,0,0,1,0,4,1,0,<0.5,0,0,0,0,0,0,3,0,<0.5,0,0,0,0,0,0,<0.5,0,0,0,0,0,<0.5,0,0,0.5,0,0,0,0,0,1,0,0,0,0,0,0,0,0,0,0,0,0,0,0,0,0,0,0,0,0,0,0,0,0,0,0,0,0,0,0,0,0,0,0,0,0,0,0,0,0,0,0,0,8,0,<0.5,20,0,0,0,0,0,0,0,0,0,0,<0.5,0,
John Dietrich,Lauren Porensky,7/2/2020,2020,TB,41,Aerial,45,45,44.5,30,<0.5,1,20,0,0,0,0,0,0,2,0,0,15,1,0,0,0,0,0,0,0,0,0,0,<0.5,0,0,0,0,0,0,0,0,0,0,0,<0.5,1,0,0,1,0,0,0,2,0,2,0,0,0,0,0,0,0,0,0,0,0,0,0,0,0,0,0,0,0,0,0,0,0,0,0,0,0,0,0,0,0,0.5,0,0,0,0,0,0,0,0,0,0,0,0,0,0,20,0,0,0,0,0,0,0,0,0,0,4,0,
John Dietrich,Lauren Porensky,7/2/2020,2020,TB,41,Basal,20,20,18.5,40,<0.5,1,35,0,0,,0,0,0,1,0,0,8,0.5,0,0,0,0,0,0,0,0,0,0,<0.5,0,0,0,0,0,0,0,0,0,0,0,<0.5,<0.5,0,0,<0.5,0,0,0,<0.5,0,1,0,0,0,0,0,0,0,0,0,0,0,0,0,0,0,0,0,0,0,0,0,0,0,0,0,0,0,0,0,0,0,<0.5,0,0,0,0,0,0,0,0,0,0,0,0,0,0,8,0,0,0,0,0,0,0,0,0,0,5,0,
John Dietrich,Lauren Porensky,7/2/2020,2020,TB,42,Aerial,42,41,40,25,0,4,25,0,0,0,0,0,0,0,10,0,7,3,0,0,0,0,0,0,0,1,0,0,<0.5,<0.5,0,0,0,0,0,1,0,0,0,<0.5,0,1,0,0,1,0,0,0,0,0,1,0,0,0,0,0,0,0,0,0,0,0,0,0,0,0,0,0,0,0,0,0,0,0,0,0,0,0,0,0,0,0,0,0,0,0,0,0,0,0,0,0,0,2,<0.5,0,0,13,0,0,0,0,0,0,0,0,0,0,2,0,
John Dietrich,Lauren Porensky,7/2/2020,2020,TB,42,Basal,20,20,18,40,0,4,35,0,0,,0,0,0,0,7,0,4,2,0,0,0,0,0,0,0,<0.5,0,0,<0.5,<0.5,0,0,0,0,0,<0.5,0,0,0,<0.5,0,<0.5,0,0,<0.5,0,0,0,0,0,<0.5,0,0,0,0,0,0,0,0,0,0,0,0,0,0,0,0,0,0,0,0,0,0,0,0,0,0,0,0,0,0,0,0,0,0,0,0,0,0,0,0,0,0,<0.5,<0.5,0,0,5,0,0,0,0,0,0,0,0,0,0,2,0,
John Dietrich,Lauren Porensky,7/2/2020,2020,TB,43,Aerial,40,41,40,24,0,9,25,0,0,21,0,15,0,0,3,2,5,0.5,0,3,0,0,0,2,0,0,3,0,<0.5,<0.5,0,0,0,0,<0.5,<0.5,0,0,0,0,0,1,1,0,1,0,0,0,0,0,0.5,<0.5,0,0,0,0,0,0,0,0,0,0,0,0,0,0,0,0,0,0,0,0,0,0,0,0,0,0,0,0,0,0,0,0,0,0,0,0,0,0,0,0,0,1,0,0,0,2,0,0,0,0,0,0,0,0,0,0,1,0,ingrowth core hole 0.5% cover
John Dietrich,Lauren Porensky,7/2/2020,2020,TB,43,Basal,25,25,22.5,25,0,9,40,0,0,,0,13,0,0,2,1,2,<0.5,0,1,0,0,0,<0.5,0,0,2,0,<0.5,<0.5,0,0,0,0,<0.5,<0.5,0,0,0,0,0,<0.5,<0.5,0,<0.5,0,0,0,0,0,<0.5,<0.5,0,0,0,0,0,0,0,0,0,0,0,0,0,0,0,0,0,0,0,0,0,0,0,0,0,0,0,0,0,0,0,0,0,0,0,0,0,0,0,0,0,0.5,0,0,0,1,0,0,0,0,0,0,0,0,0,0,1,0,
John Dietrich,Lauren Porensky,7/2/2020,2020,TB,44,Aerial,63,62.5,61.5,22,<0.5,10,8,0,0,0,0,50,0,0,4,0,3,0.5,0,0.5,0,0,0,0,0,0,0,0,<0.5,0,0,0,0,0,0,0.5,0,0,0,<0.5,0,0,0,0,2,0,0,0,1,0,<0.5,0,0,0,0,0,0,<0.5,0,0,0,0,0,0,0,0,0,0,0,0,0,0,0,0,0,0,0,0,0,0,0,0,0,0,0,0,0,0,0,0,0,0,0,0,0,0,0,0,0,0,0,0,0,0,0,0,0,0,1,0,
John Dietrich,Lauren Porensky,7/2/2020,2020,TB,44,Basal,50,51,49,25,<0.5,10,15,0,0,,0,46,0,0,2,0,1,<0.5,0,<0.5,0,0,0,0,0,0,0,0,<0.5,0,0,0,0,0,0,<0.5,0,0,0,<0.5,0,0,0,0,<0.5,0,0,0,<0.5,0,<0.5,0,0,0,0,0,0,<0.5,0,0,0,0,0,0,0,0,0,0,0,0,0,0,0,0,0,0,0,0,0,0,0,0,0,0,0,0,0,0,0,0,0,0,0,0,0,0,0,0,0,0,0,0,0,0,0,0,0,0,1,0,
John Dietrich,Lauren Porensky,7/2/2020,2020,TB,45,Aerial,30,30,29.5,32,0,14,20,0,0,0,0,0,0,0,5,0,6,2,0,0,0,0,0,4,0,7,0,0,<0.5,0,0,0,0,0,0,1,0,0,0,0,0,0.5,0,0,1,0,0,0,0,0,0,0,0,0,0,0,0,0,0,0,0,0,0,0,0,0,0,0,0,0,0,0,0,0,0,0,0,0,0,0,0,0,0,0,0,0,0,0,0,0,0,0,0,0,0,0,0,3,0,0,0,0,0,0,0,0,0,0,4,0,
John Dietrich,Lauren Porensky,7/2/2020,2020,TB,45,Basal,12,13,12,35,0,14,34,0,0,,0,0,0,0,3,0,3,1,0,0,0,0,0,<0.5,0,3,0,0,<0.5,0,0,0,0,0,0,<0.5,0,0,0,0,0,<0.5,0,0,<0.5,0,0,0,0,0,0,0,0,0,0,0,0,0,0,0,0,0,0,0,0,0,0,0,0,0,0,0,0,0,0,0,0,0,0,0,0,0,0,0,0,0,0,0,0,0,0,0,0,0,0,0,0,2,0,0,0,0,0,0,0,0,0,0,5,0,
John Dietrich,Lauren Porensky,7/2/2020,2020,TB,46,Aerial,35,36,35.5,24,6,14,19,0,0,6,0,0,0,0,3,0,6,2,0,0,0,0,0,12,0,0.5,1,0,<0.5,0,0,0,0,0,0,0,0,0,1,0,0,0,0,0,3,0,0,0,0,0,0,0,0,0,0,0,0,0,0,0,0,0,0,0,0,0,0,0,0,0,0,0,0,0,0,0,0,0,0,0,0,0,0,0,0,0,0,0,0,0,0,0,0,3,0,0,0,4,0,0,0,0,0,0,0,0,0,0,4,0,
John Dietrich,Lauren Porensky,7/2/2020,2020,TB,46,Basal,15,13,12,30,6,14,30,0,0,,0,0,0,0,2,0,3,1,0,0,0,0,0,2,0,<0.5,0.5,0,<0.5,0,0,0,0,0,0,0,0,0,1,0,0,0,0,0,<0.5,0,0,0,0,0,0,0,0,0,0,0,0,0,0,0,0,0,0,0,0,0,0,0,0,0,0,0,0,0,0,0,0,0,0,0,0,0,0,0,0,0,0,0,0,0,0,0,0,0.5,0,0,0,2,0,0,0,0,0,0,0,0,0,0,5,0,
John Dietrich,Lauren Porensky,7/2/2020,2020,TB,47,Aerial,38,40,39.5,15,1,6,35,0,0,14,0,0,0,0,6,0,11,2,0,0,0,0,0,3,0,1,4,0,<0.5,0,0,0,0,0,0,0,0,0,0,<0.5,0,0.5,0,0,2,0,0,0,0,0,<0.5,0,0,0,0,0,0,0,0,0,0,0,0,0,0,0,0,0,0,0,0,0,0,0,0,0,0,0,0,0,0,0,0,0,0,0,0,0,0,0,0,0,0,0,0,0,0,10,0,0,0,0,0,0,0,0,0,0,2,0,
John Dietrich,Lauren Porensky,7/2/2020,2020,TB,47,Basal,20,19,17.5,20,1,6,50,0,0,,0,0,0,0,4,0,6,1,0,0,0,0,0,0.5,0,<0.5,2,0,<0.5,0,0,0,0,0,0,0,0,0,0,<0.5,0,<0.5,0,0,<0.5,0,0,0,0,0,<0.5,0,0,0,0,0,0,0,0,0,0,0,0,0,0,0,0,0,0,0,0,0,0,0,0,0,0,0,0,0,0,0,0,0,0,0,0,0,0,0,0,0,0,0,0,0,0,4,0,0,0,0,0,0,0,0,0,0,3,0,
John Dietrich,Lauren Porensky,7/2/2020,2020,TB,48,Aerial,35,34,33.5,35,3,10,10,0,0,0,0,2,0,0,16,0,5,0.5,0,0,0,0,0,2,0,1,0,0,<0.5,0,<0.5,0,0,0,0,0,0,0,0.5,0,0,0.5,0,<0.5,1,0,0,0,0,0,0,0,0,0,0,0,0,0,0,0,0,0,3,0,0,0,0,0,0,0,0,0,0,0,0,0,0,0,0,0,0,0,0,0,0,0,0,0,0,0,0,0,0,0,0,0,0,2,0,0,0,0,0,0,0,0,0,0,5,0,
John Dietrich,Lauren Porensky,7/2/2020,2020,TB,48,Basal,20,20,17.5,40,3,10,20,0,0,,0,2,0,0,10,0,3,<0.5,0,0,0,0,0,0.5,0,<0.5,0,0,<0.5,0,<0.5,0,0,0,0,0,0,0,<0.5,0,0,<0.5,0,<0.5,<0.5,0,0,0,0,0,0,0,0,0,0,0,0,0,0,0,0,0,1,0,0,0,0,0,0,0,0,0,0,0,0,0,0,0,0,0,0,0,0,0,0,0,0,0,0,0,0,0,0,0,0,0,0,1,0,0,0,0,0,0,0,0,0,0,7,0,
John Dietrich,Lauren Porensky,7/2/2020,2020,TB,49,Aerial,60,60,60,15,<0.5,4,20,0,0,3,0,0,0,0,1,0,24,3,0,0,0,0,0,0,0,0,1,0,0.5,0,0,0,0,0,0,0,0,0,0,0.5,0,0.5,0,0,2,0,0,0,0,0,10,0,0,0,0,0,0,0,0,0,0,0,0,0,0,0,0,0,0,0,0,0,0,0,0,0,0,0,0,0,0,0,0,0,0,0,0,0,0,0,0,0,0,0,0.5,0,0,17,0,0,0,0,0,0,0,0,0,0,2,0,
John Dietrich,Lauren Porensky,7/2/2020,2020,TB,49,Basal,28,28.25,27,20,<0.5,4,45,0,0,,0,0,0,0,0.5,0,12,2,0,0,0,0,0,0,0,0,0.5,0,<0.5,0,0,0,0,0,0,0,0,0,0,<0.5,0,<0.5,0,0,<0.5,0,0,0,0,0,4,0,0,0,0,0,0,0,0,0,0,0,0,0,0,0,0,0,0,0,0,0,0,0,0,0,0,0,0,0,0,0,0,0,0,0,0,0,0,0,0,0,0,0,<0.5,0,0,8,0,0,0,0,0,0,0,0,0,0,3,0,
John Dietrich,Lauren Porensky,7/2/2020,2020,TB,50,Aerial,45,44,43,30,<0.5,5,16,0,0,0,0,0,0,0,0,0,17,5,0,0,0,0,0,0,0,0,0,0,0.5,<0.5,0,0,0,0,0,<0.5,<0.5,0,0,0,0,<0.5,0,0,0.5,0,0,0,0,0,2,0,0,0,0,0,0,0,0,0,0,0,0,0,0,0,0,0,0,0,0,0,0,0,0,0,0,0,0,0,0,0,0,0,0,0,0,0,0,0,0,0,0,0,0,0,0,18,0,0,0,0,0,0,0,0,0,0,4,0,
John Dietrich,Lauren Porensky,7/2/2020,2020,TB,50,Basal,28,26.5,23,40,<0.5,5,22,0,0,,0,0,0,0,0,0,10,3,0,0,0,0,0,0,0,0,0,0,<0.5,<0.5,0,0,0,0,0,<0.5,<0.5,0,0,0,0,<0.5,0,0,<0.5,0,0,0,0,0,1,0,0,0,0,0,0,0,0,0,0,0,0,0,0,0,0,0,0,0,0,0,0,0,0,0,0,0,0,0,0,0,0,0,0,0,0,0,0,0,0,0,0,0,0,0,0,9,0,0,0,0,0,0,0,0,0,0,5,0,
John Dietrich,Lauren Porensky,7/2/2020,2020,TB,51,Aerial,68,68,68,6,6,7,14,0,0,7,0,0,0,0,4,0,26,2,0,0,0,0,0,1,0,0,2,0,<0.5,0,0,0,0,0,0,1,1,0,0,<0.5,0,0,1,0,5,0,0,0,0,0,2,0,0,0,0,0,0,0,0,0,0,0,0,0,0,0,0,0,0,0,0,0,0,0,0,0,0,0,0,0,0,0,0,0,0,0,0,0,0,0,0,0,0,0,3,0,0,20,0,0,0,0,0,0,0,0,0,0,0,0,
John Dietrich,Lauren Porensky,7/2/2020,2020,TB,51,Basal,35,35.25,34,18,6,7,34,0,0,,0,0,0,0,1,0,18,1,0,0,0,0,0,0.5,0,0,1,0,<0.5,0,0,0,0,0,0,<0.5,<0.5,0,0,<0.5,0,0,<0.5,0,0.5,0,0,0,0,0,1,0,0,0,0,0,0,0,0,0,0,0,0,0,0,0,0,0,0,0,0,0,0,0,0,0,0,0,0,0,0,0,0,0,0,0,0,0,0,0,0,0,0,0,1,0,0,10,0,0,0,0,0,0,0,0,0,0,0,0,
John Dietrich,Lauren Porensky,7/2/2020,2020,TB,52,Aerial,30,29,28.5,45,<0.5,7,15,0,0,0,0,0,0,0,2,0,12,2,0,0,0,0,0,8,0,0,0,0,<0.5,0,0,0,0,0,0,0,<0.5,0,0,0,0,0,0,0,0,0,0,0,0,0,0.5,0,0,0,0,0,0,0,0,0,0,0,0,0,0,0,0,0,0,0,0,0,0,0,0,0,0,0,0,0,0,0,0,0,0,0,0,0,0,0,0,0,0,0,0,0,0,4,0,0,0,0,0,0,0,0,0,0,4,0,
John Dietrich,Lauren Porensky,7/2/2020,2020,TB,52,Basal,13,12.75,13,50,<0.5,7,25,0,0,,0,0,0,0,1,0,7,1,0,0,0,0,0,2,0,0,0,0,<0.5,0,0,0,0,0,0,0,<0.5,0,0,0,0,0,0,0,0,0,0,0,0,0,<0.5,0,0,0,0,0,0,0,0,0,0,0,0,0,0,0,0,0,0,0,0,0,0,0,0,0,0,0,0,0,0,0,0,0,0,0,0,0,0,0,0,0,0,0,0,0,0,2,0,0,0,0,0,0,0,0,0,0,5,0,
John Dietrich,Lauren Porensky,7/2/2020,2020,TB,53,Aerial,25,27.25,27,30,0,18,12,0,0,0,0,0,0,0,5,0,8,1,0,0,0,0,0,3,0,1,0,0,<0.5,0,0,0,0,0,0,0,0,0,0,<0.5,0,0,0,0,2,0,0,0,0,0,1,0,0,0,0,0,0,0,0,0,0,0,0,0,0,0,0,0,0,0,0,0,0,0,0,0,0,0,0,0,0,0,0,0,0,0,0,0,0,0,0,0,0,0,0,0,0,6,0,0,0,0,0,0,0,0,0,0,11,,
John Dietrich,Lauren Porensky,7/2/2020,2020,TB,53,Basal,15,14.25,13.5,35,0,18,20,0,0,0,0,0,0,0,4,0,4,0.5,0,0,0,0,0,2,0,0.5,0,0,<0.5,0,0,0,0,0,0,0,0,0,0,<0.5,0,0,0,0,<0.5,0,0,0,0,0,0.5,0,0,0,0,0,0,0,0,0,0,0,0,0,0,0,0,0,0,0,0,0,0,0,0,0,0,0,0,0,0,0,0,0,0,0,0,0,0,0,0,0,0,0,0,0,0,2,0,0,0,0,0,0,0,0,0,0,12,,
John Dietrich,Lauren Porensky,7/2/2020,2020,TB,54,Aerial,25,26.75,28.5,47,<0.5,13,10,0,0,0,0,0,0,0,0,0,11,2,0,0,0,0,0,4,0,0,0,0,<0.5,0,0,0,0,0,0,0,0.5,0,0,0,0,0,0,0,1,0,0,0,<0.5,0,0.5,0,0,0,0,0,0,0,0,0,0,0,0.5,0,0,0,0,0,0,0,0,0,0,0,0,0,0,0,0,0,0,0,0,0,0,0,0,0,0,0,0,0,0,0,0,0,0,9,0,0,0,0,0,0,0,0,0,0,6,,
John Dietrich,Lauren Porensky,7/2/2020,2020,TB,54,Basal,13,13.25,12,50,<0.25,13,15,0,0,0,0,0,0,0,0,0,5,1,0,0,0,0,0,2,0,0,0,0,<0.5,0,0,0,0,0,0,0,<0.5,0,0,0,0,0,0,0,0,0,0,0,<0.5,0,<0.5,0,0,0,0,0,0,0,0,0,0,0,<0.5,0,0,0,0,0,0,0,0,0,0,0,0,0,0,0,0,0,0,0,0,0,0,0,0,0,0,0,0,0,0,0,0,0,0,4,0,0,0,0,0,0,0,0,0,0,10,,
