observers,date,site,block,plot,genus_species,symbol,aerial_cover,basal_cover,notes
SC,7/1/20,FK,1,7,Bouteloua_gracilis,BOGR,1,0.5,
SC,7/1/20,FK,1,7,Bouteloua_dactyloides,BODA,,,
SC,7/1/20,FK,1,7,Bromus_arvensis,BRAR,10,5,
SC,7/1/20,FK,1,7,Bromus_tectorum,BRTE,1,0.5,
SC,7/1/20,FK,1,7,Hesperostipa_comata,HECO,3,1,
SC,7/1/20,FK,1,7,Koeleria_macrantha,KOMA,1,0.5,
SC,7/1/20,FK,1,7,Pascopyrum_smithii,PASM,0.5,0.5,
SC,7/1/20,FK,1,7,Poa_secunda,POSE,,,
SC,7/1/20,FK,1,7,Vulpia_octoflora,VUOC,3,1,
SC,7/1/20,FK,1,7,Aristida_purpurea,ARPU,1,0.5,
SC,7/1/20,FK,1,7,basal_aster_KW_pic_unknown,,0.5,0.5,
SC,7/1/20,FK,1,7,lanceolate_KW_pic_unknown,,0.5,0.5,
SC,7/1/20,FK,1,7,Conyza_canadensis,COCA,0.5,0.5,
SC,7/1/20,FK,1,7,Antennaria_spp_unknown,,0.5,0.5,
SC,7/1/20,FK,1,7,Carex_filifolia,CAFI,7,3,
SC,7/1/20,FK,1,7,Coryphanthus_vivipara,COVI,0.5,0.5,
SC,7/1/20,FK,1,7,Artemisia_dracunculus,ARDR,,,
SC,7/1/20,FK,1,7,Artemisia_frigida,ARFR,0.5,0.5,
SC,7/1/20,FK,1,7,Linum_rigidum,LIRI,,,
SC,7/1/20,FK,1,7,Logfia_arvensis,LOAR,1,0.5,
SC,7/1/20,FK,1,7,Opuntia_polycantha,OPPO,1,0.5,
SC,7/1/20,FK,1,7,Plantago_patagonica,PLPA,0.5,0.5,
SC,7/1/20,FK,1,7,Sphaeralcea_coccinea,SPCO,,,
SC,7/1/20,FK,1,7,Taraxacum_officinale,TAOF,,,
SC,7/1/20,FK,1,7,Tragopogon_dubius,TRDU,13,3,
SC,7/1/20,FK,1,7,Estimated_total,,42,18,
SC,7/1/20,FK,1,7,Added_total,,46,20,
SC,7/1/20,FK,1,7,Litter,,49,74,
SC,7/1/20,FK,1,7,Moss,,0.5,0.5,
SC,7/1/20,FK,1,7,Lichen,,0.5,0.5,
SC,7/1/20,FK,1,7,Rock,,0,0,
SC,7/1/20,FK,1,7,Bareground,,5,6,
SC,7/1/20,FK,1,7,Dung,,1,1,
SC,7/1/20,FK,1,9,Bouteloua_gracilis,BOGR,,,
SC,7/1/20,FK,1,9,Bouteloua_dactyloides,BODA,,,
SC,7/1/20,FK,1,9,Bromus_arvensis,BRAR,24,10,
SC,7/1/20,FK,1,9,Bromus_tectorum,BRTE,22,8,
SC,7/1/20,FK,1,9,Hesperostipa_comata,HECO,4,2,
SC,7/1/20,FK,1,9,Koeleria_macrantha,KOMA,2,1,
SC,7/1/20,FK,1,9,Pascopyrum_smithii,PASM,1,0.5,
SC,7/1/20,FK,1,9,Poa_secunda,POSE,0.5,0.5,
SC,7/1/20,FK,1,9,Vulpia_octoflora,VUOC,5,2,
SC,7/1/20,FK,1,9,Aristida_purpurea,ARPU,,,
SC,7/1/20,FK,1,9,basal_aster_KW_pic_unknown,,,,
SC,7/1/20,FK,1,9,lanceolate_KW_pic_unknown,,,,
SC,7/1/20,FK,1,9,Conyza_canadensis,COCA,,,
SC,7/1/20,FK,1,9,Antennaria_spp_unknown,,,,
SC,7/1/20,FK,1,9,Carex_filifolia,CAFI,10,5,
SC,7/1/20,FK,1,9,Coryphanthus_vivipara,COVI,0.5,0.5,
SC,7/1/20,FK,1,9,Artemisia_dracunculus,ARDR,,,
SC,7/1/20,FK,1,9,Artemisia_frigida,ARFR,4,2,
SC,7/1/20,FK,1,9,Linum_rigidum,LIRI,,,
SC,7/1/20,FK,1,9,Logfia_arvensis,LOAR,0.5,0.5,
SC,7/1/20,FK,1,9,Opuntia_polycantha,OPPO,,,
SC,7/1/20,FK,1,9,Plantago_patagonica,PLPA,,,
SC,7/1/20,FK,1,9,Sphaeralcea_coccinea,SPCO,1,0.5,
SC,7/1/20,FK,1,9,Taraxacum_officinale,TAOF,,,
SC,7/1/20,FK,1,9,Tragopogon_dubius,TRDU,2,0.5,
SC,7/1/20,FK,1,9,Estimated_total,,70,32,
SC,7/1/20,FK,1,9,Added_total,,76.5,33,
SC,7/1/20,FK,1,9,Litter,,27,64,
SC,7/1/20,FK,1,9,Moss,,0.5,0.5,
SC,7/1/20,FK,1,9,Lichen,,0.5,0.5,
SC,7/1/20,FK,1,9,Rock,,0,0,
SC,7/1/20,FK,1,9,Bareground,,1,2,
SC,7/1/20,FK,1,9,Dung,,1,1,
SC,6/30/20,FK,2,30,Bouteloua_gracilis,BOGR,,,
SC,6/30/20,FK,2,30,Bouteloua_dactyloides,BODA,1,0.5,
SC,6/30/20,FK,2,30,Bromus_arvensis,BRAR,30,15,
SC,6/30/20,FK,2,30,Bromus_tectorum,BRTE,,,
SC,6/30/20,FK,2,30,Hesperostipa_comata,HECO,,,
SC,6/30/20,FK,2,30,Koeleria_macrantha,KOMA,0.5,0.5,
SC,6/30/20,FK,2,30,Pascopyrum_smithii,PASM,,,
SC,6/30/20,FK,2,30,Poa_secunda,POSE,0.5,0.5,
SC,6/30/20,FK,2,30,Vulpia_octoflora,VUOC,7,2,
SC,6/30/20,FK,2,30,Aristida_purpurea,ARPU,3,1,
SC,6/30/20,FK,2,30,Liatris_punctata,LIPU,0.5,0.5,
SC,6/30/20,FK,2,30,Lygodesmia_juncea,LYJU,,,
SC,6/30/20,FK,2,30,Conyza_canadensis,COCA,,,
SC,6/30/20,FK,2,30,Carex_filifolia,CAFI,16,9,
SC,6/30/20,FK,2,30,Carex_duriuscula,CADU,,,
SC,6/30/20,FK,2,30,Artemisia_dracunculus,ARDR,,,
SC,6/30/20,FK,2,30,Artemisia_frigida,ARFR,1,0.5,
SC,6/30/20,FK,2,30,Linum_rigidum,LIRI,,1,
SC,6/30/20,FK,2,30,Logfia_arvensis,LOAR,0.5,0.5,
SC,6/30/20,FK,2,30,Opuntia_polycantha,OPPO,,,
SC,6/30/20,FK,2,30,Plantago_patagonica,PLPA,0.5,0.5,
SC,6/30/20,FK,2,30,Sphaeralcea_coccinea,SPCO,1,0.5,
SC,6/30/20,FK,2,30,Taraxacum_officinale,TAOF,,,
SC,6/30/20,FK,2,30,Tragopogon_dubius,TRDU,6,1,
SC,6/30/20,FK,2,30,Estimated_total,,70,30,
SC,6/30/20,FK,2,30,Added_total,,75.5,33,
SC,6/30/20,FK,2,30,Litter,,28,68,
SC,6/30/20,FK,2,30,Bareground,,1,1,
SC,6/30/20,FK,2,30,Rock,,,,
SC,6/30/20,FK,2,30,Moss,,0.5,0.5,
SC,6/30/20,FK,2,30,Lichen,,0.5,0.5,
SC,6/30/20,FK,2,30,Dung,,,,
SC,6/30/20,FK,2,30,Artemisia_cana,ARCA,8,1,
SC,6/30/20,FK,2,28,Bouteloua_gracilis,BOGR,2,1,
SC,6/30/20,FK,2,28,Bouteloua_dactyloides,BODA,,,
SC,6/30/20,FK,2,28,Bromus_arvensis,BRAR,35,15,
SC,6/30/20,FK,2,28,Bromus_tectorum,BRTE,0.5,0.5,
SC,6/30/20,FK,2,28,Hesperostipa_comata,HECO,,,
SC,6/30/20,FK,2,28,Koeleria_macrantha,KOMA,,,
SC,6/30/20,FK,2,28,Pascopyrum_smithii,PASM,,,
SC,6/30/20,FK,2,28,Poa_secunda,POSE,3,1,
SC,6/30/20,FK,2,28,Vulpia_octoflora,VUOC,1,0.5,
SC,6/30/20,FK,2,28,Aristida_purpurea,ARPU,,,
SC,6/30/20,FK,2,28,Liatris_punctata,LIPU,0.5,0.5,
SC,6/30/20,FK,2,28,Lygodesmia_juncea,LYJU,2,0.5,
SC,6/30/20,FK,2,28,Conyza_canadensis,COCA,,,
SC,6/30/20,FK,2,28,Carex_filifolia,CAFI,20,9,
SC,6/30/20,FK,2,28,Carex_duriuscula,CADU,,,
SC,6/30/20,FK,2,28,Artemisia_dracunculus,ARDR,1,0.5,
SC,6/30/20,FK,2,28,Artemisia_frigida,ARFR,0.5,0.5,
SC,6/30/20,FK,2,28,Linum_rigidum,LIRI,,,
SC,6/30/20,FK,2,28,Logfia_arvensis,LOAR,0.5,0.5,
SC,6/30/20,FK,2,28,Opuntia_polycantha,OPPO,,,
SC,6/30/20,FK,2,28,Plantago_patagonica,PLPA,,,
SC,6/30/20,FK,2,28,Sphaeralcea_coccinea,SPCO,2,0.5,
SC,6/30/20,FK,2,28,Taraxacum_officinale,TAOF,,,
SC,6/30/20,FK,2,28,Tragopogon_dubius,TRDU,1,0.5,
SC,6/30/20,FK,2,28,Estimated_total,,62,27,
SC,6/30/20,FK,2,28,Added_total,,69,30.5,
SC,6/30/20,FK,2,28,Litter,,29,62,
SC,6/30/20,FK,2,28,Bareground,,0.5,0.5,
SC,6/30/20,FK,2,28,Rock,,,,
SC,6/30/20,FK,2,28,Moss,,0.5,0.5,
SC,6/30/20,FK,2,28,Lichen,,0.5,1,
SC,6/30/20,FK,2,28,Dung,,8,9,
SC,6/30/20,FK,2,28,Artemisia_cana,ARCA,,,
SC,6/30/20,FK,1,1,Bouteloua_gracilis,BOGR,,,
SC,6/30/20,FK,1,1,Bouteloua_dactyloides,BODA,,,
SC,6/30/20,FK,1,1,Bromus_arvensis,BRAR,65,32,
SC,6/30/20,FK,1,1,Bromus_tectorum,BRTE,,,
SC,6/30/20,FK,1,1,Hesperostipa_comata,HECO,1,0.5,
SC,6/30/20,FK,1,1,Koeleria_macrantha,KOMA,,,
SC,6/30/20,FK,1,1,Pascopyrum_smithii,PASM,0.5,0.5,
SC,6/30/20,FK,1,1,Poa_secunda,POSE,0.5,0.5,
SC,6/30/20,FK,1,1,Vulpia_octoflora,VUOC,,,
SC,6/30/20,FK,1,1,Aristida_purpurea,ARPU,,,
SC,6/30/20,FK,1,1,Liatris_punctata,LIPU,,,
SC,6/30/20,FK,1,1,Lygodesmia_juncea,LYJU,1,0.5,
SC,6/30/20,FK,1,1,Conyza_canadensis,COCA,,,
SC,6/30/20,FK,1,1,Carex_filifolia,CAFI,,,
SC,6/30/20,FK,1,1,Carex_duriuscula,CADU,23,10,
SC,6/30/20,FK,1,1,Artemisia_dracunculus,ARDR,0.5,0.5,
SC,6/30/20,FK,1,1,Artemisia_frigida,ARFR,,,
SC,6/30/20,FK,1,1,Linum_rigidum,LIRI,,,
SC,6/30/20,FK,1,1,Logfia_arvensis,LOAR,,,
SC,6/30/20,FK,1,1,Opuntia_polycantha,OPPO,,,
SC,6/30/20,FK,1,1,Plantago_patagonica,PLPA,,,
SC,6/30/20,FK,1,1,Sphaeralcea_coccinea,SPCO,,,
SC,6/30/20,FK,1,1,Taraxacum_officinale,TAOF,,,
SC,6/30/20,FK,1,1,Tragopogon_dubius,TRDU,0.5,0.5,
SC,6/30/20,FK,1,1,Estimated_total,,86,42,
SC,6/30/20,FK,1,1,Added_total,,92,42.5,
SC,6/30/20,FK,1,1,Litter,,14,57,
SC,6/30/20,FK,1,1,Bareground,,0.5,1,
SC,6/30/20,FK,1,1,Rock,,,,
SC,6/30/20,FK,1,1,Moss,,,,
SC,6/30/20,FK,1,1,Lichen,,,,
SC,6/30/20,FK,1,1,Dung,,,,
SC,6/30/20,FK,1,1,Artemisia_cana,ARCA,,,
SC,6/30/20,FK,1,3,Bouteloua_gracilis,BOGR,,,
SC,6/30/20,FK,1,3,Bouteloua_dactyloides,BODA,,,
SC,6/30/20,FK,1,3,Bromus_arvensis,BRAR,55,25,
SC,6/30/20,FK,1,3,Bromus_tectorum,BRTE,,,
SC,6/30/20,FK,1,3,Hesperostipa_comata,HECO,15,7,
SC,6/30/20,FK,1,3,Koeleria_macrantha,KOMA,,,
SC,6/30/20,FK,1,3,Pascopyrum_smithii,PASM,,,
SC,6/30/20,FK,1,3,Poa_secunda,POSE,0.5,0.5,
SC,6/30/20,FK,1,3,Vulpia_octoflora,VUOC,,,
SC,6/30/20,FK,1,3,Aristida_purpurea,ARPU,,,
SC,6/30/20,FK,1,3,Liatris_punctata,LIPU,,,
SC,6/30/20,FK,1,3,Lygodesmia_juncea,LYJU,,,
SC,6/30/20,FK,1,3,Conyza_canadensis,COCA,0.5,0.5,
SC,6/30/20,FK,1,3,Carex_filifolia,CAFI,,,
SC,6/30/20,FK,1,3,Carex_duriuscula,CADU,2,0.5,
SC,6/30/20,FK,1,3,Artemisia_dracunculus,ARDR,,,
SC,6/30/20,FK,1,3,Artemisia_frigida,ARFR,0.5,0.5,
SC,6/30/20,FK,1,3,Linum_rigidum,LIRI,,,
SC,6/30/20,FK,1,3,Logfia_arvensis,LOAR,1,0.5,
SC,6/30/20,FK,1,3,Opuntia_polycantha,OPPO,,,
SC,6/30/20,FK,1,3,Plantago_patagonica,PLPA,,,
SC,6/30/20,FK,1,3,Sphaeralcea_coccinea,SPCO,0.5,0.5,
SC,6/30/20,FK,1,3,Taraxacum_officinale,TAOF,,,
SC,6/30/20,FK,1,3,Tragopogon_dubius,TRDU,,,
SC,6/30/20,FK,1,3,Estimated_total,,70,32,
SC,6/30/20,FK,1,3,Added_total,,75,35,
SC,6/30/20,FK,1,3,Litter,,28,66,
SC,6/30/20,FK,1,3,Bareground,,0.5,0.5,
SC,6/30/20,FK,1,3,Rock,,,,
SC,6/30/20,FK,1,3,Moss,,0.5,0.5,
SC,6/30/20,FK,1,3,Lichen,,0.5,0.5,
SC,6/30/20,FK,1,3,Dung,,0.5,0.5,
SC,6/30/20,FK,1,3,Artemisia_cana,ARCA,,,
SC,6/30/20,FK,2,24,Bouteloua_gracilis,BOGR,,,
SC,6/30/20,FK,2,24,Bouteloua_dactyloides,BODA,,,
SC,6/30/20,FK,2,24,Bromus_arvensis,BRAR,60,45,
SC,6/30/20,FK,2,24,Bromus_tectorum,BRTE,0.5,0.5,
SC,6/30/20,FK,2,24,Hesperostipa_comata,HECO,15,8,
SC,6/30/20,FK,2,24,Koeleria_macrantha,KOMA,,,
SC,6/30/20,FK,2,24,Pascopyrum_smithii,PASM,0.5,0.5,
SC,6/30/20,FK,2,24,Poa_secunda,POSE,,,
SC,6/30/20,FK,2,24,Vulpia_octoflora,VUOC,,,
SC,6/30/20,FK,2,24,Carex_filifolia,CAFI,20,12,
SC,6/30/20,FK,2,24,Carex_duriuscula,CADU,,,
SC,6/30/20,FK,2,24,Androsace_occidentalis,ANOC,,,
SC,6/30/20,FK,2,24,Lepidium_densiflorum,LEDE,,,
SC,6/30/20,FK,2,24,Artemisia_dracunculus,ARDR,,,
SC,6/30/20,FK,2,24,Artemisia_frigida,ARFR,,,
SC,6/30/20,FK,2,24,Linum_rigidum,LIRI,,,
SC,6/30/20,FK,2,24,Logfia_arvensis,LOAR,1,1,
SC,6/30/20,FK,2,24,Opuntia_polycantha,OPPO,1,1,
SC,6/30/20,FK,2,24,Plantago_patagonica,PLPA,,,
SC,6/30/20,FK,2,24,Sphaeralcea_coccinea,SPCO,1,0.5,
SC,6/30/20,FK,2,24,Taraxacum_officinale,TAOF,,,
SC,6/30/20,FK,2,24,Tragopogon_dubius,TRDU,,,
SC,6/30/20,FK,2,24,Estimated_total,,95,60,
SC,6/30/20,FK,2,24,Added_total,,99,68.5,
SC,6/30/20,FK,2,24,Litter,,4,37,
SC,6/30/20,FK,2,24,Bareground,,,,
SC,6/30/20,FK,2,24,Rock,,,,
SC,6/30/20,FK,2,24,Moss,,,,
SC,6/30/20,FK,2,24,Lichen,,,,
SC,6/30/20,FK,2,24,Dung,,1,3,
SC,6/30/20,FK,2,24,Conyza_canadensis,COCA,,,
SC,6/30/20,FK,2,24,Lactuca_serriola,LASE,,,
SC,6/30/20,FK,2,24,Hedeoma_hispida,HEHI,,,
SC,6/30/20,FK,2,22,Bouteloua_gracilis,BOGR,2,1,
SC,6/30/20,FK,2,22,Bouteloua_dactyloides,BODA,,,
SC,6/30/20,FK,2,22,Bromus_arvensis,BRAR,43,25,
SC,6/30/20,FK,2,22,Bromus_tectorum,BRTE,18,8,
SC,6/30/20,FK,2,22,Hesperostipa_comata,HECO,3,1,
SC,6/30/20,FK,2,22,Koeleria_macrantha,KOMA,2,1,
SC,6/30/20,FK,2,22,Pascopyrum_smithii,PASM,0.5,0.5,
SC,6/30/20,FK,2,22,Poa_secunda,POSE,,,
SC,6/30/20,FK,2,22,Vulpia_octoflora,VUOC,,,
SC,6/30/20,FK,2,22,Carex_filifolia,CAFI,12,8,
SC,6/30/20,FK,2,22,Carex_duriuscula,CADU,,,
SC,6/30/20,FK,2,22,Androsace_occidentalis,ANOC,0.5,0.5,
SC,6/30/20,FK,2,22,Lepidium_densiflorum,LEDE,0.5,0.5,
SC,6/30/20,FK,2,22,Artemisia_dracunculus,ARDR,,,
SC,6/30/20,FK,2,22,Artemisia_frigida,ARFR,0.5,0.5,
SC,6/30/20,FK,2,22,Linum_rigidum,LIRI,,,
SC,6/30/20,FK,2,22,Logfia_arvensis,LOAR,,,
SC,6/30/20,FK,2,22,Opuntia_polycantha,OPPO,,,
SC,6/30/20,FK,2,22,Plantago_patagonica,PLPA,,,
SC,6/30/20,FK,2,22,Sphaeralcea_coccinea,SPCO,1,0.5,
SC,6/30/20,FK,2,22,Taraxacum_officinale,TAOF,,,
SC,6/30/20,FK,2,22,Tragopogon_dubius,TRDU,7,2,
SC,6/30/20,FK,2,22,Estimated_total,,85,45,
SC,6/30/20,FK,2,22,Added_total,,90,48.5,
SC,6/30/20,FK,2,22,Litter,,14,52,
SC,6/30/20,FK,2,22,Bareground,,,,
SC,6/30/20,FK,2,22,Rock,,,,
SC,6/30/20,FK,2,22,Moss,,0.5,0.5,
SC,6/30/20,FK,2,22,Lichen,,0.5,2,
SC,6/30/20,FK,2,22,Dung,,0.5,1,
SC,6/30/20,FK,2,22,Conyza_canadensis,COCA,,,
SC,6/30/20,FK,2,22,Lactuca_serriola,LASE,,,
SC,6/30/20,FK,2,22,Hedeoma_hispida,HEHI,,,
SC,6/30/20,FK,2,20,Bouteloua_gracilis,BOGR,,,
SC,6/30/20,FK,2,20,Bouteloua_dactyloides,BODA,9,4,
SC,6/30/20,FK,2,20,Bromus_arvensis,BRAR,18,6,
SC,6/30/20,FK,2,20,Bromus_tectorum,BRTE,20,8,
SC,6/30/20,FK,2,20,Hesperostipa_comata,HECO,2,1,
SC,6/30/20,FK,2,20,Koeleria_macrantha,KOMA,,,
SC,6/30/20,FK,2,20,Pascopyrum_smithii,PASM,2,1,
SC,6/30/20,FK,2,20,Poa_secunda,POSE,,,
SC,6/30/20,FK,2,20,Vulpia_octoflora,VUOC,,,
SC,6/30/20,FK,2,20,Carex_filifolia,CAFI,10,5,
SC,6/30/20,FK,2,20,Carex_duriuscula,CADU,,,
SC,6/30/20,FK,2,20,Androsace_occidentalis,ANOC,,,
SC,6/30/20,FK,2,20,Lepidium_densiflorum,LEDE,,,
SC,6/30/20,FK,2,20,Artemisia_dracunculus,ARDR,,,
SC,6/30/20,FK,2,20,Artemisia_frigida,ARFR,1,0.5,
SC,6/30/20,FK,2,20,Linum_rigidum,LIRI,,,
SC,6/30/20,FK,2,20,Logfia_arvensis,LOAR,4,2,
SC,6/30/20,FK,2,20,Opuntia_polycantha,OPPO,,,
SC,6/30/20,FK,2,20,Plantago_patagonica,PLPA,,,
SC,6/30/20,FK,2,20,Sphaeralcea_coccinea,SPCO,,,
SC,6/30/20,FK,2,20,Taraxacum_officinale,TAOF,,,
SC,6/30/20,FK,2,20,Tragopogon_dubius,TRDU,2,1,
SC,6/30/20,FK,2,20,Estimated_total,,75,32,
SC,6/30/20,FK,2,20,Added_total,,68.5,29,
SC,6/30/20,FK,2,20,Litter,,24,67,
SC,6/30/20,FK,2,20,Bareground,,0.5,1,
SC,6/30/20,FK,2,20,Rock,,0,0,
SC,6/30/20,FK,2,20,Moss,,0,0,
SC,6/30/20,FK,2,20,Lichen,,0,0,
SC,6/30/20,FK,2,20,Dung,,0,0,
SC,6/30/20,FK,2,20,Conyza_canadensis,COCA,,,
SC,6/30/20,FK,2,20,Lactuca_serriola,LASE,0.5,0.5,
SC,6/30/20,FK,2,20,Hedeoma_hispida,HEHI,,,
SC,6/30/20,FK,2,19,Bouteloua_gracilis,BOGR,,,
SC,6/30/20,FK,2,19,Bouteloua_dactyloides,BODA,,,
SC,6/30/20,FK,2,19,Bromus_arvensis,BRAR,48,20,
SC,6/30/20,FK,2,19,Bromus_tectorum,BRTE,0.5,0.5,
SC,6/30/20,FK,2,19,Hesperostipa_comata,HECO,0.5,0.5,
SC,6/30/20,FK,2,19,Koeleria_macrantha,KOMA,,,
SC,6/30/20,FK,2,19,Pascopyrum_smithii,PASM,7,2,
SC,6/30/20,FK,2,19,Poa_secunda,POSE,0.5,0.5,
SC,6/30/20,FK,2,19,Vulpia_octoflora,VUOC,,,
SC,6/30/20,FK,2,19,Carex_filifolia,CAFI,11,5,
SC,6/30/20,FK,2,19,Carex_duriuscula,CADU,5,2,
SC,6/30/20,FK,2,19,Androsace_occidentalis,ANOC,,,
SC,6/30/20,FK,2,19,Lepidium_densiflorum,LEDE,,,
SC,6/30/20,FK,2,19,Artemisia_dracunculus,ARDR,,,
SC,6/30/20,FK,2,19,Artemisia_frigida,ARFR,1,0.5,
SC,6/30/20,FK,2,19,Linum_rigidum,LIRI,,,
SC,6/30/20,FK,2,19,Logfia_arvensis,LOAR,0.5,0.5,
SC,6/30/20,FK,2,19,Opuntia_polycantha,OPPO,,,
SC,6/30/20,FK,2,19,Plantago_patagonica,PLPA,0.5,0.5,
SC,6/30/20,FK,2,19,Sphaeralcea_coccinea,SPCO,2,1,
SC,6/30/20,FK,2,19,Taraxacum_officinale,TAOF,,,
SC,6/30/20,FK,2,19,Tragopogon_dubius,TRDU,2,0.5,
SC,6/30/20,FK,2,19,Estimated_total,,73,30,
SC,6/30/20,FK,2,19,Added_total,,80.5,34.5,
SC,6/30/20,FK,2,19,Litter,,25,68,
SC,6/30/20,FK,2,19,Bareground,,0.5,0.5,
SC,6/30/20,FK,2,19,Rock,,,,
SC,6/30/20,FK,2,19,Moss,,0.5,0.5,
SC,6/30/20,FK,2,19,Lichen,,0.5,0.5,
SC,6/30/20,FK,2,19,Dung,,,,
SC,6/30/20,FK,2,19,Conyza_canadensis,COCA,0.5,0.5,
SC,6/30/20,FK,2,19,Lactuca_serriola,LASE,,,
SC,6/30/20,FK,2,19,Hedeoma_hispida,HEHI,0.5,0.5,
SC/AD,6/29/20,FK,3,43,Bouteloua_gracilis,BOGR,1,0.5,
SC/AD,6/29/20,FK,3,43,Bouteloua_dactyloides,BODA,,,
SC/AD,6/29/20,FK,3,43,Bromus_arvensis,BRAR,35,12,
SC/AD,6/29/20,FK,3,43,Bromus_tectorum,BRTE,10,4,
SC/AD,6/29/20,FK,3,43,Hesperostipa_comata,HECO,4,3,
SC/AD,6/29/20,FK,3,43,Koeleria_macrantha,KOMA,,,
SC/AD,6/29/20,FK,3,43,Pascopyrum_smithii,PASM,3,1,
SC/AD,6/29/20,FK,3,43,Poa_secunda,POSE,1,0.5,
SC/AD,6/29/20,FK,3,43,Vulpia_octoflora,VUOC,,,
SC/AD,6/29/20,FK,3,43,Carex_filifolia,CAFI,12,6,
SC/AD,6/29/20,FK,3,43,Carex_duriuscula,CADU,,,
SC/AD,6/29/20,FK,3,43,Artemisia_dracunculus,ARDR,,,
SC/AD,6/29/20,FK,3,43,Artemisia_frigida,ARFR,,,
SC/AD,6/29/20,FK,3,43,Linum_rigidum,LIRI,,,
SC/AD,6/29/20,FK,3,43,Logfia_arvensis,LOAR,4,2,
SC/AD,6/29/20,FK,3,43,Opuntia_polycantha,OPPO,,,
SC/AD,6/29/20,FK,3,43,Plantago_patagonica,PLPA,0.5,0.5,
SC/AD,6/29/20,FK,3,43,Sphaeralcea_coccinea,SPCO,5,2,
SC/AD,6/29/20,FK,3,43,Taraxacum_officinale,TAOF,,,
SC/AD,6/29/20,FK,3,43,Tragopogon_dubius,TRDU,6,3,
SC/AD,6/29/20,FK,3,43,Lactuca_serriola,LASE,0.5,0.5,
SC/AD,6/29/20,FK,3,43,Hedeoma_hispida,HEHI,0.5,0.5,
SC/AD,6/29/20,FK,3,43,Androsace_occidentalis,ANOC,1,0.5,
SC/AD,6/29/20,FK,3,43,basal_rosette_2020_KW_pic_unknown,,0.5,0.5,
SC/AD,6/29/20,FK,3,43,Estimated_total,,75,30,
SC/AD,6/29/20,FK,3,43,Added_total,,84,36.5,
SC/AD,6/29/20,FK,3,43,Litter,,24,69,
SC/AD,6/29/20,FK,3,43,Moss,,0.5,0.5,
SC/AD,6/29/20,FK,3,43,Lichen,,0.5,0.5,
SC/AD,6/29/20,FK,3,43,Rock,,,,
SC/AD,6/29/20,FK,3,43,Dung,,,,
SC/AD,6/29/20,FK,3,43,Bareground,,0.5,0.5,
SC/AD,6/29/20,FK,3,43,Lygodesmia_juncea,LYJU,,,
SC/AD,6/29/20,FK,3,43,Coryphanthus_vivipara,COVI,,,
SC/AD,6/29/20,FK,3,43,Pediomelum_esculentum,PEES,,,
SC/AD,6/29/20,FK,3,43,Oenothera_suffrutescens,OESU,,,
SC/AD,6/29/20,FK,3,43,Conyza_canadensis,COCA,,,
SC,6/29/20,FK,2,36,Bouteloua_gracilis,BOGR,5,3,
SC,6/29/20,FK,2,36,Bouteloua_dactyloides,BODA,,,
SC,6/29/20,FK,2,36,Bromus_arvensis,BRAR,25,10,
SC,6/29/20,FK,2,36,Bromus_tectorum,BRTE,,,
SC,6/29/20,FK,2,36,Hesperostipa_comata,HECO,4,2,
SC,6/29/20,FK,2,36,Koeleria_macrantha,KOMA,,,
SC,6/29/20,FK,2,36,Pascopyrum_smithii,PASM,1,0.5,
SC,6/29/20,FK,2,36,Poa_secunda,POSE,,,
SC,6/29/20,FK,2,36,Vulpia_octoflora,VUOC,10,5,
SC,6/29/20,FK,2,36,Carex_filifolia,CAFI,10,6,
SC,6/29/20,FK,2,36,Carex_duriuscula,CADU,3,1,
SC,6/29/20,FK,2,36,Artemisia_dracunculus,ARDR,,,
SC,6/29/20,FK,2,36,Artemisia_frigida,ARFR,2,1,
SC,6/29/20,FK,2,36,Linum_rigidum,LIRI,,,
SC,6/29/20,FK,2,36,Logfia_arvensis,LOAR,10,4,
SC,6/29/20,FK,2,36,Opuntia_polycantha,OPPO,,,
SC,6/29/20,FK,2,36,Plantago_patagonica,PLPA,,,
SC,6/29/20,FK,2,36,Sphaeralcea_coccinea,SPCO,2,1,
SC,6/29/20,FK,2,36,Taraxacum_officinale,TAOF,,,
SC,6/29/20,FK,2,36,Tragopogon_dubius,TRDU,8,3,
SC,6/29/20,FK,2,36,Lactuca_serriola,LASE,,,
SC,6/29/20,FK,2,36,Hedeoma_hispida,HEHI,1,0.5,
SC,6/29/20,FK,2,36,Androsace_occidentalis,ANOC,,,
SC,6/29/20,FK,2,36,basal_rosette_2020_KW_pic_unknown,,,,
SC,6/29/20,FK,2,36,Estimated_total,,80,33,
SC,6/29/20,FK,2,36,Added_total,,86,39,
SC,6/29/20,FK,2,36,Litter,,14,59,
SC,6/29/20,FK,2,36,Moss,,0.5,0.5,
SC,6/29/20,FK,2,36,Lichen,,1,3,
SC,6/29/20,FK,2,36,Rock,,,,
SC,6/29/20,FK,2,36,Dung,,1,1,
SC,6/29/20,FK,2,36,Bareground,,4,4,
SC,6/29/20,FK,2,36,Lygodesmia_juncea,LYJU,2,0.5,
SC,6/29/20,FK,2,36,Coryphanthus_vivipara,COVI,0.5,0.5,
SC,6/29/20,FK,2,36,Pediomelum_esculentum,PEES,2,0.5,
SC,6/29/20,FK,2,36,Oenothera_suffrutescens,OESU,0.5,0.5,
SC,6/29/20,FK,2,36,Conyza_canadensis,COCA,,,
SC,6/29/20,FK,2,34,Bouteloua_gracilis,BOGR,6,3,
SC,6/29/20,FK,2,34,Bouteloua_dactyloides,BODA,,,
SC,6/29/20,FK,2,34,Bromus_arvensis,BRAR,30,12,
SC,6/29/20,FK,2,34,Bromus_tectorum,BRTE,,,
SC,6/29/20,FK,2,34,Hesperostipa_comata,HECO,5,3,
SC,6/29/20,FK,2,34,Koeleria_macrantha,KOMA,,,
SC,6/29/20,FK,2,34,Pascopyrum_smithii,PASM,5,2,
SC,6/29/20,FK,2,34,Poa_secunda,POSE,,,
SC,6/29/20,FK,2,34,Vulpia_octoflora,VUOC,2,0.5,
SC,6/29/20,FK,2,34,Carex_filifolia,CAFI,5,2,
SC,6/29/20,FK,2,34,Carex_duriuscula,CADU,7,3,
SC,6/29/20,FK,2,34,Artemisia_dracunculus,ARDR,,,
SC,6/29/20,FK,2,34,Artemisia_frigida,ARFR,0.5,0.5,
SC,6/29/20,FK,2,34,Linum_rigidum,LIRI,,,
SC,6/29/20,FK,2,34,Logfia_arvensis,LOAR,7,2,
SC,6/29/20,FK,2,34,Opuntia_polycantha,OPPO,,,
SC,6/29/20,FK,2,34,Plantago_patagonica,PLPA,0.5,0.5,
SC,6/29/20,FK,2,34,Sphaeralcea_coccinea,SPCO,,,
SC,6/29/20,FK,2,34,Taraxacum_officinale,TAOF,,,
SC,6/29/20,FK,2,34,Tragopogon_dubius,TRDU,7,2,
SC,6/29/20,FK,2,34,Lactuca_serriola,LASE,,,
SC,6/29/20,FK,2,34,Hedeoma_hispida,HEHI,0.5,0.5,
SC,6/29/20,FK,2,34,Androsace_occidentalis,ANOC,,,
SC,6/29/20,FK,2,34,basal_rosette_2020_KW_pic_unknown,,,,
SC,6/29/20,FK,2,34,Estimated_total,,70,30,
SC,6/29/20,FK,2,34,Added_total,,75.5,31.5,
SC,6/29/20,FK,2,34,Litter,,23,60,
SC,6/29/20,FK,2,34,Moss,,0.5,1,
SC,6/29/20,FK,2,34,Lichen,,3,5,
SC,6/29/20,FK,2,34,Rock,,,,
SC,6/29/20,FK,2,34,Dung,,0.5,0.5,
SC,6/29/20,FK,2,34,Bareground,,3,4,
SC,6/29/20,FK,2,34,Lygodesmia_juncea,LYJU,,,
SC,6/29/20,FK,2,34,Coryphanthus_vivipara,COVI,,,
SC,6/29/20,FK,2,34,Pediomelum_esculentum,PEES,,,
SC,6/29/20,FK,2,34,Oenothera_suffrutescens,OESU,,,
SC,6/29/20,FK,2,34,Conyza_canadensis,COCA,0.5,0.5,
SC,6/29/20,FK,2,32,Bouteloua_gracilis,BOGR,5,3,
SC,6/29/20,FK,2,32,Bouteloua_dactyloides,BODA,,,
SC,6/29/20,FK,2,32,Bromus_arvensis,BRAR,32,13,
SC,6/29/20,FK,2,32,Bromus_tectorum,BRTE,,,
SC,6/29/20,FK,2,32,Hesperostipa_comata,HECO,5,3,
SC,6/29/20,FK,2,32,Koeleria_macrantha,KOMA,4,3,
SC,6/29/20,FK,2,32,Pascopyrum_smithii,PASM,5,4,
SC,6/29/20,FK,2,32,Poa_secunda,POSE,,,
SC,6/29/20,FK,2,32,Vulpia_octoflora,VUOC,3,1,
SC,6/29/20,FK,2,32,Carex_filifolia,CAFI,14,7,
SC,6/29/20,FK,2,32,Carex_duriuscula,CADU,,,
SC,6/29/20,FK,2,32,Artemisia_dracunculus,ARDR,,,
SC,6/29/20,FK,2,32,Artemisia_frigida,ARFR,0.5,0.5,
SC,6/29/20,FK,2,32,Linum_rigidum,LIRI,,,
SC,6/29/20,FK,2,32,Logfia_arvensis,LOAR,9,3,
SC,6/29/20,FK,2,32,Opuntia_polycantha,OPPO,,,
SC,6/29/20,FK,2,32,Plantago_patagonica,PLPA,0.5,0.5,
SC,6/29/20,FK,2,32,Sphaeralcea_coccinea,SPCO,7,2,
SC,6/29/20,FK,2,32,Taraxacum_officinale,TAOF,,,
SC,6/29/20,FK,2,32,Tragopogon_dubius,TRDU,4,1,
SC,6/29/20,FK,2,32,Lactuca_serriola,LASE,,,
SC,6/29/20,FK,2,32,Hedeoma_hispida,HEHI,,,
SC,6/29/20,FK,2,32,Androsace_occidentalis,ANOC,,,
SC,6/29/20,FK,2,32,basal_rosette_2020_KW_pic_unknown,,,,
SC,6/29/20,FK,2,32,Estimated_total,,77,35,
SC,6/29/20,FK,2,32,Added_total,,86,41,
SC,6/29/20,FK,2,32,Litter,,19,59,
SC,6/29/20,FK,2,32,Moss,,0.5,0.5,
SC,6/29/20,FK,2,32,Lichen,,1,2,
SC,6/29/20,FK,2,32,Rock,,,,
SC,6/29/20,FK,2,32,Dung,,3,4,
SC,6/29/20,FK,2,32,Bareground,,,,
SC,6/29/20,FK,2,32,Lygodesmia_juncea,LYJU,,,
SC,6/29/20,FK,2,32,Coryphanthus_vivipara,COVI,,,
SC,6/29/20,FK,2,32,Pediomelum_esculentum,PEES,,,
SC,6/29/20,FK,2,32,Oenothera_suffrutescens,OESU,,,
SC,6/29/20,FK,2,32,Conyza_canadensis,COCA,,,
SC,7/1/20,FK,1,5,Bouteloua_gracilis,BOGR,0.5,0.5,
SC,7/1/20,FK,1,5,Bouteloua_dactyloides,BODA,0.5,0.5,
SC,7/1/20,FK,1,5,Bromus_arvensis,BRAR,30,12,
SC,7/1/20,FK,1,5,Bromus_tectorum,BRTE,1,0.5,
SC,7/1/20,FK,1,5,Hesperostipa_comata,HECO,4,2,
SC,7/1/20,FK,1,5,Koeleria_macrantha,KOMA,,,
SC,7/1/20,FK,1,5,Pascopyrum_smithii,PASM,0.5,0.5,
SC,7/1/20,FK,1,5,Poa_secunda,POSE,1,0.5,
SC,7/1/20,FK,1,5,Vulpia_octoflora,VUOC,,,
SC,7/1/20,FK,1,5,Lepidium_densiflorum,LEDE,0.5,0.5,
SC,7/1/20,FK,1,5,Androsace_occidentalis,ANOC,,,
SC,7/1/20,FK,1,5,Hedeoma_hispida,HEHI,,,
SC,7/1/20,FK,1,5,Lithospermum_KW_pic_unknown,,,,
SC,7/1/20,FK,1,5,Conyza_canadensis,COCA,,,
SC,7/1/20,FK,1,5,Carex_filifolia,CAFI,12,6,
SC,7/1/20,FK,1,5,Antennaria_spp_unknown,,,,
SC,7/1/20,FK,1,5,Aristida_purpurea,ARPU,,,
SC,7/1/20,FK,1,5,long_pods_no_leaves_KW_pic_unknown,,,,
SC,7/1/20,FK,1,5,Artemisia_dracunculus,ARDR,,,
SC,7/1/20,FK,1,5,Artemisia_frigida,ARFR,14,7,
SC,7/1/20,FK,1,5,Linum_rigidum,LIRI,,,
SC,7/1/20,FK,1,5,Logfia_arvensis,LOAR,1,0.5,
SC,7/1/20,FK,1,5,Opuntia_polycantha,OPPO,1,0.5,
SC,7/1/20,FK,1,5,Plantago_patagonica,PLPA,,,
SC,7/1/20,FK,1,5,Sphaeralcea_coccinea,SPCO,5,2,
SC,7/1/20,FK,1,5,Taraxacum_officinale,TAOF,,,
SC,7/1/20,FK,1,5,Tragopogon_dubius,TRDU,3,0.5,
SC,7/1/20,FK,1,5,Estimated_total,,68,33,
SC,7/1/20,FK,1,5,Added_total,,74,33.5,
SC,7/1/20,FK,1,5,Litter,,30,65,
SC,7/1/20,FK,1,5,Moss,,,,
SC,7/1/20,FK,1,5,Lichen,,0.5,0.5,
SC,7/1/20,FK,1,5,Dung,,1,1,
SC,7/1/20,FK,1,5,Rock,,,,
SC,7/1/20,FK,1,5,Bareground,,0.5,0.5,
SC,7/1/20,FK,1,5,Artemisia_look_alike_no_smell_KW_pic_unknown,,,,
SC,7/1/20,FK,1,13,Bouteloua_gracilis,BOGR,1,0.5,
SC,7/1/20,FK,1,13,Bouteloua_dactyloides,BODA,,,
SC,7/1/20,FK,1,13,Bromus_arvensis,BRAR,17,5,
SC,7/1/20,FK,1,13,Bromus_tectorum,BRTE,,,
SC,7/1/20,FK,1,13,Hesperostipa_comata,HECO,1,0.5,
SC,7/1/20,FK,1,13,Koeleria_macrantha,KOMA,1,0.5,
SC,7/1/20,FK,1,13,Pascopyrum_smithii,PASM,,,
SC,7/1/20,FK,1,13,Poa_secunda,POSE,1,0.5,
SC,7/1/20,FK,1,13,Vulpia_octoflora,VUOC,0.5,0.5,
SC,7/1/20,FK,1,13,Lepidium_densiflorum,LEDE,0.5,0.5,
SC,7/1/20,FK,1,13,Androsace_occidentalis,ANOC,0.5,0.5,
SC,7/1/20,FK,1,13,Hedeoma_hispida,HEHI,,,
SC,7/1/20,FK,1,13,Lithospermum_KW_pic_unknown,,,,
SC,7/1/20,FK,1,13,Conyza_canadensis,COCA,,,
SC,7/1/20,FK,1,13,Carex_filifolia,CAFI,8,4,
SC,7/1/20,FK,1,13,Antennaria_spp_unknown,,,,
SC,7/1/20,FK,1,13,Aristida_purpurea,ARPU,,,
SC,7/1/20,FK,1,13,long_pods_no_leaves_KW_pic_unknown,,,,
SC,7/1/20,FK,1,13,Artemisia_dracunculus,ARDR,,,
SC,7/1/20,FK,1,13,Artemisia_frigida,ARFR,4,2,
SC,7/1/20,FK,1,13,Linum_rigidum,LIRI,,,
SC,7/1/20,FK,1,13,Logfia_arvensis,LOAR,0.5,0.5,
SC,7/1/20,FK,1,13,Opuntia_polycantha,OPPO,,,
SC,7/1/20,FK,1,13,Plantago_patagonica,PLPA,,,
SC,7/1/20,FK,1,13,Sphaeralcea_coccinea,SPCO,2,0.5,
SC,7/1/20,FK,1,13,Taraxacum_officinale,TAOF,,,
SC,7/1/20,FK,1,13,Tragopogon_dubius,TRDU,2,0.5,
SC,7/1/20,FK,1,13,Estimated_total,,36,16,
SC,7/1/20,FK,1,13,Added_total,,39,16,
SC,7/1/20,FK,1,13,Litter,,43,82,
SC,7/1/20,FK,1,13,Moss,,,,
SC,7/1/20,FK,1,13,Lichen,,0.5,0.5,
SC,7/1/20,FK,1,13,Dung,,0.5,0.5,
SC,7/1/20,FK,1,13,Rock,,,,
SC,7/1/20,FK,1,13,Bareground,,1,1,
SC,7/1/20,FK,1,13,Artemisia_look_alike_no_smell_KW_pic_unknown,,,,
SC,7/1/20,FK,1,15,Bouteloua_gracilis,BOGR,1,0.5,
SC,7/1/20,FK,1,15,Bouteloua_dactyloides,BODA,,,
SC,7/1/20,FK,1,15,Bromus_arvensis,BRAR,13,5,
SC,7/1/20,FK,1,15,Bromus_tectorum,BRTE,0.5,0.5,
SC,7/1/20,FK,1,15,Hesperostipa_comata,HECO,3,2,
SC,7/1/20,FK,1,15,Koeleria_macrantha,KOMA,2,1,
SC,7/1/20,FK,1,15,Pascopyrum_smithii,PASM,,,
SC,7/1/20,FK,1,15,Poa_secunda,POSE,1,0.5,
SC,7/1/20,FK,1,15,Vulpia_octoflora,VUOC,,,
SC,7/1/20,FK,1,15,Lepidium_densiflorum,LEDE,,,
SC,7/1/20,FK,1,15,Androsace_occidentalis,ANOC,,,
SC,7/1/20,FK,1,15,Hedeoma_hispida,HEHI,0.5,0.5,
SC,7/1/20,FK,1,15,Lithospermum_KW_pic_unknown,,,,
SC,7/1/20,FK,1,15,Conyza_canadensis,COCA,,,
SC,7/1/20,FK,1,15,Carex_filifolia,CAFI,4,2,
SC,7/1/20,FK,1,15,Antennaria_spp_unknown,,,,
SC,7/1/20,FK,1,15,Aristida_purpurea,ARPU,,,
SC,7/1/20,FK,1,15,long_pods_no_leaves_KW_pic_unknown,,,,
SC,7/1/20,FK,1,15,Artemisia_dracunculus,ARDR,0.5,0.5,
SC,7/1/20,FK,1,15,Artemisia_frigida,ARFR,0.5,0.5,
SC,7/1/20,FK,1,15,Linum_rigidum,LIRI,,,
SC,7/1/20,FK,1,15,Logfia_arvensis,LOAR,0.5,0.5,
SC,7/1/20,FK,1,15,Opuntia_polycantha,OPPO,,,
SC,7/1/20,FK,1,15,Plantago_patagonica,PLPA,0.5,0.5,
SC,7/1/20,FK,1,15,Sphaeralcea_coccinea,SPCO,3,0.5,
SC,7/1/20,FK,1,15,Taraxacum_officinale,TAOF,,,
SC,7/1/20,FK,1,15,Tragopogon_dubius,TRDU,2,0.5,
SC,7/1/20,FK,1,15,Estimated_total,,30,15,
SC,7/1/20,FK,1,15,Added_total,,32,15,
SC,7/1/20,FK,1,15,Litter,,68,82,
SC,7/1/20,FK,1,15,Moss,,0.5,0.5,
SC,7/1/20,FK,1,15,Lichen,,0.5,0.5,
SC,7/1/20,FK,1,15,Dung,,0.5,1,
SC,7/1/20,FK,1,15,Rock,,,,
SC,7/1/20,FK,1,15,Bareground,,1,1,
SC,7/1/20,FK,1,15,Artemisia_look_alike_no_smell_KW_pic_unknown,,,,
SC,7/1/20,FK,1,17,Bouteloua_gracilis,BOGR,7,3,
SC,7/1/20,FK,1,17,Bouteloua_dactyloides,BODA,,,
SC,7/1/20,FK,1,17,Bromus_arvensis,BRAR,5,2,
SC,7/1/20,FK,1,17,Bromus_tectorum,BRTE,50,20,
SC,7/1/20,FK,1,17,Hesperostipa_comata,HECO,1,0.5,
SC,7/1/20,FK,1,17,Koeleria_macrantha,KOMA,,,
SC,7/1/20,FK,1,17,Pascopyrum_smithii,PASM,1,0.5,
SC,7/1/20,FK,1,17,Poa_secunda,POSE,,,
SC,7/1/20,FK,1,17,Vulpia_octoflora,VUOC,1,0.5,
SC,7/1/20,FK,1,17,Lepidium_densiflorum,LEDE,,,
SC,7/1/20,FK,1,17,Androsace_occidentalis,ANOC,,,
SC,7/1/20,FK,1,17,Hedeoma_hispida,HEHI,0.5,0.5,
SC,7/1/20,FK,1,17,Lithospermum_KW_pic_unknown,,0.5,0.5,
SC,7/1/20,FK,1,17,Conyza_canadensis,COCA,0.5,0.5,
SC,7/1/20,FK,1,17,Carex_filifolia,CAFI,0.5,0.5,
SC,7/1/20,FK,1,17,Antennaria_spp_unknown,,0.5,0.5,
SC,7/1/20,FK,1,17,Aristida_purpurea,ARPU,0.5,0.5,
SC,7/1/20,FK,1,17,long_pods_no_leaves_KW_pic_unknown,,0.5,0.5,
SC,7/1/20,FK,1,17,Artemisia_dracunculus,ARDR,0.5,0.5,
SC,7/1/20,FK,1,17,Artemisia_frigida,ARFR,,,
SC,7/1/20,FK,1,17,Linum_rigidum,LIRI,,,
SC,7/1/20,FK,1,17,Logfia_arvensis,LOAR,0.5,0.5,
SC,7/1/20,FK,1,17,Opuntia_polycantha,OPPO,,,
SC,7/1/20,FK,1,17,Plantago_patagonica,PLPA,0.5,0.5,
SC,7/1/20,FK,1,17,Sphaeralcea_coccinea,SPCO,3,1,
SC,7/1/20,FK,1,17,Taraxacum_officinale,TAOF,,,
SC,7/1/20,FK,1,17,Tragopogon_dubius,TRDU,6,1,
SC,7/1/20,FK,1,17,Estimated_total,,76,33,
SC,7/1/20,FK,1,17,Added_total,,80,34.5,
SC,7/1/20,FK,1,17,Litter,,23,66,
SC,7/1/20,FK,1,17,Moss,,0.5,0.5,
SC,7/1/20,FK,1,17,Lichen,,,,
SC,7/1/20,FK,1,17,Dung,,,,
SC,7/1/20,FK,1,17,Rock,,,,
SC,7/1/20,FK,1,17,Bareground,,1,1,
SC,7/1/20,FK,1,17,Artemisia_look_alike_no_smell_KW_pic_unknown,,0.5,0.5,
KW,7/1/20,FK,1,10,Bouteloua_gracilis,BOGR,1,0.5,
KW,7/1/20,FK,1,10,Bouteloua_dactyloides,BODA,,,
KW,7/1/20,FK,1,10,Bromus_arvensis,BRAR,9,4,
KW,7/1/20,FK,1,10,Bromus_tectorum,BRTE,17,8,
KW,7/1/20,FK,1,10,Hesperostipa_comata,HECO,2,1,
KW,7/1/20,FK,1,10,Koeleria_macrantha,KOMA,1,0.5,
KW,7/1/20,FK,1,10,Pascopyrum_smithii,PASM,1,0.5,
KW,7/1/20,FK,1,10,Poa_secunda,POSE,,,
KW,7/1/20,FK,1,10,Vulpia_octoflora,VUOC,0.5,0.5,
KW,7/1/20,FK,1,10,Lygodesmia_juncea,LYJU,,,
KW,7/1/20,FK,1,10,Aristida_purpurea,ARPU,,,
KW,7/1/20,FK,1,10,Antennaria_spp_unknown,,,,
KW,7/1/20,FK,1,10,Hedeoma_hispida,HEHI,,,
KW,7/1/20,FK,1,10,Lithospermum_KW_pic_unknown,,,,
KW,7/1/20,FK,1,10,Carex_filifolia,CAFI,7,6,
KW,7/1/20,FK,1,10,Artemisia_dracunculus,ARDR,,,
KW,7/1/20,FK,1,10,Artemisia_frigida,ARFR,9,7,
KW,7/1/20,FK,1,10,Linum_rigidum,LIRI,,,
KW,7/1/20,FK,1,10,Logfia_arvensis,LOAR,,,
KW,7/1/20,FK,1,10,Opuntia_polycantha,OPPO,,,
KW,7/1/20,FK,1,10,Plantago_patagonica,PLPA,0.5,0.5,
KW,7/1/20,FK,1,10,Sphaeralcea_coccinea,SPCO,2,0.5,
KW,7/1/20,FK,1,10,Taraxacum_officinale,TAOF,,,
KW,7/1/20,FK,1,10,Tragopogon_dubius,TRDU,2,1,
KW,7/1/20,FK,1,10,Estimated_total,,50,30,
KW,7/1/20,FK,1,10,Added_total,,52,30,
KW,7/1/20,FK,1,10,Lichen,,0.5,0.5,
KW,7/1/20,FK,1,10,Moss,,,,
KW,7/1/20,FK,1,10,Bareground,,0.5,1,
KW,7/1/20,FK,1,10,Litter,,49,69,
KW,7/1/20,FK,1,10,Dung,,,,
KW,7/1/20,FK,1,10,Rock,,,,
KW,7/1/20,FK,1,12,Bouteloua_gracilis,BOGR,3,2,
KW,7/1/20,FK,1,12,Bouteloua_dactyloides,BODA,,,
KW,7/1/20,FK,1,12,Bromus_arvensis,BRAR,2,0.5,
KW,7/1/20,FK,1,12,Bromus_tectorum,BRTE,35,17,
KW,7/1/20,FK,1,12,Hesperostipa_comata,HECO,4,2,
KW,7/1/20,FK,1,12,Koeleria_macrantha,KOMA,,,
KW,7/1/20,FK,1,12,Pascopyrum_smithii,PASM,1,0.5,
KW,7/1/20,FK,1,12,Poa_secunda,POSE,,,
KW,7/1/20,FK,1,12,Vulpia_octoflora,VUOC,0.5,0.5,
KW,7/1/20,FK,1,12,Lygodesmia_juncea,LYJU,6,2,
KW,7/1/20,FK,1,12,Aristida_purpurea,ARPU,3,2,
KW,7/1/20,FK,1,12,Antennaria_spp_unknown,,0.5,0.5,
KW,7/1/20,FK,1,12,Hedeoma_hispida,HEHI,0.5,0.5,
KW,7/1/20,FK,1,12,Lithospermum_KW_pic_unknown,,0.5,0.5,
KW,7/1/20,FK,1,12,Carex_filifolia,CAFI,,,
KW,7/1/20,FK,1,12,Artemisia_dracunculus,ARDR,,,
KW,7/1/20,FK,1,12,Artemisia_frigida,ARFR,3,2,
KW,7/1/20,FK,1,12,Linum_rigidum,LIRI,,,
KW,7/1/20,FK,1,12,Logfia_arvensis,LOAR,,,
KW,7/1/20,FK,1,12,Opuntia_polycantha,OPPO,,,
KW,7/1/20,FK,1,12,Plantago_patagonica,PLPA,0.5,0.5,
KW,7/1/20,FK,1,12,Sphaeralcea_coccinea,SPCO,1,0.5,
KW,7/1/20,FK,1,12,Taraxacum_officinale,TAOF,0.5,0.5,
KW,7/1/20,FK,1,12,Tragopogon_dubius,TRDU,5,2,
KW,7/1/20,FK,1,12,Estimated_total,,62,35,
KW,7/1/20,FK,1,12,Added_total,,66,33.5,
KW,7/1/20,FK,1,12,Lichen,,,,
KW,7/1/20,FK,1,12,Moss,,,,
KW,7/1/20,FK,1,12,Bareground,,0.5,1,
KW,7/1/20,FK,1,12,Litter,,35,61,
KW,7/1/20,FK,1,12,Dung,,2,3,
KW,7/1/20,FK,1,12,Rock,,,,
KW,7/1/20,FK,1,11,Bouteloua_gracilis,BOGR,1,0.5,
KW,7/1/20,FK,1,11,Bouteloua_dactyloides,BODA,,,
KW,7/1/20,FK,1,11,Bromus_arvensis,BRAR,12,6,
KW,7/1/20,FK,1,11,Bromus_tectorum,BRTE,17,8,
KW,7/1/20,FK,1,11,Hesperostipa_comata,HECO,2,1,
KW,7/1/20,FK,1,11,Koeleria_macrantha,KOMA,2,1,
KW,7/1/20,FK,1,11,Pascopyrum_smithii,PASM,,,
KW,7/1/20,FK,1,11,Poa_secunda,POSE,,,
KW,7/1/20,FK,1,11,Vulpia_octoflora,VUOC,0.5,0.5,
KW,7/1/20,FK,1,11,Lygodesmia_juncea,LYJU,1,0.5,
KW,7/1/20,FK,1,11,Aristida_purpurea,ARPU,,,
KW,7/1/20,FK,1,11,Antennaria_spp_unknown,,,,
KW,7/1/20,FK,1,11,Hedeoma_hispida,HEHI,,,
KW,7/1/20,FK,1,11,Lithospermum_KW_pic_unknown,,0.5,0.5,
KW,7/1/20,FK,1,11,Carex_filifolia,CAFI,20,15,
KW,7/1/20,FK,1,11,Artemisia_dracunculus,ARDR,,,
KW,7/1/20,FK,1,11,Artemisia_frigida,ARFR,4,3,
KW,7/1/20,FK,1,11,Linum_rigidum,LIRI,,,
KW,7/1/20,FK,1,11,Logfia_arvensis,LOAR,0.5,0.5,
KW,7/1/20,FK,1,11,Opuntia_polycantha,OPPO,0.5,0.5,
KW,7/1/20,FK,1,11,Plantago_patagonica,PLPA,0.5,0.5,
KW,7/1/20,FK,1,11,Sphaeralcea_coccinea,SPCO,4,1,
KW,7/1/20,FK,1,11,Taraxacum_officinale,TAOF,,,
KW,7/1/20,FK,1,11,Tragopogon_dubius,TRDU,4,1,
KW,7/1/20,FK,1,11,Estimated_total,,65,40,
KW,7/1/20,FK,1,11,Added_total,,70.5,39.5,
KW,7/1/20,FK,1,11,Lichen,,0.5,0.5,
KW,7/1/20,FK,1,11,Moss,,,,
KW,7/1/20,FK,1,11,Bareground,,0.5,1,
KW,7/1/20,FK,1,11,Litter,,34,58,
KW,7/1/20,FK,1,11,Dung,,0.5,1,
KW,7/1/20,FK,1,11,Rock,,,,
KW,6/30/20,FK,2,27,Bouteloua_gracilis,BOGR,2,1,
KW,6/30/20,FK,2,27,Bouteloua_dactyloides,BODA,,,
KW,6/30/20,FK,2,27,Bromus_arvensis,BRAR,22,10,
KW,6/30/20,FK,2,27,Bromus_tectorum,BRTE,,,
KW,6/30/20,FK,2,27,Hesperostipa_comata,HECO,1,0.5,
KW,6/30/20,FK,2,27,Koeleria_macrantha,KOMA,,,
KW,6/30/20,FK,2,27,Pascopyrum_smithii,PASM,0.5,0.5,
KW,6/30/20,FK,2,27,Poa_secunda,POSE,2,0.5,
KW,6/30/20,FK,2,27,Vulpia_octoflora,VUOC,0.5,0.5,
KW,6/30/20,FK,2,27,Hedeoma_hispida,HEHI,0.5,0.5,
KW,6/30/20,FK,2,27,Pediomelum_esculentum,PEES,0.5,0.5,
KW,6/30/20,FK,2,27,Lygodesmia_juncea,LYJU,0.5,0.5,
KW,6/30/20,FK,2,27,Coryphanthus_vivipara,COVI,,,
KW,6/30/20,FK,2,27,Astragalus_KW_pic_unknown,,,,
KW,6/30/20,FK,2,27,Carex_filifolia,CAFI,20,15,
KW,6/30/20,FK,2,27,Lithospermum_KW_pic_unknown,,,,
KW,6/30/20,FK,2,27,Artemisia_dracunculus,ARDR,,,
KW,6/30/20,FK,2,27,Artemisia_frigida,ARFR,10,8,
KW,6/30/20,FK,2,27,Linum_rigidum,LIRI,,,
KW,6/30/20,FK,2,27,Logfia_arvensis,LOAR,1,0.5,
KW,6/30/20,FK,2,27,Opuntia_polycantha,OPPO,,,
KW,6/30/20,FK,2,27,Plantago_patagonica,PLPA,,,
KW,6/30/20,FK,2,27,Sphaeralcea_coccinea,SPCO,,,
KW,6/30/20,FK,2,27,Taraxacum_officinale,TAOF,0.5,0.5,
KW,6/30/20,FK,2,27,Tragopogon_dubius,TRDU,8,3,
KW,6/30/20,FK,2,27,Estimated_total,,65,40,
KW,6/30/20,FK,2,27,Added_total,,68.5,41,
KW,6/30/20,FK,2,27,Lichen,,0.5,0.5,
KW,6/30/20,FK,2,27,Moss,,0.5,1,
KW,6/30/20,FK,2,27,Bareground,,0.5,1,
KW,6/30/20,FK,2,27,Litter,,33,57,
KW,6/30/20,FK,2,27,Dung,,1,1,
KW,6/30/20,FK,2,27,Rock,,,,
KW,6/30/20,FK,2,26,Bouteloua_gracilis,BOGR,0.5,0.5,
KW,6/30/20,FK,2,26,Bouteloua_dactyloides,BODA,,,
KW,6/30/20,FK,2,26,Bromus_arvensis,BRAR,35,11,
KW,6/30/20,FK,2,26,Bromus_tectorum,BRTE,0.5,0.5,
KW,6/30/20,FK,2,26,Hesperostipa_comata,HECO,3,2,
KW,6/30/20,FK,2,26,Koeleria_macrantha,KOMA,0.5,0.5,
KW,6/30/20,FK,2,26,Pascopyrum_smithii,PASM,1,0.5,
KW,6/30/20,FK,2,26,Poa_secunda,POSE,0.5,0.5,
KW,6/30/20,FK,2,26,Vulpia_octoflora,VUOC,0.5,0.5,
KW,6/30/20,FK,2,26,Hedeoma_hispida,HEHI,0.5,0.5,
KW,6/30/20,FK,2,26,Pediomelum_esculentum,PEES,,,
KW,6/30/20,FK,2,26,Lygodesmia_juncea,LYJU,,,
KW,6/30/20,FK,2,26,Coryphanthus_vivipara,COVI,0.5,0.5,
KW,6/30/20,FK,2,26,Astragalus_KW_pic_unknown,,,,
KW,6/30/20,FK,2,26,Carex_filifolia,CAFI,15,10,
KW,6/30/20,FK,2,26,Lithospermum_KW_pic_unknown,,,,
KW,6/30/20,FK,2,26,Artemisia_dracunculus,ARDR,,,
KW,6/30/20,FK,2,26,Artemisia_frigida,ARFR,7,5,
KW,6/30/20,FK,2,26,Linum_rigidum,LIRI,,,
KW,6/30/20,FK,2,26,Logfia_arvensis,LOAR,2,0.5,
KW,6/30/20,FK,2,26,Opuntia_polycantha,OPPO,,,
KW,6/30/20,FK,2,26,Plantago_patagonica,PLPA,,,
KW,6/30/20,FK,2,26,Sphaeralcea_coccinea,SPCO,0.5,0.5,
KW,6/30/20,FK,2,26,Taraxacum_officinale,TAOF,,,
KW,6/30/20,FK,2,26,Tragopogon_dubius,TRDU,5,2,
KW,6/30/20,FK,2,26,Estimated_total,,65,35,
KW,6/30/20,FK,2,26,Added_total,,72,35,
KW,6/30/20,FK,2,26,Lichen,,0.5,0.5,
KW,6/30/20,FK,2,26,Moss,,0.5,0.5,
KW,6/30/20,FK,2,26,Bareground,,0.5,1,
KW,6/30/20,FK,2,26,Litter,,33,62,
KW,6/30/20,FK,2,26,Dung,,0.5,1,
KW,6/30/20,FK,2,26,Rock,,,,
KW,6/30/20,FK,1,18,Bouteloua_gracilis,BOGR,,,
KW,6/30/20,FK,1,18,Bouteloua_dactyloides,BODA,,,
KW,6/30/20,FK,1,18,Bromus_arvensis,BRAR,12,5,
KW,6/30/20,FK,1,18,Bromus_tectorum,BRTE,10,4,
KW,6/30/20,FK,1,18,Hesperostipa_comata,HECO,6,4,
KW,6/30/20,FK,1,18,Koeleria_macrantha,KOMA,,,
KW,6/30/20,FK,1,18,Pascopyrum_smithii,PASM,1,0.5,
KW,6/30/20,FK,1,18,Poa_secunda,POSE,,,
KW,6/30/20,FK,1,18,Vulpia_octoflora,VUOC,0.5,0.5,
KW,6/30/20,FK,1,18,Hedeoma_hispida,HEHI,,,
KW,6/30/20,FK,1,18,Pediomelum_esculentum,PEES,,,
KW,6/30/20,FK,1,18,Lygodesmia_juncea,LYJU,,,
KW,6/30/20,FK,1,18,Coryphanthus_vivipara,COVI,,,
KW,6/30/20,FK,1,18,Astragalus_KW_pic_unknown,,5,0.5,
KW,6/30/20,FK,1,18,Carex_filifolia,CAFI,,,
KW,6/30/20,FK,1,18,Lithospermum_KW_pic_unknown,,0.5,0.5,
KW,6/30/20,FK,1,18,Artemisia_dracunculus,ARDR,,,
KW,6/30/20,FK,1,18,Artemisia_frigida,ARFR,10,9,
KW,6/30/20,FK,1,18,Linum_rigidum,LIRI,,,
KW,6/30/20,FK,1,18,Logfia_arvensis,LOAR,,,
KW,6/30/20,FK,1,18,Opuntia_polycantha,OPPO,,,
KW,6/30/20,FK,1,18,Plantago_patagonica,PLPA,,,
KW,6/30/20,FK,1,18,Sphaeralcea_coccinea,SPCO,3,0.5,
KW,6/30/20,FK,1,18,Taraxacum_officinale,TAOF,0.5,0.5,
KW,6/30/20,FK,1,18,Tragopogon_dubius,TRDU,7,3,
KW,6/30/20,FK,1,18,Estimated_total,,50,25,
KW,6/30/20,FK,1,18,Added_total,,55.5,28,
KW,6/30/20,FK,1,18,Lichen,,,,
KW,6/30/20,FK,1,18,Moss,,,,
KW,6/30/20,FK,1,18,Bareground,,2,4,
KW,6/30/20,FK,1,18,Litter,,47.5,70,
KW,6/30/20,FK,1,18,Dung,,0.5,0.5,
KW,6/30/20,FK,1,18,Rock,,,,
KW,6/30/20,FK,1,8,Bouteloua_gracilis,BOGR,0.5,0.5,
KW,6/30/20,FK,1,8,Bouteloua_dactyloides,BODA,,,
KW,6/30/20,FK,1,8,Bromus_arvensis,BRAR,20,9,
KW,6/30/20,FK,1,8,Bromus_tectorum,BRTE,30,14,
KW,6/30/20,FK,1,8,Hesperostipa_comata,HECO,2,1,
KW,6/30/20,FK,1,8,Koeleria_macrantha,KOMA,0.5,0.5,
KW,6/30/20,FK,1,8,Pascopyrum_smithii,PASM,1,0.5,
KW,6/30/20,FK,1,8,Poa_secunda,POSE,,,
KW,6/30/20,FK,1,8,Vulpia_octoflora,VUOC,,,
KW,6/30/20,FK,1,8,Hedeoma_hispida,HEHI,,,
KW,6/30/20,FK,1,8,Pediomelum_esculentum,PEES,,,
KW,6/30/20,FK,1,8,Lygodesmia_juncea,LYJU,,,
KW,6/30/20,FK,1,8,Coryphanthus_vivipara,COVI,,,
KW,6/30/20,FK,1,8,Astragalus_KW_pic_unknown,,,,
KW,6/30/20,FK,1,8,Carex_filifolia,CAFI,,,
KW,6/30/20,FK,1,8,Lithospermum_KW_pic_unknown,,,,
KW,6/30/20,FK,1,8,Artemisia_dracunculus,ARDR,,,
KW,6/30/20,FK,1,8,Artemisia_frigida,ARFR,9,7,
KW,6/30/20,FK,1,8,Linum_rigidum,LIRI,,,
KW,6/30/20,FK,1,8,Logfia_arvensis,LOAR,,,
KW,6/30/20,FK,1,8,Opuntia_polycantha,OPPO,,,
KW,6/30/20,FK,1,8,Plantago_patagonica,PLPA,,,
KW,6/30/20,FK,1,8,Sphaeralcea_coccinea,SPCO,2,0.5,
KW,6/30/20,FK,1,8,Taraxacum_officinale,TAOF,,,
KW,6/30/20,FK,1,8,Tragopogon_dubius,TRDU,2,0.5,
KW,6/30/20,FK,1,8,Estimated_total,,60,30,
KW,6/30/20,FK,1,8,Added_total,,66,33,
KW,6/30/20,FK,1,8,Lichen,,0.5,0.5,
KW,6/30/20,FK,1,8,Moss,,,,
KW,6/30/20,FK,1,8,Bareground,,1,2,
KW,6/30/20,FK,1,8,Litter,,37,66,
KW,6/30/20,FK,1,8,Dung,,1,2,
KW,6/30/20,FK,1,8,Rock,,,,
AD/KW,6/29/20,FK,3,46,Bouteloua_gracilis,BOGR,,,
AD/KW,6/29/20,FK,3,46,Bouteloua_dactyloides,BODA,,,
AD/KW,6/29/20,FK,3,46,Bromus_arvensis,BRAR,45,18,
AD/KW,6/29/20,FK,3,46,Bromus_tectorum,BRTE,,,
AD/KW,6/29/20,FK,3,46,Hesperostipa_comata,HECO,10,7,
AD/KW,6/29/20,FK,3,46,Koeleria_macrantha,KOMA,0.5,0.5,
AD/KW,6/29/20,FK,3,46,Pascopyrum_smithii,PASM,0.5,0.5,
AD/KW,6/29/20,FK,3,46,Poa_secunda,POSE,0.5,0.5,
AD/KW,6/29/20,FK,3,46,Vulpia_octoflora,VUOC,,,
AD/KW,6/29/20,FK,3,46,Lactuca_serriola,LASE,,,
AD/KW,6/29/20,FK,3,46,Liatris_punctata,LIPU,,,
AD/KW,6/29/20,FK,3,46,Conyza_canadensis,COCA,,,
AD/KW,6/29/20,FK,3,46,Oenothera_suffrutescens,OESU,,,
AD/KW,6/29/20,FK,3,46,Carex_filifolia,CAFI,0.5,0.5,
AD/KW,6/29/20,FK,3,46,Carex_duriuscula,CADU,,,
AD/KW,6/29/20,FK,3,46,Pediomelum_esculentum,PEES,,,
AD/KW,6/29/20,FK,3,46,Artemisia_dracunculus,ARDR,,,
AD/KW,6/29/20,FK,3,46,Artemisia_frigida,ARFR,,,
AD/KW,6/29/20,FK,3,46,Linum_rigidum,LIRI,,,
AD/KW,6/29/20,FK,3,46,Logfia_arvensis,LOAR,1,0.5,
AD/KW,6/29/20,FK,3,46,Opuntia_polycantha,OPPO,,,
AD/KW,6/29/20,FK,3,46,Plantago_patagonica,PLPA,,,
AD/KW,6/29/20,FK,3,46,Sphaeralcea_coccinea,SPCO,2,0.5,
AD/KW,6/29/20,FK,3,46,Taraxacum_officinale,TAOF,,,
AD/KW,6/29/20,FK,3,46,Tragopogon_dubius,TRDU,10,3,
AD/KW,6/29/20,FK,3,46,Estimated_total,,65,30,
AD/KW,6/29/20,FK,3,46,Added_total,,70,31,
AD/KW,6/29/20,FK,3,46,Lichen,,0.5,0.5,
AD/KW,6/29/20,FK,3,46,Moss,,,,
AD/KW,6/29/20,FK,3,46,Bareground,,,,
AD/KW,6/29/20,FK,3,46,Litter,,34.5,69.5,
AD/KW,6/29/20,FK,3,46,Dung,,,,
AD/KW,6/29/20,FK,3,46,Rock,,,,
AD/KW,6/29/20,FK,3,46,Mushroom,,,,
AD,6/30/20,FK,2,35,Bouteloua_gracilis,BOGR,,,
AD,6/30/20,FK,2,35,Bouteloua_dactyloides,BODA,,,
AD,6/30/20,FK,2,35,Bromus_arvensis,BRAR,50,30,
AD,6/30/20,FK,2,35,Bromus_tectorum,BRTE,,,
AD,6/30/20,FK,2,35,Hesperostipa_comata,HECO,2,1,
AD,6/30/20,FK,2,35,Koeleria_macrantha,KOMA,,,
AD,6/30/20,FK,2,35,Pascopyrum_smithii,PASM,1,0.5,
AD,6/30/20,FK,2,35,Poa_secunda,POSE,0.5,0.5,
AD,6/30/20,FK,2,35,Vulpia_octoflora,VUOC,0.5,0.5,
AD,6/30/20,FK,2,35,Lactuca_serriola,LASE,0.5,0.5,
AD,6/30/20,FK,2,35,Liatris_punctata,LIPU,,,
AD,6/30/20,FK,2,35,Conyza_canadensis,COCA,,,
AD,6/30/20,FK,2,35,Oenothera_suffrutescens,OESU,,,
AD,6/30/20,FK,2,35,Carex_filifolia,CAFI,,,
AD,6/30/20,FK,2,35,Carex_duriuscula,CADU,4,1,
AD,6/30/20,FK,2,35,Pediomelum_esculentum,PEES,0,1,
AD,6/30/20,FK,2,35,Artemisia_dracunculus,ARDR,,,
AD,6/30/20,FK,2,35,Artemisia_frigida,ARFR,9,5,
AD,6/30/20,FK,2,35,Linum_rigidum,LIRI,,,
AD,6/30/20,FK,2,35,Logfia_arvensis,LOAR,0.5,0.5,
AD,6/30/20,FK,2,35,Opuntia_polycantha,OPPO,,,
AD,6/30/20,FK,2,35,Plantago_patagonica,PLPA,,,
AD,6/30/20,FK,2,35,Sphaeralcea_coccinea,SPCO,,,
AD,6/30/20,FK,2,35,Taraxacum_officinale,TAOF,,,
AD,6/30/20,FK,2,35,Tragopogon_dubius,TRDU,4,1,
AD,6/30/20,FK,2,35,Estimated_total,,68,35,
AD,6/30/20,FK,2,35,Added_total,,72,40.5,
AD,6/30/20,FK,2,35,Lichen,,,,
AD,6/30/20,FK,2,35,Moss,,,,
AD,6/30/20,FK,2,35,Bareground,,0.5,1,
AD,6/30/20,FK,2,35,Litter,,31,64,
AD,6/30/20,FK,2,35,Dung,,,,
AD,6/30/20,FK,2,35,Rock,,,,
AD,6/30/20,FK,2,35,Mushroom,,,,
AD,6/30/20,FK,2,33,Bouteloua_gracilis,BOGR,1,0.5,
AD,6/30/20,FK,2,33,Bouteloua_dactyloides,BODA,,,
AD,6/30/20,FK,2,33,Bromus_arvensis,BRAR,30,10,
AD,6/30/20,FK,2,33,Bromus_tectorum,BRTE,,,
AD,6/30/20,FK,2,33,Hesperostipa_comata,HECO,,,
AD,6/30/20,FK,2,33,Koeleria_macrantha,KOMA,0.5,0.5,
AD,6/30/20,FK,2,33,Pascopyrum_smithii,PASM,2,0.5,
AD,6/30/20,FK,2,33,Poa_secunda,POSE,,,
AD,6/30/20,FK,2,33,Vulpia_octoflora,VUOC,5,1,
AD,6/30/20,FK,2,33,Lactuca_serriola,LASE,,,
AD,6/30/20,FK,2,33,Liatris_punctata,LIPU,1,0.5,
AD,6/30/20,FK,2,33,Conyza_canadensis,COCA,,,
AD,6/30/20,FK,2,33,Oenothera_suffrutescens,OESU,,,
AD,6/30/20,FK,2,33,Carex_filifolia,CAFI,30,20,
AD,6/30/20,FK,2,33,Carex_duriuscula,CADU,3,0.5,
AD,6/30/20,FK,2,33,Pediomelum_esculentum,PEES,0.5,0.5,
AD,6/30/20,FK,2,33,Artemisia_dracunculus,ARDR,,,
AD,6/30/20,FK,2,33,Artemisia_frigida,ARFR,3,1,
AD,6/30/20,FK,2,33,Linum_rigidum,LIRI,,,
AD,6/30/20,FK,2,33,Logfia_arvensis,LOAR,0.5,0.5,
AD,6/30/20,FK,2,33,Opuntia_polycantha,OPPO,,,
AD,6/30/20,FK,2,33,Plantago_patagonica,PLPA,,,
AD,6/30/20,FK,2,33,Sphaeralcea_coccinea,SPCO,0.5,0.5,
AD,6/30/20,FK,2,33,Taraxacum_officinale,TAOF,,,
AD,6/30/20,FK,2,33,Tragopogon_dubius,TRDU,6,1,
AD,6/30/20,FK,2,33,Estimated_total,,75,35,
AD,6/30/20,FK,2,33,Added_total,,83,37,
AD,6/30/20,FK,2,33,Lichen,,0.5,1,
AD,6/30/20,FK,2,33,Moss,,1,1,
AD,6/30/20,FK,2,33,Bareground,,0.5,1,
AD,6/30/20,FK,2,33,Litter,,37,67,
AD,6/30/20,FK,2,33,Dung,,,,
AD,6/30/20,FK,2,33,Rock,,,,
AD,6/30/20,FK,2,33,Mushroom,,0.5,0.5,
AD,6/30/20,FK,2,31,Bouteloua_gracilis,BOGR,1,0.5,
AD,6/30/20,FK,2,31,Bouteloua_dactyloides,BODA,,,
AD,6/30/20,FK,2,31,Bromus_arvensis,BRAR,20,8,
AD,6/30/20,FK,2,31,Bromus_tectorum,BRTE,0.5,0.5,
AD,6/30/20,FK,2,31,Hesperostipa_comata,HECO,3,1,
AD,6/30/20,FK,2,31,Koeleria_macrantha,KOMA,,,
AD,6/30/20,FK,2,31,Pascopyrum_smithii,PASM,1,0.5,
AD,6/30/20,FK,2,31,Poa_secunda,POSE,,,
AD,6/30/20,FK,2,31,Vulpia_octoflora,VUOC,1,0.5,
AD,6/30/20,FK,2,31,Lactuca_serriola,LASE,,,
AD,6/30/20,FK,2,31,Liatris_punctata,LIPU,2,0.5,
AD,6/30/20,FK,2,31,Conyza_canadensis,COCA,0.5,0.5,
AD,6/30/20,FK,2,31,Oenothera_suffrutescens,OESU,0.5,0.5,
AD,6/30/20,FK,2,31,Carex_filifolia,CAFI,12,4,
AD,6/30/20,FK,2,31,Carex_duriuscula,CADU,,,
AD,6/30/20,FK,2,31,Pediomelum_esculentum,PEES,,,
AD,6/30/20,FK,2,31,Artemisia_dracunculus,ARDR,,,
AD,6/30/20,FK,2,31,Artemisia_frigida,ARFR,1,0.5,
AD,6/30/20,FK,2,31,Linum_rigidum,LIRI,,,
AD,6/30/20,FK,2,31,Logfia_arvensis,LOAR,0.5,0.5,
AD,6/30/20,FK,2,31,Opuntia_polycantha,OPPO,,,
AD,6/30/20,FK,2,31,Plantago_patagonica,PLPA,,,
AD,6/30/20,FK,2,31,Sphaeralcea_coccinea,SPCO,4,1,
AD,6/30/20,FK,2,31,Taraxacum_officinale,TAOF,0.5,0.5,
AD,6/30/20,FK,2,31,Tragopogon_dubius,TRDU,5,2,
AD,6/30/20,FK,2,31,Estimated_total,,50,28,
AD,6/30/20,FK,2,31,Added_total,,52.5,21,
AD,6/30/20,FK,2,31,Lichen,,0.5,1,
AD,6/30/20,FK,2,31,Moss,,0.5,0.5,
AD,6/30/20,FK,2,31,Bareground,,2,2,
AD,6/30/20,FK,2,31,Litter,,47,69,
AD,6/30/20,FK,2,31,Dung,,,,
AD,6/30/20,FK,2,31,Rock,,,,
AD,6/30/20,FK,2,31,Mushroom,,,,
AD,6/30/20,FK,2,23,Bouteloua_gracilis,BOGR,0.5,0.5,
AD,6/30/20,FK,2,23,Bouteloua_dactyloides,BODA,,,
AD,6/30/20,FK,2,23,Bromus_arvensis,BRAR,35,18,
AD,6/30/20,FK,2,23,Bromus_tectorum,BRTE,,,
AD,6/30/20,FK,2,23,Hesperostipa_comata,HECO,4,2,
AD,6/30/20,FK,2,23,Koeleria_macrantha,KOMA,2,0.5,
AD,6/30/20,FK,2,23,Pascopyrum_smithii,PASM,1,0.5,
AD,6/30/20,FK,2,23,Poa_secunda,POSE,0.5,0.5,
AD,6/30/20,FK,2,23,Vulpia_octoflora,VUOC,0.5,0.5,
AD,6/30/20,FK,2,23,Liatris_punctata,LIPU,2,0.5,
AD,6/30/20,FK,2,23,Oenothera_suffrutescens,OESU,1,0.5,
AD,6/30/20,FK,2,23,Hedeoma_hispida,HEHI,0.5,0.5,
AD,6/30/20,FK,2,23,Pediomelum_esculentum,PEES,,,
AD,6/30/20,FK,2,23,Lactuca_serriola,LASE,,,
AD,6/30/20,FK,2,23,Carex_filifolia,CAFI,10,5,
AD,6/30/20,FK,2,23,Carex_duriuscula,CADU,3,1,
AD,6/30/20,FK,2,23,Artemisia_dracunculus,ARDR,,,
AD,6/30/20,FK,2,23,Artemisia_frigida,ARFR,4,3,
AD,6/30/20,FK,2,23,Linum_rigidum,LIRI,,,
AD,6/30/20,FK,2,23,Logfia_arvensis,LOAR,0.5,0.5,
AD,6/30/20,FK,2,23,Opuntia_polycantha,OPPO,,,
AD,6/30/20,FK,2,23,Plantago_patagonica,PLPA,,,
AD,6/30/20,FK,2,23,Sphaeralcea_coccinea,SPCO,1,0.5,
AD,6/30/20,FK,2,23,Taraxacum_officinale,TAOF,,,
AD,6/30/20,FK,2,23,Tragopogon_dubius,TRDU,10,4,
AD,6/30/20,FK,2,23,Estimated_total,,70,37,
AD,6/30/20,FK,2,23,Added_total,,75.5,38,
AD,6/30/20,FK,2,23,Lichen,,0.5,1,
AD,6/30/20,FK,2,23,Moss,,0.5,0.5,
AD,6/30/20,FK,2,23,Bareground,,3,3,
AD,6/30/20,FK,2,23,Litter,,34,56,
AD,6/30/20,FK,2,23,Dung,,2,3,
AD,6/30/20,FK,2,23,Rock,,,,
AD,6/30/20,FK,2,23,Mushroom,,,,
AD,6/30/20,FK,2,21,Bouteloua_gracilis,BOGR,0.5,0.5,
AD,6/30/20,FK,2,21,Bouteloua_dactyloides,BODA,,,
AD,6/30/20,FK,2,21,Bromus_arvensis,BRAR,30,15,
AD,6/30/20,FK,2,21,Bromus_tectorum,BRTE,0.5,0.5,
AD,6/30/20,FK,2,21,Hesperostipa_comata,HECO,3,1,
AD,6/30/20,FK,2,21,Koeleria_macrantha,KOMA,1,0.5,
AD,6/30/20,FK,2,21,Pascopyrum_smithii,PASM,5,1,
AD,6/30/20,FK,2,21,Poa_secunda,POSE,1,0.5,
AD,6/30/20,FK,2,21,Vulpia_octoflora,VUOC,,,
AD,6/30/20,FK,2,21,Liatris_punctata,LIPU,,,
AD,6/30/20,FK,2,21,Oenothera_suffrutescens,OESU,,,
AD,6/30/20,FK,2,21,Hedeoma_hispida,HEHI,,,
AD,6/30/20,FK,2,21,Pediomelum_esculentum,PEES,,,
AD,6/30/20,FK,2,21,Lactuca_serriola,LASE,,,
AD,6/30/20,FK,2,21,Carex_filifolia,CAFI,6,3,
AD,6/30/20,FK,2,21,Carex_duriuscula,CADU,1,0.5,
AD,6/30/20,FK,2,21,Artemisia_dracunculus,ARDR,,,
AD,6/30/20,FK,2,21,Artemisia_frigida,ARFR,4,2,
AD,6/30/20,FK,2,21,Linum_rigidum,LIRI,,,
AD,6/30/20,FK,2,21,Logfia_arvensis,LOAR,0.5,0.5,
AD,6/30/20,FK,2,21,Opuntia_polycantha,OPPO,,,
AD,6/30/20,FK,2,21,Plantago_patagonica,PLPA,,,
AD,6/30/20,FK,2,21,Sphaeralcea_coccinea,SPCO,2,0.5,
AD,6/30/20,FK,2,21,Taraxacum_officinale,TAOF,0.5,0.5,
AD,6/30/20,FK,2,21,Tragopogon_dubius,TRDU,3,0.5,
AD,6/30/20,FK,2,21,Estimated_total,,55,25,
AD,6/30/20,FK,2,21,Added_total,,58,26.5,
AD,6/30/20,FK,2,21,Lichen,,0.5,0.5,
AD,6/30/20,FK,2,21,Moss,,0.5,0.5,
AD,6/30/20,FK,2,21,Bareground,,2,2,
AD,6/30/20,FK,2,21,Litter,,39,73,
AD,6/30/20,FK,2,21,Dung,,3,4,
AD,6/30/20,FK,2,21,Rock,,,,
AD,6/30/20,FK,2,21,Mushroom,,,,
AD,6/30/20,FK,2,29,Bouteloua_gracilis,BOGR,2,0.5,
AD,6/30/20,FK,2,29,Bouteloua_dactyloides,BODA,,,
AD,6/30/20,FK,2,29,Bromus_arvensis,BRAR,40,18,
AD,6/30/20,FK,2,29,Bromus_tectorum,BRTE,0.5,0.5,
AD,6/30/20,FK,2,29,Hesperostipa_comata,HECO,3,1,
AD,6/30/20,FK,2,29,Koeleria_macrantha,KOMA,1,0.5,
AD,6/30/20,FK,2,29,Pascopyrum_smithii,PASM,1,0.5,
AD,6/30/20,FK,2,29,Poa_secunda,POSE,3,0.5,
AD,6/30/20,FK,2,29,Vulpia_octoflora,VUOC,3,0.5,
AD,6/30/20,FK,2,29,Liatris_punctata,LIPU,,,
AD,6/30/20,FK,2,29,Oenothera_suffrutescens,OESU,,,
AD,6/30/20,FK,2,29,Hedeoma_hispida,HEHI,0.5,0.5,
AD,6/30/20,FK,2,29,Pediomelum_esculentum,PEES,,,
AD,6/30/20,FK,2,29,Lactuca_serriola,LASE,,,
AD,6/30/20,FK,2,29,Carex_filifolia,CAFI,20,16,
AD,6/30/20,FK,2,29,Carex_duriuscula,CADU,,,
AD,6/30/20,FK,2,29,Artemisia_dracunculus,ARDR,,,
AD,6/30/20,FK,2,29,Artemisia_frigida,ARFR,,,
AD,6/30/20,FK,2,29,Linum_rigidum,LIRI,,,
AD,6/30/20,FK,2,29,Logfia_arvensis,LOAR,0.5,0.5,
AD,6/30/20,FK,2,29,Opuntia_polycantha,OPPO,,,
AD,6/30/20,FK,2,29,Plantago_patagonica,PLPA,,,
AD,6/30/20,FK,2,29,Sphaeralcea_coccinea,SPCO,2,0.5,
AD,6/30/20,FK,2,29,Taraxacum_officinale,TAOF,,,
AD,6/30/20,FK,2,29,Tragopogon_dubius,TRDU,7,2,
AD,6/30/20,FK,2,29,Estimated_total,,78,40,
AD,6/30/20,FK,2,29,Added_total,,83.5,41.5,
AD,6/30/20,FK,2,29,Lichen,,1,2,
AD,6/30/20,FK,2,29,Moss,,3,4,
AD,6/30/20,FK,2,29,Bareground,,1,2,
AD,6/30/20,FK,2,29,Litter,,17,51,
AD,6/30/20,FK,2,29,Dung,,0.5,1,
AD,6/30/20,FK,2,29,Rock,,,,
AD,6/30/20,FK,2,29,Mushroom,,,,
AD,6/30/20,FK,2,25,Bouteloua_gracilis,BOGR,1,0.5,
AD,6/30/20,FK,2,25,Bouteloua_dactyloides,BODA,0.5,0.5,
AD,6/30/20,FK,2,25,Bromus_arvensis,BRAR,30,14,
AD,6/30/20,FK,2,25,Bromus_tectorum,BRTE,15,6,
AD,6/30/20,FK,2,25,Hesperostipa_comata,HECO,2,1,
AD,6/30/20,FK,2,25,Koeleria_macrantha,KOMA,3,1,
AD,6/30/20,FK,2,25,Pascopyrum_smithii,PASM,3,0.5,
AD,6/30/20,FK,2,25,Poa_secunda,POSE,,,
AD,6/30/20,FK,2,25,Vulpia_octoflora,VUOC,3,0.4,
AD,6/30/20,FK,2,25,Liatris_punctata,LIPU,0.5,0.5,
AD,6/30/20,FK,2,25,Oenothera_suffrutescens,OESU,,,
AD,6/30/20,FK,2,25,Hedeoma_hispida,HEHI,,,
AD,6/30/20,FK,2,25,Pediomelum_esculentum,PEES,1,0.5,
AD,6/30/20,FK,2,25,Lactuca_serriola,LASE,0.5,0.5,
AD,6/30/20,FK,2,25,Carex_filifolia,CAFI,3,2,
AD,6/30/20,FK,2,25,Carex_duriuscula,CADU,0.5,0.5,
AD,6/30/20,FK,2,25,Artemisia_dracunculus,ARDR,,,
AD,6/30/20,FK,2,25,Artemisia_frigida,ARFR,5,3,
AD,6/30/20,FK,2,25,Linum_rigidum,LIRI,,,
AD,6/30/20,FK,2,25,Logfia_arvensis,LOAR,1,0.5,
AD,6/30/20,FK,2,25,Opuntia_polycantha,OPPO,,,
AD,6/30/20,FK,2,25,Plantago_patagonica,PLPA,,,
AD,6/30/20,FK,2,25,Sphaeralcea_coccinea,SPCO,0.5,0.5,
AD,6/30/20,FK,2,25,Taraxacum_officinale,TAOF,,,
AD,6/30/20,FK,2,25,Tragopogon_dubius,TRDU,7,3,
AD,6/30/20,FK,2,25,Estimated_total,,65,35,
AD,6/30/20,FK,2,25,Added_total,,76.5,35,
AD,6/30/20,FK,2,25,Lichen,,0.5,1,
AD,6/30/20,FK,2,25,Moss,,1,2,
AD,6/30/20,FK,2,25,Bareground,,2,3,
AD,6/30/20,FK,2,25,Litter,,31,68,
AD,6/30/20,FK,2,25,Dung,,,,
AD,6/30/20,FK,2,25,Rock,,0.5,0.5,
AD,6/30/20,FK,2,25,Mushroom,,,,
AD,7/1/20,FK,1,2,Bouteloua_gracilis,BOGR,1,0.5,
AD,7/1/20,FK,1,2,Bouteloua_dactyloides,BODA,,,
AD,7/1/20,FK,1,2,Bromus_arvensis,BRAR,15,5,
AD,7/1/20,FK,1,2,Bromus_tectorum,BRTE,35,17,
AD,7/1/20,FK,1,2,Hesperostipa_comata,HECO,1,0.5,
AD,7/1/20,FK,1,2,Koeleria_macrantha,KOMA,,,
AD,7/1/20,FK,1,2,Pascopyrum_smithii,PASM,0.5,0.5,
AD,7/1/20,FK,1,2,Poa_secunda,POSE,,,
AD,7/1/20,FK,1,2,Vulpia_octoflora,VUOC,,,
AD,7/1/20,FK,1,2,Lygodesmia_juncea,LYJU,7,1,
AD,7/1/20,FK,1,2,Carex_filifolia,CAFI,,,
AD,7/1/20,FK,1,2,Carex_duriuscula,CADU,8,4,
AD,7/1/20,FK,1,2,Artemisia_dracunculus,ARDR,,,
AD,7/1/20,FK,1,2,Artemisia_frigida,ARFR,1,0.5,
AD,7/1/20,FK,1,2,Linum_rigidum,LIRI,,,
AD,7/1/20,FK,1,2,Logfia_arvensis,LOAR,,,
AD,7/1/20,FK,1,2,Opuntia_polycantha,OPPO,,,
AD,7/1/20,FK,1,2,Plantago_patagonica,PLPA,,,
AD,7/1/20,FK,1,2,Sphaeralcea_coccinea,SPCO,2,0.5,
AD,7/1/20,FK,1,2,Taraxacum_officinale,TAOF,0.5,0.5,
AD,7/1/20,FK,1,2,Tragopogon_dubius,TRDU,4,0.5,
AD,7/1/20,FK,1,2,Estimated_total,,70,30,
AD,7/1/20,FK,1,2,Added_total,,75,31.5,
AD,7/1/20,FK,1,2,Lichen,,0.5,0.5,
AD,7/1/20,FK,1,2,Moss,,,,
AD,7/1/20,FK,1,2,Bareground,,0.5,1,
AD,7/1/20,FK,1,2,Litter,,28,68,
AD,7/1/20,FK,1,2,Dung,,1,1,
AD,7/1/20,FK,1,2,Rock,,,,
AD,7/1/20,FK,1,2,Mushroom,,,,
AD,7/1/20,FK,1,4,Bouteloua_gracilis,BOGR,,,
AD,7/1/20,FK,1,4,Bouteloua_dactyloides,BODA,,,
AD,7/1/20,FK,1,4,Bromus_arvensis,BRAR,30,14,
AD,7/1/20,FK,1,4,Bromus_tectorum,BRTE,0.5,0.5,
AD,7/1/20,FK,1,4,Hesperostipa_comata,HECO,1,0.5,
AD,7/1/20,FK,1,4,Koeleria_macrantha,KOMA,,,
AD,7/1/20,FK,1,4,Pascopyrum_smithii,PASM,1,0.5,
AD,7/1/20,FK,1,4,Poa_secunda,POSE,,,
AD,7/1/20,FK,1,4,Vulpia_octoflora,VUOC,2,0.5,
AD,7/1/20,FK,1,4,Lygodesmia_juncea,LYJU,,,
AD,7/1/20,FK,1,4,Carex_filifolia,CAFI,12,6,
AD,7/1/20,FK,1,4,Carex_duriuscula,CADU,4,2,
AD,7/1/20,FK,1,4,Artemisia_dracunculus,ARDR,,,
AD,7/1/20,FK,1,4,Artemisia_frigida,ARFR,3,0.5,
AD,7/1/20,FK,1,4,Linum_rigidum,LIRI,,,
AD,7/1/20,FK,1,4,Logfia_arvensis,LOAR,2,0.5,
AD,7/1/20,FK,1,4,Opuntia_polycantha,OPPO,,,
AD,7/1/20,FK,1,4,Plantago_patagonica,PLPA,,,
AD,7/1/20,FK,1,4,Sphaeralcea_coccinea,SPCO,3,0.5,
AD,7/1/20,FK,1,4,Taraxacum_officinale,TAOF,,,
AD,7/1/20,FK,1,4,Tragopogon_dubius,TRDU,7,1,
AD,7/1/20,FK,1,4,Estimated_total,,62,24,
AD,7/1/20,FK,1,4,Added_total,,65.5,26.5,
AD,7/1/20,FK,1,4,Lichen,,0.5,0.5,
AD,7/1/20,FK,1,4,Moss,,0.5,1,
AD,7/1/20,FK,1,4,Bareground,,,,
AD,7/1/20,FK,1,4,Litter,,37,75,
AD,7/1/20,FK,1,4,Dung,,,,
AD,7/1/20,FK,1,4,Rock,,,,
AD,7/1/20,FK,1,4,Mushroom,,,,
AD,7/1/20,FK,1,6,Bouteloua_gracilis,BOGR,,,
AD,7/1/20,FK,1,6,Bouteloua_dactyloides,BODA,,,
AD,7/1/20,FK,1,6,Bromus_arvensis,BRAR,40,20,
AD,7/1/20,FK,1,6,Bromus_tectorum,BRTE,35,15,
AD,7/1/20,FK,1,6,Hesperostipa_comata,HECO,6,2,
AD,7/1/20,FK,1,6,Koeleria_macrantha,KOMA,,,
AD,7/1/20,FK,1,6,Pascopyrum_smithii,PASM,1,0.5,
AD,7/1/20,FK,1,6,Poa_secunda,POSE,,,
AD,7/1/20,FK,1,6,Vulpia_octoflora,VUOC,,,
AD,7/1/20,FK,1,6,Lygodesmia_juncea,LYJU,6,1,
AD,7/1/20,FK,1,6,Carex_filifolia,CAFI,2,1,
AD,7/1/20,FK,1,6,Carex_duriuscula,CADU,,,
AD,7/1/20,FK,1,6,Artemisia_dracunculus,ARDR,0.5,0.5,
AD,7/1/20,FK,1,6,Artemisia_frigida,ARFR,0.5,0.5,
AD,7/1/20,FK,1,6,Linum_rigidum,LIRI,,,
AD,7/1/20,FK,1,6,Logfia_arvensis,LOAR,,,
AD,7/1/20,FK,1,6,Opuntia_polycantha,OPPO,,,
AD,7/1/20,FK,1,6,Plantago_patagonica,PLPA,,,
AD,7/1/20,FK,1,6,Sphaeralcea_coccinea,SPCO,2,0.5,
AD,7/1/20,FK,1,6,Taraxacum_officinale,TAOF,,,
AD,7/1/20,FK,1,6,Tragopogon_dubius,TRDU,2,0.5,
AD,7/1/20,FK,1,6,Estimated_total,,86,38,
AD,7/1/20,FK,1,6,Added_total,,95,41.5,
AD,7/1/20,FK,1,6,Lichen,,0.5,0.5,
AD,7/1/20,FK,1,6,Moss,,0.5,0.5,
AD,7/1/20,FK,1,6,Bareground,,,,
AD,7/1/20,FK,1,6,Litter,,10,46,
AD,7/1/20,FK,1,6,Dung,,3,5,
AD,7/1/20,FK,1,6,Rock,,,,
AD,7/1/20,FK,1,6,Mushroom,,,,
AD,7/1/20,FK,1,14,Bouteloua_gracilis,BOGR,1,0.5,
AD,7/1/20,FK,1,14,Bouteloua_dactyloides,BODA,,,
AD,7/1/20,FK,1,14,Bromus_arvensis,BRAR,18,6,
AD,7/1/20,FK,1,14,Bromus_tectorum,BRTE,,,
AD,7/1/20,FK,1,14,Hesperostipa_comata,HECO,2,1,
AD,7/1/20,FK,1,14,Koeleria_macrantha,KOMA,8,4,
AD,7/1/20,FK,1,14,Pascopyrum_smithii,PASM,0.5,0.5,
AD,7/1/20,FK,1,14,Poa_secunda,POSE,6,1,
AD,7/1/20,FK,1,14,Vulpia_octoflora,VUOC,0.5,0.5,
AD,7/1/20,FK,1,14,Lygodesmia_juncea,LYJU,,,
AD,7/1/20,FK,1,14,Carex_filifolia,CAFI,12,8,
AD,7/1/20,FK,1,14,Carex_duriuscula,CADU,3,1,
AD,7/1/20,FK,1,14,Artemisia_dracunculus,ARDR,0.5,0.5,
AD,7/1/20,FK,1,14,Artemisia_frigida,ARFR,2,1,
AD,7/1/20,FK,1,14,Linum_rigidum,LIRI,,,
AD,7/1/20,FK,1,14,Logfia_arvensis,LOAR,0.5,0.5,
AD,7/1/20,FK,1,14,Opuntia_polycantha,OPPO,,,
AD,7/1/20,FK,1,14,Plantago_patagonica,PLPA,0.5,0.5,
AD,7/1/20,FK,1,14,Sphaeralcea_coccinea,SPCO,1,0.5,
AD,7/1/20,FK,1,14,Taraxacum_officinale,TAOF,,,
AD,7/1/20,FK,1,14,Tragopogon_dubius,TRDU,4,0.5,
AD,7/1/20,FK,1,14,Estimated_total,,55,25,
AD,7/1/20,FK,1,14,Added_total,,60,26,
AD,7/1/20,FK,1,14,Lichen,,1,1,
AD,7/1/20,FK,1,14,Moss,,,,
AD,7/1/20,FK,1,14,Bareground,,2,2,
AD,7/1/20,FK,1,14,Litter,,42,72,
AD,7/1/20,FK,1,14,Dung,,0.5,0.5,
AD,7/1/20,FK,1,14,Rock,,,,
AD,7/1/20,FK,1,14,Mushroom,,,,
SC/AD,6/29/20,FK,3,51,Bouteloua_gracilis,BOGR,1,0.5,
SC/AD,6/29/20,FK,3,51,Bouteloua_dactyloides,BODA,,,
SC/AD,6/29/20,FK,3,51,Bromus_arvensis,BRAR,23,12,
SC/AD,6/29/20,FK,3,51,Bromus_tectorum,BRTE,,,
SC/AD,6/29/20,FK,3,51,Hesperostipa_comata,HECO,10,3,
SC/AD,6/29/20,FK,3,51,Koeleria_macrantha,KOMA,3,2,
SC/AD,6/29/20,FK,3,51,Pascopyrum_smithii,PASM,1,0.5,
SC/AD,6/29/20,FK,3,51,Poa_secunda,POSE,2,1,
SC/AD,6/29/20,FK,3,51,Vulpia_octoflora,VUOC,,,
SC/AD,6/29/20,FK,3,51,Carex_filifolia,CAFI,1,0.5,
SC/AD,6/29/20,FK,3,51,Carex_duriuscula,CADU,4,1,
SC/AD,6/29/20,FK,3,51,Artemisia_dracunculus,ARDR,,,
SC/AD,6/29/20,FK,3,51,Artemisia_frigida,ARFR,,,
SC/AD,6/29/20,FK,3,51,Linum_rigidum,LIRI,,,
SC/AD,6/29/20,FK,3,51,Logfia_arvensis,LOAR,0.5,0.5,
SC/AD,6/29/20,FK,3,51,Opuntia_polycantha,OPPO,,,
SC/AD,6/29/20,FK,3,51,Plantago_patagonica,PLPA,,,
SC/AD,6/29/20,FK,3,51,Sphaeralcea_coccinea,SPCO,,,
SC/AD,6/29/20,FK,3,51,Taraxacum_officinale,TAOF,,,
SC/AD,6/29/20,FK,3,51,Tragopogon_dubius,TRDU,1,0.5,
SC/AD,6/29/20,FK,3,51,Hedeoma_hispida,HEHI,,,
SC/AD,6/29/20,FK,3,51,Estimated_total,,45,30,
SC/AD,6/29/20,FK,3,51,Added_total,,46.5,21.5,
SC/AD,6/29/20,FK,3,51,Conyza_canadensis,COCA,,,
SC/AD,6/29/20,FK,3,51,Moss,,,,
SC/AD,6/29/20,FK,3,51,Lichen,,0.5,1,
SC/AD,6/29/20,FK,3,51,Rock,,,,
SC/AD,6/29/20,FK,3,51,Bareground,,0.5,1,
SC/AD,6/29/20,FK,3,51,Litter,,53,66,
SC/AD,6/29/20,FK,3,51,Dung,,1,2,
SC/AD,6/29/20,FK,3,50,Bouteloua_gracilis,BOGR,1,0.5,
SC/AD,6/29/20,FK,3,50,Bouteloua_dactyloides,BODA,,,
SC/AD,6/29/20,FK,3,50,Bromus_arvensis,BRAR,45,20,
SC/AD,6/29/20,FK,3,50,Bromus_tectorum,BRTE,1,0.5,
SC/AD,6/29/20,FK,3,50,Hesperostipa_comata,HECO,20,12,
SC/AD,6/29/20,FK,3,50,Koeleria_macrantha,KOMA,0.5,0.5,
SC/AD,6/29/20,FK,3,50,Pascopyrum_smithii,PASM,0.5,0.5,
SC/AD,6/29/20,FK,3,50,Poa_secunda,POSE,2,1,
SC/AD,6/29/20,FK,3,50,Vulpia_octoflora,VUOC,,,
SC/AD,6/29/20,FK,3,50,Carex_filifolia,CAFI,3,2,
SC/AD,6/29/20,FK,3,50,Carex_duriuscula,CADU,,,
SC/AD,6/29/20,FK,3,50,Artemisia_dracunculus,ARDR,,,
SC/AD,6/29/20,FK,3,50,Artemisia_frigida,ARFR,,,
SC/AD,6/29/20,FK,3,50,Linum_rigidum,LIRI,,,
SC/AD,6/29/20,FK,3,50,Logfia_arvensis,LOAR,5,2,
SC/AD,6/29/20,FK,3,50,Opuntia_polycantha,OPPO,,,
SC/AD,6/29/20,FK,3,50,Plantago_patagonica,PLPA,0.5,0.5,
SC/AD,6/29/20,FK,3,50,Sphaeralcea_coccinea,SPCO,0.5,0.5,
SC/AD,6/29/20,FK,3,50,Taraxacum_officinale,TAOF,,,
SC/AD,6/29/20,FK,3,50,Tragopogon_dubius,TRDU,3,1,
SC/AD,6/29/20,FK,3,50,Hedeoma_hispida,HEHI,0.5,0.5,
SC/AD,6/29/20,FK,3,50,Estimated_total,,75,40,
SC/AD,6/29/20,FK,3,50,Added_total,,83,42,
SC/AD,6/29/20,FK,3,50,Conyza_canadensis,COCA,0.5,0.5,
SC/AD,6/29/20,FK,3,50,Moss,,0.5,0.5,
SC/AD,6/29/20,FK,3,50,Lichen,,0.5,0.5,
SC/AD,6/29/20,FK,3,50,Rock,,,,
SC/AD,6/29/20,FK,3,50,Bareground,,0.5,0.5,
SC/AD,6/29/20,FK,3,50,Litter,,24,59,
SC/AD,6/29/20,FK,3,50,Dung,,,,
SC/AD,6/29/20,FK,3,42,Bouteloua_gracilis,BOGR,,,
SC/AD,6/29/20,FK,3,42,Bouteloua_dactyloides,BODA,,,
SC/AD,6/29/20,FK,3,42,Bromus_arvensis,BRAR,35,17,
SC/AD,6/29/20,FK,3,42,Bromus_tectorum,BRTE,0.5,0.5,
SC/AD,6/29/20,FK,3,42,Hesperostipa_comata,HECO,5,3,
SC/AD,6/29/20,FK,3,42,Koeleria_macrantha,KOMA,3,1,
SC/AD,6/29/20,FK,3,42,Pascopyrum_smithii,PASM,0.5,0.5,
SC/AD,6/29/20,FK,3,42,Poa_secunda,POSE,0.5,0.5,
SC/AD,6/29/20,FK,3,42,Vulpia_octoflora,VUOC,,,
SC/AD,6/29/20,FK,3,42,Carex_filifolia,CAFI,15,8,
SC/AD,6/29/20,FK,3,42,Carex_duriuscula,CADU,,,
SC/AD,6/29/20,FK,3,42,Artemisia_dracunculus,ARDR,,,
SC/AD,6/29/20,FK,3,42,Artemisia_frigida,ARFR,0.5,0.5,
SC/AD,6/29/20,FK,3,42,Linum_rigidum,LIRI,,,
SC/AD,6/29/20,FK,3,42,Logfia_arvensis,LOAR,0.5,0.5,
SC/AD,6/29/20,FK,3,42,Opuntia_polycantha,OPPO,,,
SC/AD,6/29/20,FK,3,42,Plantago_patagonica,PLPA,,,
SC/AD,6/29/20,FK,3,42,Sphaeralcea_coccinea,SPCO,7,2,
SC/AD,6/29/20,FK,3,42,Taraxacum_officinale,TAOF,,,
SC/AD,6/29/20,FK,3,42,Tragopogon_dubius,TRDU,10,3,
SC/AD,6/29/20,FK,3,42,Hedeoma_hispida,HEHI,0.5,0.5,
SC/AD,6/29/20,FK,3,42,Estimated_total,,75,35,
SC/AD,6/29/20,FK,3,42,Added_total,,78.5,37,
SC/AD,6/29/20,FK,3,42,Conyza_canadensis,COCA,,,
SC/AD,6/29/20,FK,3,42,Moss,,0.5,0.5,
SC/AD,6/29/20,FK,3,42,Lichen,,0.5,1,
SC/AD,6/29/20,FK,3,42,Rock,,,,
SC/AD,6/29/20,FK,3,42,Bareground,,0.5,0.5,
SC/AD,6/29/20,FK,3,42,Litter,,21,60,
SC/AD,6/29/20,FK,3,42,Dung,,3,3,
SC/AD,6/29/20,FK,3,38,Bouteloua_gracilis,BOGR,0.5,0.5,
SC/AD,6/29/20,FK,3,38,Bouteloua_dactyloides,BODA,,,
SC/AD,6/29/20,FK,3,38,Bromus_arvensis,BRAR,40,20,
SC/AD,6/29/20,FK,3,38,Bromus_tectorum,BRTE,,,
SC/AD,6/29/20,FK,3,38,Hesperostipa_comata,HECO,20,10,
SC/AD,6/29/20,FK,3,38,Koeleria_macrantha,KOMA,,,
SC/AD,6/29/20,FK,3,38,Pascopyrum_smithii,PASM,2,1,
SC/AD,6/29/20,FK,3,38,Poa_secunda,POSE,0.5,0.5,
SC/AD,6/29/20,FK,3,38,Vulpia_octoflora,VUOC,,,
SC/AD,6/29/20,FK,3,38,Carex_filifolia,CAFI,6,4,
SC/AD,6/29/20,FK,3,38,Carex_duriuscula,CADU,,,
SC/AD,6/29/20,FK,3,38,Artemisia_dracunculus,ARDR,,,
SC/AD,6/29/20,FK,3,38,Artemisia_frigida,ARFR,,,
SC/AD,6/29/20,FK,3,38,Linum_rigidum,LIRI,0.5,0.5,
SC/AD,6/29/20,FK,3,38,Logfia_arvensis,LOAR,3,1,
SC/AD,6/29/20,FK,3,38,Opuntia_polycantha,OPPO,,,
SC/AD,6/29/20,FK,3,38,Plantago_patagonica,PLPA,,,
SC/AD,6/29/20,FK,3,38,Sphaeralcea_coccinea,SPCO,,,
SC/AD,6/29/20,FK,3,38,Taraxacum_officinale,TAOF,,,
SC/AD,6/29/20,FK,3,38,Tragopogon_dubius,TRDU,4,1,
SC/AD,6/29/20,FK,3,38,Hedeoma_hispida,HEHI,,,
SC/AD,6/29/20,FK,3,38,Estimated_total,,70,35,
SC/AD,6/29/20,FK,3,38,Added_total,,77,38.5,
SC/AD,6/29/20,FK,3,38,Conyza_canadensis,COCA,,,
SC/AD,6/29/20,FK,3,38,Moss,,0.5,0.5,
SC/AD,6/29/20,FK,3,38,Lichen,,0.5,0.5,
SC/AD,6/29/20,FK,3,38,Rock,,,,
SC/AD,6/29/20,FK,3,38,Bareground,,0.5,0.5,
SC/AD,6/29/20,FK,3,38,Litter,,28,64,
SC/AD,6/29/20,FK,3,38,Dung,,,,
KW,6/29/20,FK,3,40,Bouteloua_gracilis,BOGR,,,
KW,6/29/20,FK,3,40,Bouteloua_dactyloides,BODA,,,
KW,6/29/20,FK,3,40,Bromus_arvensis,BRAR,25,10,
KW,6/29/20,FK,3,40,Bromus_tectorum,BRTE,25,10,
KW,6/29/20,FK,3,40,Hesperostipa_comata,HECO,,,
KW,6/29/20,FK,3,40,Koeleria_macrantha,KOMA,,,
KW,6/29/20,FK,3,40,Pascopyrum_smithii,PASM,4,1,
KW,6/29/20,FK,3,40,Poa_secunda,POSE,0.5,0.5,
KW,6/29/20,FK,3,40,Vulpia_octoflora,VUOC,0.5,0.5,
KW,6/29/20,FK,3,40,Sporobolus_cryptandrus,SPCR,0.5,0.5,
KW,6/29/20,FK,3,40,Oenothera_suffrutescens,OESU,,,
KW,6/29/20,FK,3,40,flat_spikelet_panicle_KW_pic_unknown,,,,
KW,6/29/20,FK,3,40,Carex_filifolia,CAFI,2,1,
KW,6/29/20,FK,3,40,Coryphanthus_vivipara,COVI,,,
KW,6/29/20,FK,3,40,Carex_duriuscula,CADU,,,
KW,6/29/20,FK,3,40,Artemisia_dracunculus,ARDR,,,
KW,6/29/20,FK,3,40,Artemisia_frigida,ARFR,,,
KW,6/29/20,FK,3,40,Linum_rigidum,LIRI,,,
KW,6/29/20,FK,3,40,Logfia_arvensis,LOAR,,,
KW,6/29/20,FK,3,40,Opuntia_polycantha,OPPO,,,
KW,6/29/20,FK,3,40,Plantago_patagonica,PLPA,,,
KW,6/29/20,FK,3,40,Sphaeralcea_coccinea,SPCO,3,0.5,
KW,6/29/20,FK,3,40,Taraxacum_officinale,TAOF,,,
KW,6/29/20,FK,3,40,Tragopogon_dubius,TRDU,4,1,
KW,6/29/20,FK,3,40,Lepidium_densiflorum,LEDE,0.5,0.5,
KW,6/29/20,FK,3,40,Hedeoma_hispida,HEHI,0.5,0.5,
KW,6/29/20,FK,3,40,Estimated_total,,60,25,
KW,6/29/20,FK,3,40,Added_total,,65.5,26,
KW,6/29/20,FK,3,40,Lichen,,0.5,0.5,
KW,6/29/20,FK,3,40,Moss,,,,
KW,6/29/20,FK,3,40,Bareground,,1,3,
KW,6/29/20,FK,3,40,Litter,,37.5,69.5,
KW,6/29/20,FK,3,40,Rock,,,,
KW,6/29/20,FK,3,40,Dung,,1,2,
KW,6/29/20,FK,3,47,Bouteloua_gracilis,BOGR,,,
KW,6/29/20,FK,3,47,Bouteloua_dactyloides,BODA,,,
KW,6/29/20,FK,3,47,Bromus_arvensis,BRAR,40,15,
KW,6/29/20,FK,3,47,Bromus_tectorum,BRTE,,,
KW,6/29/20,FK,3,47,Hesperostipa_comata,HECO,6,4,
KW,6/29/20,FK,3,47,Koeleria_macrantha,KOMA,,,
KW,6/29/20,FK,3,47,Pascopyrum_smithii,PASM,0.5,0.5,
KW,6/29/20,FK,3,47,Poa_secunda,POSE,0.5,0.5,
KW,6/29/20,FK,3,47,Vulpia_octoflora,VUOC,,,
KW,6/29/20,FK,3,47,Sporobolus_cryptandrus,SPCR,,,
KW,6/29/20,FK,3,47,Oenothera_suffrutescens,OESU,1,0.5,
KW,6/29/20,FK,3,47,flat_spikelet_panicle_KW_pic_unknown,,,,
KW,6/29/20,FK,3,47,Carex_filifolia,CAFI,7,5,
KW,6/29/20,FK,3,47,Coryphanthus_vivipara,COVI,0.5,0.5,
KW,6/29/20,FK,3,47,Carex_duriuscula,CADU,,,
KW,6/29/20,FK,3,47,Artemisia_dracunculus,ARDR,,,
KW,6/29/20,FK,3,47,Artemisia_frigida,ARFR,,,
KW,6/29/20,FK,3,47,Linum_rigidum,LIRI,,,
KW,6/29/20,FK,3,47,Logfia_arvensis,LOAR,0.5,0.5,
KW,6/29/20,FK,3,47,Opuntia_polycantha,OPPO,,,
KW,6/29/20,FK,3,47,Plantago_patagonica,PLPA,,,
KW,6/29/20,FK,3,47,Sphaeralcea_coccinea,SPCO,0.5,0.5,
KW,6/29/20,FK,3,47,Taraxacum_officinale,TAOF,,,
KW,6/29/20,FK,3,47,Tragopogon_dubius,TRDU,0.5,0.5,
KW,6/29/20,FK,3,47,Lepidium_densiflorum,LEDE,,,
KW,6/29/20,FK,3,47,Hedeoma_hispida,HEHI,0.5,0.5,
KW,6/29/20,FK,3,47,Estimated_total,,53,25,
KW,6/29/20,FK,3,47,Added_total,,57.5,28,
KW,6/29/20,FK,3,47,Lichen,,0.5,0.5,
KW,6/29/20,FK,3,47,Moss,,,,
KW,6/29/20,FK,3,47,Bareground,,0.5,0.5,
KW,6/29/20,FK,3,47,Litter,,45,73,
KW,6/29/20,FK,3,47,Rock,,,,
KW,6/29/20,FK,3,47,Dung,,0.5,1,
KW,6/29/20,FK,3,48,Bouteloua_gracilis,BOGR,0.5,0.5,
KW,6/29/20,FK,3,48,Bouteloua_dactyloides,BODA,,,
KW,6/29/20,FK,3,48,Bromus_arvensis,BRAR,50,20,
KW,6/29/20,FK,3,48,Bromus_tectorum,BRTE,,,
KW,6/29/20,FK,3,48,Hesperostipa_comata,HECO,18,12,
KW,6/29/20,FK,3,48,Koeleria_macrantha,KOMA,1,0.5,
KW,6/29/20,FK,3,48,Pascopyrum_smithii,PASM,0.5,0.5,
KW,6/29/20,FK,3,48,Poa_secunda,POSE,0.5,0.5,
KW,6/29/20,FK,3,48,Vulpia_octoflora,VUOC,,,
KW,6/29/20,FK,3,48,Sporobolus_cryptandrus,SPCR,,,
KW,6/29/20,FK,3,48,Oenothera_suffrutescens,OESU,1,0.5,
KW,6/29/20,FK,3,48,flat_spikelet_panicle_KW_pic_unknown,,,,
KW,6/29/20,FK,3,48,Carex_filifolia,CAFI,4,3,
KW,6/29/20,FK,3,48,Coryphanthus_vivipara,COVI,,,
KW,6/29/20,FK,3,48,Carex_duriuscula,CADU,,,
KW,6/29/20,FK,3,48,Artemisia_dracunculus,ARDR,,,
KW,6/29/20,FK,3,48,Artemisia_frigida,ARFR,,,
KW,6/29/20,FK,3,48,Linum_rigidum,LIRI,,,
KW,6/29/20,FK,3,48,Logfia_arvensis,LOAR,1,0.5,
KW,6/29/20,FK,3,48,Opuntia_polycantha,OPPO,,,
KW,6/29/20,FK,3,48,Plantago_patagonica,PLPA,,,
KW,6/29/20,FK,3,48,Sphaeralcea_coccinea,SPCO,3,0.5,
KW,6/29/20,FK,3,48,Taraxacum_officinale,TAOF,,,
KW,6/29/20,FK,3,48,Tragopogon_dubius,TRDU,1,0.5,
KW,6/29/20,FK,3,48,Lepidium_densiflorum,LEDE,,,
KW,6/29/20,FK,3,48,Hedeoma_hispida,HEHI,0.5,0.5,
KW,6/29/20,FK,3,48,Estimated_total,,75,40,
KW,6/29/20,FK,3,48,Added_total,,81,39.5,
KW,6/29/20,FK,3,48,Lichen,,,,
KW,6/29/20,FK,3,48,Moss,,,,
KW,6/29/20,FK,3,48,Bareground,,0.5,0.5,
KW,6/29/20,FK,3,48,Litter,,24,59,
KW,6/29/20,FK,3,48,Rock,,,,
KW,6/29/20,FK,3,48,Dung,,0.5,0.5,
KW,6/29/20,FK,3,44,Bouteloua_gracilis,BOGR,1,0.5,
KW,6/29/20,FK,3,44,Bouteloua_dactyloides,BODA,,,
KW,6/29/20,FK,3,44,Bromus_arvensis,BRAR,35,18,
KW,6/29/20,FK,3,44,Bromus_tectorum,BRTE,,,
KW,6/29/20,FK,3,44,Hesperostipa_comata,HECO,8,3,
KW,6/29/20,FK,3,44,Koeleria_macrantha,KOMA,,,
KW,6/29/20,FK,3,44,Pascopyrum_smithii,PASM,1,0.5,
KW,6/29/20,FK,3,44,Poa_secunda,POSE,,,
KW,6/29/20,FK,3,44,Vulpia_octoflora,VUOC,,,
KW,6/29/20,FK,3,44,Sporobolus_cryptandrus,SPCR,,,
KW,6/29/20,FK,3,44,Oenothera_suffrutescens,OESU,,,
KW,6/29/20,FK,3,44,flat_spikelet_panicle_KW_pic_unknown,,2,0.5,
KW,6/29/20,FK,3,44,Carex_filifolia,CAFI,1,0.5,
KW,6/29/20,FK,3,44,Coryphanthus_vivipara,COVI,,,
KW,6/29/20,FK,3,44,Carex_duriuscula,CADU,3,1,
KW,6/29/20,FK,3,44,Artemisia_dracunculus,ARDR,,,
KW,6/29/20,FK,3,44,Artemisia_frigida,ARFR,,,
KW,6/29/20,FK,3,44,Linum_rigidum,LIRI,,,
KW,6/29/20,FK,3,44,Logfia_arvensis,LOAR,1,0.5,
KW,6/29/20,FK,3,44,Opuntia_polycantha,OPPO,,,
KW,6/29/20,FK,3,44,Plantago_patagonica,PLPA,0.5,0.5,
KW,6/29/20,FK,3,44,Sphaeralcea_coccinea,SPCO,4,1,
KW,6/29/20,FK,3,44,Taraxacum_officinale,TAOF,,,
KW,6/29/20,FK,3,44,Tragopogon_dubius,TRDU,12,4,
KW,6/29/20,FK,3,44,Lepidium_densiflorum,LEDE,,,
KW,6/29/20,FK,3,44,Hedeoma_hispida,HEHI,,,
KW,6/29/20,FK,3,44,Estimated_total,,65,30,
KW,6/29/20,FK,3,44,Added_total,,68.5,30,
KW,6/29/20,FK,3,44,Lichen,,,,
KW,6/29/20,FK,3,44,Moss,,0.5,0.5,
KW,6/29/20,FK,3,44,Bareground,,0.5,0.5,
KW,6/29/20,FK,3,44,Litter,,34,69,
KW,6/29/20,FK,3,44,Rock,,,,
KW,6/29/20,FK,3,44,Dung,,,,
AD/KW,6/29/20,FK,3,49,Bouteloua_gracilis,BOGR,0.5,0.5,
AD/KW,6/29/20,FK,3,49,Bouteloua_dactyloides,BODA,,,
AD/KW,6/29/20,FK,3,49,Bromus_arvensis,BRAR,40,18,
AD/KW,6/29/20,FK,3,49,Bromus_tectorum,BRTE,15,8,
AD/KW,6/29/20,FK,3,49,Hesperostipa_comata,HECO,5,3,
AD/KW,6/29/20,FK,3,49,Koeleria_macrantha,KOMA,3,2,
AD/KW,6/29/20,FK,3,49,Pascopyrum_smithii,PASM,2,0.5,
AD/KW,6/29/20,FK,3,49,Poa_secunda,POSE,2,0.5,
AD/KW,6/29/20,FK,3,49,Vulpia_octoflora,VUOC,0.5,0.5,
AD/KW,6/29/20,FK,3,49,Carex_filifolia,CAFI,10,8,
AD/KW,6/29/20,FK,3,49,Carex_duriuscula,CADU,1,0.5,
AD/KW,6/29/20,FK,3,49,Artemisia_dracunculus,ARDR,3,1,
AD/KW,6/29/20,FK,3,49,Artemisia_frigida,ARFR,,,
AD/KW,6/29/20,FK,3,49,Linum_rigidum,LIRI,,,
AD/KW,6/29/20,FK,3,49,Logfia_arvensis,LOAR,2,0.5,
AD/KW,6/29/20,FK,3,49,Opuntia_polycantha,OPPO,,,
AD/KW,6/29/20,FK,3,49,Plantago_patagonica,PLPA,,,
AD/KW,6/29/20,FK,3,49,Sphaeralcea_coccinea,SPCO,3,0.5,
AD/KW,6/29/20,FK,3,49,Taraxacum_officinale,TAOF,,,
AD/KW,6/29/20,FK,3,49,Tragopogon_dubius,TRDU,2,0.5,
AD/KW,6/29/20,FK,3,49,Hedeoma_hispida,HEHI,0.5,0.5,
AD/KW,6/29/20,FK,3,49,Estimated_total,,85,45,
AD/KW,6/29/20,FK,3,49,Added_total,,89.5,44.5,
AD/KW,6/29/20,FK,3,49,Lichen,,1,2,
AD/KW,6/29/20,FK,3,49,Moss,,0.5,1,
AD/KW,6/29/20,FK,3,49,Bareground,,1,0,
AD/KW,6/29/20,FK,3,49,Litter,,10,49,
AD/KW,6/29/20,FK,3,49,Dung,,2,3,
AD/KW,6/29/20,FK,3,49,Rock,,,,
AD/KW,6/29/20,FK,3,49,Mushroom,,,,
AD/KW,6/29/20,FK,3,49,Lepidium_densiflorum,LEDE,,,
AD/KW,6/29/20,FK,3,49,Lactuca_serriola,LASE,,,
AD/KW,6/29/20,FK,3,49,Liatris_punctata,LIPU,,,
AD/KW,6/29/20,FK,3,49,basal_rosette_2020_KW_pic_unknown,,,,
AD/KW,6/29/20,FK,3,49,Conyza_canadensis,COCA,,,
AD/KW,6/29/20,FK,3,37,Bouteloua_gracilis,BOGR,,,
AD/KW,6/29/20,FK,3,37,Bouteloua_dactyloides,BODA,,,
AD/KW,6/29/20,FK,3,37,Bromus_arvensis,BRAR,60,25,
AD/KW,6/29/20,FK,3,37,Bromus_tectorum,BRTE,7,3,
AD/KW,6/29/20,FK,3,37,Hesperostipa_comata,HECO,7,4,
AD/KW,6/29/20,FK,3,37,Koeleria_macrantha,KOMA,2,0.5,
AD/KW,6/29/20,FK,3,37,Pascopyrum_smithii,PASM,0.5,0.5,
AD/KW,6/29/20,FK,3,37,Poa_secunda,POSE,2,0.5,
AD/KW,6/29/20,FK,3,37,Vulpia_octoflora,VUOC,0.5,0.5,
AD/KW,6/29/20,FK,3,37,Carex_filifolia,CAFI,4,3,
AD/KW,6/29/20,FK,3,37,Carex_duriuscula,CADU,1,0.5,
AD/KW,6/29/20,FK,3,37,Artemisia_dracunculus,ARDR,,,
AD/KW,6/29/20,FK,3,37,Artemisia_frigida,ARFR,,,
AD/KW,6/29/20,FK,3,37,Linum_rigidum,LIRI,,,
AD/KW,6/29/20,FK,3,37,Logfia_arvensis,LOAR,0.5,0.5,
AD/KW,6/29/20,FK,3,37,Opuntia_polycantha,OPPO,,,
AD/KW,6/29/20,FK,3,37,Plantago_patagonica,PLPA,,,
AD/KW,6/29/20,FK,3,37,Sphaeralcea_coccinea,SPCO,2,0.5,
AD/KW,6/29/20,FK,3,37,Taraxacum_officinale,TAOF,,,
AD/KW,6/29/20,FK,3,37,Tragopogon_dubius,TRDU,2,0.5,
AD/KW,6/29/20,FK,3,37,Hedeoma_hispida,HEHI,0.5,0.5,
AD/KW,6/29/20,FK,3,37,Estimated_total,,85,45,
AD/KW,6/29/20,FK,3,37,Added_total,,89.5,40,
AD/KW,6/29/20,FK,3,37,Lichen,,,,
AD/KW,6/29/20,FK,3,37,Moss,,0.5,0.5,
AD/KW,6/29/20,FK,3,37,Bareground,,0.5,1,
AD/KW,6/29/20,FK,3,37,Litter,,13,52.5,
AD/KW,6/29/20,FK,3,37,Dung,,0.5,1,
AD/KW,6/29/20,FK,3,37,Rock,,,,
AD/KW,6/29/20,FK,3,37,Mushroom,,,,
AD/KW,6/29/20,FK,3,37,Lepidium_densiflorum,LEDE,0.5,0.5,
AD/KW,6/29/20,FK,3,37,Lactuca_serriola,LASE,,,
AD/KW,6/29/20,FK,3,37,Liatris_punctata,LIPU,,,
AD/KW,6/29/20,FK,3,37,basal_rosette_2020_KW_pic_unknown,,,,
AD/KW,6/29/20,FK,3,37,Conyza_canadensis,COCA,,,
AD/KW,6/29/20,FK,3,39,Bouteloua_gracilis,BOGR,0.5,0.5,
AD/KW,6/29/20,FK,3,39,Bouteloua_dactyloides,BODA,,,
AD/KW,6/29/20,FK,3,39,Bromus_arvensis,BRAR,25,10,
AD/KW,6/29/20,FK,3,39,Bromus_tectorum,BRTE,,,
AD/KW,6/29/20,FK,3,39,Hesperostipa_comata,HECO,10,6,
AD/KW,6/29/20,FK,3,39,Koeleria_macrantha,KOMA,2,1,
AD/KW,6/29/20,FK,3,39,Pascopyrum_smithii,PASM,,,
AD/KW,6/29/20,FK,3,39,Poa_secunda,POSE,1,0.5,
AD/KW,6/29/20,FK,3,39,Vulpia_octoflora,VUOC,0.5,0.5,
AD/KW,6/29/20,FK,3,39,Carex_filifolia,CAFI,12,10,
AD/KW,6/29/20,FK,3,39,Carex_duriuscula,CADU,1,0.5,
AD/KW,6/29/20,FK,3,39,Artemisia_dracunculus,ARDR,,,
AD/KW,6/29/20,FK,3,39,Artemisia_frigida,ARFR,,,
AD/KW,6/29/20,FK,3,39,Linum_rigidum,LIRI,,,
AD/KW,6/29/20,FK,3,39,Logfia_arvensis,LOAR,4,1,
AD/KW,6/29/20,FK,3,39,Opuntia_polycantha,OPPO,,,
AD/KW,6/29/20,FK,3,39,Plantago_patagonica,PLPA,0.5,0.5,
AD/KW,6/29/20,FK,3,39,Sphaeralcea_coccinea,SPCO,2,0.5,
AD/KW,6/29/20,FK,3,39,Taraxacum_officinale,TAOF,,,
AD/KW,6/29/20,FK,3,39,Tragopogon_dubius,TRDU,6,2,
AD/KW,6/29/20,FK,3,39,Hedeoma_hispida,HEHI,0.5,0.5,
AD/KW,6/29/20,FK,3,39,Estimated_total,,60,35,
AD/KW,6/29/20,FK,3,39,Added_total,,67,36,
AD/KW,6/29/20,FK,3,39,Lichen,,1,2,
AD/KW,6/29/20,FK,3,39,Moss,,,,
AD/KW,6/29/20,FK,3,39,Bareground,,1,2,
AD/KW,6/29/20,FK,3,39,Litter,,36,58,
AD/KW,6/29/20,FK,3,39,Dung,,2,3,
AD/KW,6/29/20,FK,3,39,Rock,,,,
AD/KW,6/29/20,FK,3,39,Mushroom,,,,
AD/KW,6/29/20,FK,3,39,Lepidium_densiflorum,LEDE,0.5,0.5,
AD/KW,6/29/20,FK,3,39,Lactuca_serriola,LASE,0.5,0.5,
AD/KW,6/29/20,FK,3,39,Liatris_punctata,LIPU,0.5,0.5,
AD/KW,6/29/20,FK,3,39,basal_rosette_2020_KW_pic_unknown,,0.5,0.5,
AD/KW,6/29/20,FK,3,39,Conyza_canadensis,COCA,0.5,0.5,
AD/KW,6/29/20,FK,3,45,Bouteloua_gracilis,BOGR,,,
AD/KW,6/29/20,FK,3,45,Bouteloua_dactyloides,BODA,,,
AD/KW,6/29/20,FK,3,45,Bromus_arvensis,BRAR,25,10,
AD/KW,6/29/20,FK,3,45,Bromus_tectorum,BRTE,55,30,
AD/KW,6/29/20,FK,3,45,Hesperostipa_comata,HECO,3,1,
AD/KW,6/29/20,FK,3,45,Koeleria_macrantha,KOMA,,,
AD/KW,6/29/20,FK,3,45,Pascopyrum_smithii,PASM,1,0.5,
AD/KW,6/29/20,FK,3,45,Poa_secunda,POSE,1,0.5,
AD/KW,6/29/20,FK,3,45,Vulpia_octoflora,VUOC,,,
AD/KW,6/29/20,FK,3,45,Carex_filifolia,CAFI,3,2,
AD/KW,6/29/20,FK,3,45,Carex_duriuscula,CADU,,,
AD/KW,6/29/20,FK,3,45,Artemisia_dracunculus,ARDR,2,1,
AD/KW,6/29/20,FK,3,45,Artemisia_frigida,ARFR,,,
AD/KW,6/29/20,FK,3,45,Linum_rigidum,LIRI,,,
AD/KW,6/29/20,FK,3,45,Logfia_arvensis,LOAR,0.5,0.5,
AD/KW,6/29/20,FK,3,45,Opuntia_polycantha,OPPO,,,
AD/KW,6/29/20,FK,3,45,Plantago_patagonica,PLPA,0.5,0.5,
AD/KW,6/29/20,FK,3,45,Sphaeralcea_coccinea,SPCO,2,0.5,
AD/KW,6/29/20,FK,3,45,Taraxacum_officinale,TAOF,,,
AD/KW,6/29/20,FK,3,45,Tragopogon_dubius,TRDU,2,0.5,
AD/KW,6/29/20,FK,3,45,Hedeoma_hispida,HEHI,,,
AD/KW,6/29/20,FK,3,45,Estimated_total,,85,50,
AD/KW,6/29/20,FK,3,45,Added_total,,95.5,47.5,
AD/KW,6/29/20,FK,3,45,Lichen,,,,
AD/KW,6/29/20,FK,3,45,Moss,,,,
AD/KW,6/29/20,FK,3,45,Bareground,,0,0.5,
AD/KW,6/29/20,FK,3,45,Litter,,15,49.5,
AD/KW,6/29/20,FK,3,45,Dung,,,,
AD/KW,6/29/20,FK,3,45,Rock,,,,
AD/KW,6/29/20,FK,3,45,Mushroom,,,,
AD/KW,6/29/20,FK,3,45,Lepidium_densiflorum,LEDE,,,
AD/KW,6/29/20,FK,3,45,Lactuca_serriola,LASE,,,
AD/KW,6/29/20,FK,3,45,Liatris_punctata,LIPU,,,
AD/KW,6/29/20,FK,3,45,basal_rosette_2020_KW_pic_unknown,,,,
AD/KW,6/29/20,FK,3,45,Conyza_canadensis,COCA,0.5,0.5,
KW/SC/AD,6/29/20,FK,3,52,Bouteloua_gracilis,BOGR,2,0.5,
KW/SC/AD,6/29/20,FK,3,52,Bouteloua_dactyloides,BODA,,,
KW/SC/AD,6/29/20,FK,3,52,Bromus_arvensis,BRAR,35,15,
KW/SC/AD,6/29/20,FK,3,52,Bromus_tectorum,BRTE,,,
KW/SC/AD,6/29/20,FK,3,52,Hesperostipa_comata,HECO,22,14,
KW/SC/AD,6/29/20,FK,3,52,Koeleria_macrantha,KOMA,3,2,
KW/SC/AD,6/29/20,FK,3,52,Pascopyrum_smithii,PASM,2,0.5,
KW/SC/AD,6/29/20,FK,3,52,Poa_secunda,POSE,2,0.5,
KW/SC/AD,6/29/20,FK,3,52,Vulpia_octoflora,VUOC,,,
KW/SC/AD,6/29/20,FK,3,52,Carex_filifolia,CAFI,8,6,
KW/SC/AD,6/29/20,FK,3,52,Carex_duriuscula,CADU,2,0.5,
KW/SC/AD,6/29/20,FK,3,52,basal_rosette_2020_KW_pic_unknown,,,,
KW/SC/AD,6/29/20,FK,3,52,Artemisia_dracunculus,ARDR,,,
KW/SC/AD,6/29/20,FK,3,52,Artemisia_frigida,ARFR,,,
KW/SC/AD,6/29/20,FK,3,52,Linum_rigidum,LIRI,,,
KW/SC/AD,6/29/20,FK,3,52,Logfia_arvensis,LOAR,1,0.5,
KW/SC/AD,6/29/20,FK,3,52,Opuntia_polycantha,OPPO,,,
KW/SC/AD,6/29/20,FK,3,52,Plantago_patagonica,PLPA,0.5,0.5,
KW/SC/AD,6/29/20,FK,3,52,Sphaeralcea_coccinea,SPCO,,,
KW/SC/AD,6/29/20,FK,3,52,Taraxacum_officinale,TAOF,,,
KW/SC/AD,6/29/20,FK,3,52,Tragopogon_dubius,TRDU,4,1,
KW/SC/AD,6/29/20,FK,3,52,Estimated_total,,70,40,
KW/SC/AD,6/29/20,FK,3,52,Added_total,,81.5,41,
KW/SC/AD,6/29/20,FK,3,52,Lichen,,1,3,
KW/SC/AD,6/29/20,FK,3,52,Moss,,0.5,0.5,
KW/SC/AD,6/29/20,FK,3,52,Bareground,,1,1,
KW/SC/AD,6/29/20,FK,3,52,Litter,,25,53,
KW/SC/AD,6/29/20,FK,3,52,Rock,,,,
KW/SC/AD,6/29/20,FK,3,52,Dung,,2,2,
KW/SC/AD,6/29/20,FK,3,52,Coryphanthus_vivipara,COVI,,,
KW/SC/AD,6/29/20,FK,3,52,Hedeoma_hispida,HEHI,,,
KW/SC/AD,6/29/20,FK,3,54,Bouteloua_gracilis,BOGR,2,1,
KW/SC/AD,6/29/20,FK,3,54,Bouteloua_dactyloides,BODA,,,
KW/SC/AD,6/29/20,FK,3,54,Bromus_arvensis,BRAR,20,8,
KW/SC/AD,6/29/20,FK,3,54,Bromus_tectorum,BRTE,,,
KW/SC/AD,6/29/20,FK,3,54,Hesperostipa_comata,HECO,18,9,
KW/SC/AD,6/29/20,FK,3,54,Koeleria_macrantha,KOMA,3,1,
KW/SC/AD,6/29/20,FK,3,54,Pascopyrum_smithii,PASM,1,0.5,
KW/SC/AD,6/29/20,FK,3,54,Poa_secunda,POSE,0.5,0.5,
KW/SC/AD,6/29/20,FK,3,54,Vulpia_octoflora,VUOC,0.5,0.5,
KW/SC/AD,6/29/20,FK,3,54,Carex_filifolia,CAFI,8,6,
KW/SC/AD,6/29/20,FK,3,54,Carex_duriuscula,CADU,2,0.5,
KW/SC/AD,6/29/20,FK,3,54,basal_rosette_2020_KW_pic_unknown,,,,
KW/SC/AD,6/29/20,FK,3,54,Artemisia_dracunculus,ARDR,,,
KW/SC/AD,6/29/20,FK,3,54,Artemisia_frigida,ARFR,0.5,0.5,
KW/SC/AD,6/29/20,FK,3,54,Linum_rigidum,LIRI,0.5,0.5,
KW/SC/AD,6/29/20,FK,3,54,Logfia_arvensis,LOAR,3,1,
KW/SC/AD,6/29/20,FK,3,54,Opuntia_polycantha,OPPO,,,
KW/SC/AD,6/29/20,FK,3,54,Plantago_patagonica,PLPA,0.5,0.5,
KW/SC/AD,6/29/20,FK,3,54,Sphaeralcea_coccinea,SPCO,0.5,0.5,
KW/SC/AD,6/29/20,FK,3,54,Taraxacum_officinale,TAOF,,,
KW/SC/AD,6/29/20,FK,3,54,Tragopogon_dubius,TRDU,0.5,0.5,
KW/SC/AD,6/29/20,FK,3,54,Estimated_total,,55,30,
KW/SC/AD,6/29/20,FK,3,54,Added_total,,61.5,31.5,
KW/SC/AD,6/29/20,FK,3,54,Lichen,,0.5,0.5,
KW/SC/AD,6/29/20,FK,3,54,Moss,,0.5,0.5,
KW/SC/AD,6/29/20,FK,3,54,Bareground,,2,3,
KW/SC/AD,6/29/20,FK,3,54,Litter,,42,66,
KW/SC/AD,6/29/20,FK,3,54,Rock,,,,
KW/SC/AD,6/29/20,FK,3,54,Dung,,,,
KW/SC/AD,6/29/20,FK,3,54,Coryphanthus_vivipara,COVI,0.5,0.5,
KW/SC/AD,6/29/20,FK,3,54,Hedeoma_hispida,HEHI,0.5,0.5,
KW/SC/AD,6/29/20,FK,3,53,Bouteloua_gracilis,BOGR,1,0.5,
KW/SC/AD,6/29/20,FK,3,53,Bouteloua_dactyloides,BODA,,,
KW/SC/AD,6/29/20,FK,3,53,Bromus_arvensis,BRAR,32,12,
KW/SC/AD,6/29/20,FK,3,53,Bromus_tectorum,BRTE,,,
KW/SC/AD,6/29/20,FK,3,53,Hesperostipa_comata,HECO,6,4,
KW/SC/AD,6/29/20,FK,3,53,Koeleria_macrantha,KOMA,7,3,
KW/SC/AD,6/29/20,FK,3,53,Pascopyrum_smithii,PASM,4,1,
KW/SC/AD,6/29/20,FK,3,53,Poa_secunda,POSE,0.5,0.5,
KW/SC/AD,6/29/20,FK,3,53,Vulpia_octoflora,VUOC,0.5,0.5,
KW/SC/AD,6/29/20,FK,3,53,Carex_filifolia,CAFI,8,5,
KW/SC/AD,6/29/20,FK,3,53,Carex_duriuscula,CADU,5,2,
KW/SC/AD,6/29/20,FK,3,53,basal_rosette_2020_KW_pic_unknown,,0.5,0.5,
KW/SC/AD,6/29/20,FK,3,53,Artemisia_dracunculus,ARDR,0.5,0.5,
KW/SC/AD,6/29/20,FK,3,53,Artemisia_frigida,ARFR,,,
KW/SC/AD,6/29/20,FK,3,53,Linum_rigidum,LIRI,,,
KW/SC/AD,6/29/20,FK,3,53,Logfia_arvensis,LOAR,3,1,
KW/SC/AD,6/29/20,FK,3,53,Opuntia_polycantha,OPPO,,,
KW/SC/AD,6/29/20,FK,3,53,Plantago_patagonica,PLPA,0.5,0.5,
KW/SC/AD,6/29/20,FK,3,53,Sphaeralcea_coccinea,SPCO,,,
KW/SC/AD,6/29/20,FK,3,53,Taraxacum_officinale,TAOF,,,
KW/SC/AD,6/29/20,FK,3,53,Tragopogon_dubius,TRDU,2,0.5,
KW/SC/AD,6/29/20,FK,3,53,Estimated_total,,65,30,
KW/SC/AD,6/29/20,FK,3,53,Added_total,,71,32,
KW/SC/AD,6/29/20,FK,3,53,Lichen,,1,2,
KW/SC/AD,6/29/20,FK,3,53,Moss,,0.5,0.5,
KW/SC/AD,6/29/20,FK,3,53,Bareground,,2,3,
KW/SC/AD,6/29/20,FK,3,53,Litter,,30,64,
KW/SC/AD,6/29/20,FK,3,53,Rock,,,,
KW/SC/AD,6/29/20,FK,3,53,Dung,,1,1,
KW/SC/AD,6/29/20,FK,3,53,Coryphanthus_vivipara,COVI,,,
KW/SC/AD,6/29/20,FK,3,53,Hedeoma_hispida,HEHI,0.5,0.5,
KW/SC/AD,6/29/20,FK,3,41,Bouteloua_gracilis,BOGR,3,2,
KW/SC/AD,6/29/20,FK,3,41,Bouteloua_dactyloides,BODA,,,
KW/SC/AD,6/29/20,FK,3,41,Bromus_arvensis,BRAR,19,9,
KW/SC/AD,6/29/20,FK,3,41,Bromus_tectorum,BRTE,,,
KW/SC/AD,6/29/20,FK,3,41,Hesperostipa_comata,HECO,6,4,
KW/SC/AD,6/29/20,FK,3,41,Koeleria_macrantha,KOMA,20,9,
KW/SC/AD,6/29/20,FK,3,41,Pascopyrum_smithii,PASM,0.5,0.5,
KW/SC/AD,6/29/20,FK,3,41,Poa_secunda,POSE,1,0.5,
KW/SC/AD,6/29/20,FK,3,41,Vulpia_octoflora,VUOC,0.5,0.5,
KW/SC/AD,6/29/20,FK,3,41,Carex_filifolia,CAFI,12,10,
KW/SC/AD,6/29/20,FK,3,41,Carex_duriuscula,CADU,,,
KW/SC/AD,6/29/20,FK,3,41,basal_rosette_2020_KW_pic_unknown,,,,
KW/SC/AD,6/29/20,FK,3,41,Artemisia_dracunculus,ARDR,0.5,0.5,
KW/SC/AD,6/29/20,FK,3,41,Artemisia_frigida,ARFR,0.5,0.5,
KW/SC/AD,6/29/20,FK,3,41,Linum_rigidum,LIRI,,,
KW/SC/AD,6/29/20,FK,3,41,Logfia_arvensis,LOAR,2,0.5,
KW/SC/AD,6/29/20,FK,3,41,Opuntia_polycantha,OPPO,,,
KW/SC/AD,6/29/20,FK,3,41,Plantago_patagonica,PLPA,0.5,0.5,
KW/SC/AD,6/29/20,FK,3,41,Sphaeralcea_coccinea,SPCO,2,0.5,
KW/SC/AD,6/29/20,FK,3,41,Taraxacum_officinale,TAOF,,,
KW/SC/AD,6/29/20,FK,3,41,Tragopogon_dubius,TRDU,2,0.5,
KW/SC/AD,6/29/20,FK,3,41,Estimated_total,,65,40,
KW/SC/AD,6/29/20,FK,3,41,Added_total,,71,39,
KW/SC/AD,6/29/20,FK,3,41,Lichen,,0.5,0.5,
KW/SC/AD,6/29/20,FK,3,41,Moss,,0.5,0.5,
KW/SC/AD,6/29/20,FK,3,41,Bareground,,1,4,
KW/SC/AD,6/29/20,FK,3,41,Litter,,23,55,
KW/SC/AD,6/29/20,FK,3,41,Rock,,,,
KW/SC/AD,6/29/20,FK,3,41,Dung,,,,
KW/SC/AD,6/29/20,FK,3,41,Coryphanthus_vivipara,COVI,,,
KW/SC/AD,6/29/20,FK,3,41,Hedeoma_hispida,HEHI,0.5,0.5,
AD,7/1/20,FK,1,16,Bouteloua_gracilis,BOGR,1,0.5,
AD,7/1/20,FK,1,16,Bouteloua_dactyloides,BODA,,,
AD,7/1/20,FK,1,16,Bromus_arvensis,BRAR,28,11,
AD,7/1/20,FK,1,16,Bromus_tectorum,BRTE,25,8,
AD,7/1/20,FK,1,16,Hesperostipa_comata,HECO,5,1,
AD,7/1/20,FK,1,16,Koeleria_macrantha,KOMA,,,
AD,7/1/20,FK,1,16,Pascopyrum_smithii,PASM,1,0.5,
AD,7/1/20,FK,1,16,Poa_secunda,POSE,,,
AD,7/1/20,FK,1,16,Vulpia_octoflora,VUOC,0.5,0.5,
AD,7/1/20,FK,1,16,Antennaria_KW_pic_unknown,,0.5,0.5,
AD,7/1/20,FK,1,16,Lithospermum_KW_pic_unknown,,0.5,0.5,
AD,7/1/20,FK,1,16,Carex_filifolia,CAFI,,,
AD,7/1/20,FK,1,16,Carex_duriuscula,CADU,6,4,
AD,7/1/20,FK,1,16,Artemisia_dracunculus,ARDR,,,
AD,7/1/20,FK,1,16,Artemisia_frigida,ARFR,7,4,
AD,7/1/20,FK,1,16,Linum_rigidum,LIRI,,,
AD,7/1/20,FK,1,16,Logfia_arvensis,LOAR,0.5,0.5,
AD,7/1/20,FK,1,16,Opuntia_polycantha,OPPO,,,
AD,7/1/20,FK,1,16,Plantago_patagonica,PLPA,0.5,0.5,
AD,7/1/20,FK,1,16,Sphaeralcea_coccinea,SPCO,3,0.5,
AD,7/1/20,FK,1,16,Taraxacum_officinale,TAOF,,,
AD,7/1/20,FK,1,16,Tragopogon_dubius,TRDU,8,1,
AD,7/1/20,FK,1,16,Estimated_total,,75,25,
AD,7/1/20,FK,1,16,Added_total,,86,33,
AD,7/1/20,FK,1,16,Lichen,,0.5,0.5,
AD,7/1/20,FK,1,16,Moss,,0.5,0.5,
AD,7/1/20,FK,1,16,Bareground,,2,2,
AD,7/1/20,FK,1,16,Litter,,21,72,
AD,7/1/20,FK,1,16,Dung,,0.5,0.5,
AD,7/1/20,FK,1,16,Rock,,,,
AD,7/1/20,FK,1,16,Mushroom,,,,