Personnel,Date,Year,Site,Block,Paddock,Plot,Drought,Grazing,PlotID,Soil Moisture,SM again,Same?,TemperatureC,Temp again,Same?,Hi-Clay mode moisture,,,Notes
"Spencer Good, Jill Baty",4/19/19,2019,TB,1,2,3,1,HHMMM,3,16.0,16,T,28.6,28.6,T,,,,
"Spencer Good, Jill Baty",4/19/19,2019,TB,1,2,4,2,HHMMM,4,20.1,20.1,T,28.5,28.5,T,,,,
"Spencer Good, Jill Baty",4/19/19,2019,TB,1,3,7,2,MLLMM,7,25.4,25.4,T,29.2,29.2,T,,,,
"Spencer Good, Jill Baty",4/19/19,2019,TB,1,3,9,1,MLLMM,9,23.3,23.3,T,29,29,T,,,,
"Spencer Good, Jill Baty",4/19/19,2019,TB,1,1,15,2,MMMMM,15,28.1,28.1,T,28.4,28.4,T,,,,
"Spencer Good, Jill Baty",4/19/19,2019,TB,1,1,17,1,MMMMM,17,24.5,24.5,T,28.4,28.4,T,,,,
"Spencer Good, Jill Baty",4/19/19,2019,TB,2,2,20,2,HHMMM,20,25.2,25.2,T,28.3,28.3,T,,,,
"Spencer Good, Jill Baty",4/19/19,2019,TB,2,2,23,1,HHMMM,23,27.8,27.8,T,28.3,28.3,T,,,,
"Spencer Good, Jill Baty",4/19/19,2019,TB,2,1,25,1,MMMMM,25,27.5,27.5,T,28.8,28.8,T,,,,
"Spencer Good, Jill Baty",4/19/19,2019,TB,2,1,29,2,MMMMM,29,21.8,21.8,T,28.6,28.6,T,,,,
"Spencer Good, Jill Baty",4/19/19,2019,TB,2,3,34,1,MLLMM,34,29.2,29.2,T,28.2,28.2,T,,,,
"Spencer Good, Jill Baty",4/19/19,2019,TB,2,3,36,2,MLLMM,36,26.9,26.9,T,28,28,T,,,,
"Spencer Good, Jill Baty",4/19/19,2019,TB,3,3,39,1,MLLMM,39,28.6,28.6,T,32.9,32.9,T,,,,
"Spencer Good, Jill Baty",4/19/19,2019,TB,3,3,41,2,MLLMM,41,40.6,40.6,T,32.3,32.3,T,,,,
"Spencer Good, Jill Baty",4/19/19,2019,TB,3,2,43,1,HHMMM,43,33.5,33.5,T,31.6,31.6,T,,,,
"Spencer Good, Jill Baty",4/19/19,2019,TB,3,2,48,2,HHMMM,48,34.2,34.2,T,30.5,30.5,T,,,,
"Spencer Good, Jill Baty",4/19/19,2019,TB,3,1,52,1,MMMMM,52,35.2,35.2,T,30.3,30.3,T,,,,
"Spencer Good, Jill Baty",4/19/19,2019,TB,3,1,53,2,MMMMM,53,35.6,35.6,T,30.2,30.2,T,,,,
Spencer Good,5/2/19,2019,TB,1,2,3,1,HHMMM,3,14.8,14.8,T,17,17,T,,,,
Spencer Good,5/2/19,2019,TB,1,2,4,2,HHMMM,4,22.5,22.5,T,16.8,16.8,T,,,,
Spencer Good,5/2/19,2019,TB,1,3,7,2,MLLMM,7,27.6,27.6,T,14.4,14.4,T,,,,
Spencer Good,5/2/19,2019,TB,1,3,9,1,MLLMM,9,24.9,24.9,T,14.6,14.6,T,,,,
Spencer Good,5/2/19,2019,TB,1,1,15,2,MMMMM,15,29.1,29.1,T,15,15,T,,,,
Spencer Good,5/2/19,2019,TB,1,1,17,1,MMMMM,17,27.0,27,T,15.2,15.2,T,,,,
Spencer Good,5/2/19,2019,TB,2,2,20,2,HHMMM,20,34.6,34.6,T,15,15,T,,,,
Spencer Good,5/2/19,2019,TB,2,2,23,1,HHMMM,23,36.7,36.7,T,15.5,15.5,T,,,,
Spencer Good,5/2/19,2019,TB,2,1,25,1,MMMMM,25,34.6,34.6,T,17.6,17.6,T,,,,
Spencer Good,5/2/19,2019,TB,2,1,29,2,MMMMM,29,24.8,24.8,T,17.2,17.2,T,,,,
Spencer Good,5/2/19,2019,TB,2,3,34,1,MLLMM,34,33.1,33.1,T,15.2,15.2,T,,,,
Spencer Good,5/2/19,2019,TB,2,3,36,2,MLLMM,36,34.8,34.8,T,15.1,15.1,T,,,,
Spencer Good,5/2/19,2019,TB,3,3,39,1,MLLMM,39,40.4,40.4,T,15.3,15.3,T,,,,
Spencer Good,5/2/19,2019,TB,3,3,41,2,MLLMM,41,41.6,41.6,T,15.2,15.2,T,,,,
Spencer Good,5/2/19,2019,TB,3,2,43,1,HHMMM,43,36.3,36.3,T,15.6,15.6,T,,,,
Spencer Good,5/2/19,2019,TB,3,2,48,2,HHMMM,48,40.2,40.2,T,14.8,14.8,T,,,,
Spencer Good,5/2/19,2019,TB,3,1,52,1,MMMMM,52,47.9,47.9,T,15.1,15.1,T,,,,
Spencer Good,5/2/19,2019,TB,3,1,53,2,MMMMM,53,46.5,46.5,T,15.1,15.1,T,,,,
Jill Baty,5/19/19,2019,TB,1,2,3,1,HHMMM,3,16.4,16.4,T,8.8,8.8,T,,,,
Jill Baty,5/19/19,2019,TB,1,2,4,2,HHMMM,4,19.8,19.8,T,8.8,8.8,T,,,,
Jill Baty,5/19/19,2019,TB,1,3,7,2,MLLMM,7,20.5,20.5,T,11.7,11.7,T,,,,
Jill Baty,5/19/19,2019,TB,1,3,9,1,MLLMM,9,19.4,19.4,T,9,9,T,,,,
Jill Baty,5/19/19,2019,TB,1,1,15,2,MMMMM,15,21.3,21.3,T,10.3,10.3,T,,,,
Jill Baty,5/19/19,2019,TB,1,1,17,1,MMMMM,17,24.9,24.9,T,11.4,11.4,T,,,,
Jill Baty,5/19/19,2019,TB,2,2,20,2,HHMMM,20,24.2,24.2,T,11.8,11.8,T,,,,
Jill Baty,5/19/19,2019,TB,2,2,23,1,HHMMM,23,29.9,29.9,T,9.1,9.1,T,,,,
Jill Baty,5/19/19,2019,TB,2,1,25,1,MMMMM,25,34.4,34.4,T,9,9,T,,,,
Jill Baty,5/19/19,2019,TB,2,1,29,2,MMMMM,29,17.8,17.8,T,8.7,8.7,T,,,,
Jill Baty,5/19/19,2019,TB,2,3,34,1,MLLMM,34,36.5,36.5,T,8.8,8.8,T,,,,
Jill Baty,5/19/19,2019,TB,2,3,36,2,MLLMM,36,19.1,19.1,T,9.3,9.3,T,,,,
Jill Baty,5/19/19,2019,TB,3,3,39,1,MLLMM,39,31.2,31.2,T,11.3,11.3,T,,,,
Jill Baty,5/19/19,2019,TB,3,3,41,2,MLLMM,41,36.2,36.2,T,12.2,12.2,T,,,,
Jill Baty,5/19/19,2019,TB,3,2,43,1,HHMMM,43,38.1,38.1,T,12.9,12.9,T,,,,
Jill Baty,5/19/19,2019,TB,3,2,48,2,HHMMM,48,34.4,34.4,T,11.5,11.5,T,,,,
Jill Baty,5/19/19,2019,TB,3,1,52,1,MMMMM,52,40.6,40.6,T,9.1,9.1,T,,,,
Jill Baty,5/19/19,2019,TB,3,1,53,2,MMMMM,53,31.6,31.6,T,8.8,8.8,T,,,,
"Lauren Porensky, Carley Crosby, Alex L",6/3/19,2019,TB,1,2,3,1,HHMMM,3,20.9,20.9,T,32,32,T,,,,
"Lauren Porensky, Carley Crosby, Alex L",6/3/19,2019,TB,1,2,4,2,HHMMM,4,22.8,22.8,T,31.9,31.9,T,,,,
"Lauren Porensky, Carley Crosby, Alex L",6/3/19,2019,TB,1,3,7,2,MLLMM,7,28.8,28.8,T,26.9,26.9,T,,,,
"Lauren Porensky, Carley Crosby, Alex L",6/3/19,2019,TB,1,3,9,1,MLLMM,9,17.5,17.5,T,27.9,27.9,T,,,,
"Lauren Porensky, Carley Crosby, Alex L",6/3/19,2019,TB,1,1,15,2,MMMMM,15,21.1,21.1,T,35.2,35.2,T,,,,
"Lauren Porensky, Carley Crosby, Alex L",6/3/19,2019,TB,1,1,17,1,MMMMM,17,21.9,21.9,T,34.6,34.6,T,,,,
"Lauren Porensky, Carley Crosby, Alex L",6/3/19,2019,TB,2,2,20,2,HHMMM,20,31.9,31.9,T,28.6,28.6,T,,,,
"Lauren Porensky, Carley Crosby, Alex L",6/3/19,2019,TB,2,2,23,1,HHMMM,23,29.7,29.7,T,27.9,27.9,T,,,,
"Lauren Porensky, Carley Crosby, Alex L",6/3/19,2019,TB,2,1,25,1,MMMMM,25,31.4,31.4,T,30.7,30.7,T,,,,
"Lauren Porensky, Carley Crosby, Alex L",6/3/19,2019,TB,2,1,29,2,MMMMM,29,25.4,25.4,T,31.4,31.4,T,,,,
"Lauren Porensky, Carley Crosby, Alex L",6/3/19,2019,TB,2,3,34,1,MLLMM,34,29.4,29.4,T,29.7,29.7,T,,,,
"Lauren Porensky, Carley Crosby, Alex L",6/3/19,2019,TB,2,3,36,2,MLLMM,36,17.2,17.2,T,29,29,T,,,,
"Lauren Porensky, Carley Crosby, Alex L",6/3/19,2019,TB,3,3,39,1,MLLMM,39,33.9,33.9,T,32.3,32.3,T,,,,
"Lauren Porensky, Carley Crosby, Alex L",6/3/19,2019,TB,3,3,41,2,MLLMM,41,34.5,34.5,T,32.2,32.2,T,,,,
"Lauren Porensky, Carley Crosby, Alex L",6/3/19,2019,TB,3,2,43,1,HHMMM,43,35.7,35.7,T,30.1,30.1,T,,,,
"Lauren Porensky, Carley Crosby, Alex L",6/3/19,2019,TB,3,2,48,2,HHMMM,48,31.9,31.9,T,32.3,32.3,T,,,,
"Lauren Porensky, Carley Crosby, Alex L",6/3/19,2019,TB,3,1,52,1,MMMMM,52,35.4,35.4,T,30.2,30.2,T,,,,
"Lauren Porensky, Carley Crosby, Alex L",6/3/19,2019,TB,3,1,53,2,MMMMM,53,26.2,26.2,T,30.7,30.7,T,,,,
"Carley, Jill",6/14/19,2019,TB,1,2,3,1,HHMMM,3,10.2,10.2,T,21.8,21.8,T,,,,
"Carley, Jill",6/14/19,2019,TB,1,2,4,2,HHMMM,4,6.8,6.8,T,21.6,21.6,T,,,,
"Carley, Jill",6/14/19,2019,TB,1,3,7,2,MLLMM,7,10.3,10.3,T,19.7,19.7,T,,,,
"Carley, Jill",6/14/19,2019,TB,1,3,9,1,MLLMM,9,5.8,5.8,T,18.1,18.1,T,,,,
"Carley, Jill",6/14/19,2019,TB,1,1,15,2,MMMMM,15,4.5,4.5,T,18.2,18.2,T,,,,
"Carley, Jill",6/14/19,2019,TB,1,1,17,1,MMMMM,17,5.3,5.3,T,18.1,18.1,T,,,,
"Carley, Jill",6/14/19,2019,TB,2,2,20,2,HHMMM,20,5.4,5.4,T,18.8,18.8,T,,,,
"Carley, Jill",6/14/19,2019,TB,2,2,23,1,HHMMM,23,7.7,7.7,T,19.3,19.3,T,,,,
"Carley, Jill",6/14/19,2019,TB,2,1,25,1,MMMMM,25,20.9,20.9,T,20.4,20.4,T,,,,
"Carley, Jill",6/14/19,2019,TB,2,1,29,2,MMMMM,29,14.0,14,T,20.5,20.5,T,,,,
"Carley, Jill",6/14/19,2019,TB,2,3,34,1,MLLMM,34,11.8,11.8,T,18.6,18.6,T,,,,
"Carley, Jill",6/14/19,2019,TB,2,3,36,2,MLLMM,36,7.5,7.5,T,15.9,15.9,T,,,,
"Carley, Jill",6/14/19,2019,TB,3,3,39,1,MLLMM,39,22.6,22.6,T,30.4,30.4,T,,,,
"Carley, Jill",6/14/19,2019,TB,3,3,41,2,MLLMM,41,26.3,26.3,T,32.1,32.1,T,,,,
"Carley, Jill",6/14/19,2019,TB,3,2,43,1,HHMMM,43,19.6,19.6,T,32.3,32.3,T,,,,
"Carley, Jill",6/14/19,2019,TB,3,2,48,2,HHMMM,48,22.6,22.6,T,27.2,27.2,T,,,,
"Carley, Jill",6/14/19,2019,TB,3,1,52,1,MMMMM,52,21.8,21.8,T,26.7,26.7,T,,,,
"Carley, Jill",6/14/19,2019,TB,3,1,53,2,MMMMM,53,24.6,24.6,T,27.2,27.2,T,,,,
"Carley, Jill, Sally, Gracen, Staci",6/24/19,2019,TB,1,2,3,1,HHMMM,3,5.2,5.2,T,21.1,21.1,T,10.4,10.4,TRUE,
"Carley, Jill, Sally, Gracen, Staci",6/24/19,2019,TB,1,2,4,2,HHMMM,4,13.8,13.8,T,22.3,22.3,T,10.84,10.84,TRUE,
"Carley, Jill, Sally, Gracen, Staci",6/24/19,2019,TB,1,3,7,2,MLLMM,7,19.7,19.7,T,18.1,18.1,T,14.8,14.8,TRUE,
"Carley, Jill, Sally, Gracen, Staci",6/24/19,2019,TB,1,3,9,1,MLLMM,9,11.7,11.7,T,18.9,18.9,T,9.3,9.3,TRUE,
"Carley, Jill, Sally, Gracen, Staci",6/24/19,2019,TB,1,1,15,2,MMMMM,15,11.3,11.3,T,22.6,22.6,T,9.1,9.1,TRUE,
"Carley, Jill, Sally, Gracen, Staci",6/24/19,2019,TB,1,1,17,1,MMMMM,17,12.6,12.6,T,23.4,23.4,T,10,10,TRUE,
"Carley, Jill, Sally, Gracen, Staci",6/24/19,2019,TB,2,2,20,2,HHMMM,20,21.9,21.9,T,25.7,25.7,T,16.2,16.2,TRUE,
"Carley, Jill, Sally, Gracen, Staci",6/24/19,2019,TB,2,2,23,1,HHMMM,23,32.3,32.3,T,27,27,T,25,25,TRUE,
"Carley, Jill, Sally, Gracen, Staci",6/24/19,2019,TB,2,1,25,1,MMMMM,25,29.6,29.6,T,28.2,28.2,T,23.3,23.3,TRUE,
"Carley, Jill, Sally, Gracen, Staci",6/24/19,2019,TB,2,1,29,2,MMMMM,29,20.3,20.3,T,29.1,29.1,T,15.4,15.4,TRUE,
"Carley, Jill, Sally, Gracen, Staci",6/24/19,2019,TB,2,3,34,1,MLLMM,34,18.3,18.3,T,25.9,25.9,T,13.8,13.8,TRUE,
"Carley, Jill, Sally, Gracen, Staci",6/24/19,2019,TB,2,3,36,2,MLLMM,36,25.4,25.4,T,25.6,25.6,T,18.7,18.7,TRUE,
"Carley, Jill, Sally, Gracen, Staci",6/24/19,2019,TB,3,3,39,1,MLLMM,39,27.0,27,T,33.4,33.4,T,23.5,23.5,TRUE,
"Carley, Jill, Sally, Gracen, Staci",6/24/19,2019,TB,3,3,41,2,MLLMM,41,31.3,31.3,T,32,32,T,27.8,27.8,TRUE,
"Carley, Jill, Sally, Gracen, Staci",6/24/19,2019,TB,3,2,43,1,HHMMM,43,31.3,31.3,T,32,32,T,30.1,30.1,TRUE,
"Carley, Jill, Sally, Gracen, Staci",6/24/19,2019,TB,3,2,48,2,HHMMM,48,28.3,28.3,T,30.8,30.8,T,27.3,27.3,TRUE,
"Carley, Jill, Sally, Gracen, Staci",6/24/19,2019,TB,3,1,52,1,MMMMM,52,38.5,38.5,T,30.5,30.5,T,20.9,20.9,TRUE,
"Carley, Jill, Sally, Gracen, Staci",6/24/19,2019,TB,3,1,53,2,MMMMM,53,39.2,39.2,T,30.7,30.7,T,30,30,TRUE,
"Carley, Jill",7/8/19,2019,TB,1,2,3,1,HHMMM,3,3.5,3.5,T,35.7,35.7,T,3.9,3.9,TRUE,
"Carley, Jill",7/8/19,2019,TB,1,2,4,2,HHMMM,4,3.1,3.1,T,32.6,32.6,T,3.5,3.5,TRUE,
"Carley, Jill",7/8/19,2019,TB,1,3,7,2,MLLMM,7,3.5,3.5,T,31.4,31.4,T,3.8,3.8,TRUE,
"Carley, Jill",7/8/19,2019,TB,1,3,9,1,MLLMM,9,4.9,4.9,T,30.3,30.3,T,4.6,4.6,TRUE,
"Carley, Jill",7/8/19,2019,TB,1,1,15,2,MMMMM,15,4.7,4.7,T,32.1,32.1,T,4.6,4.6,TRUE,
"Carley, Jill",7/8/19,2019,TB,1,1,17,1,MMMMM,17,4.8,4.8,T,34.9,34.9,T,4.7,4.7,TRUE,
"Carley, Jill",7/8/19,2019,TB,2,2,20,2,HHMMM,20,5.9,5.9,T,32.7,32.7,T,5.5,5.5,TRUE,
"Carley, Jill",7/8/19,2019,TB,2,2,23,1,HHMMM,23,6.9,6.9,T,31.3,31.3,T,6.2,6.2,TRUE,
"Carley, Jill",7/8/19,2019,TB,2,1,25,1,MMMMM,25,23.4,23.4,T,30.5,30.5,T,17.8,17.8,TRUE,
"Carley, Jill",7/8/19,2019,TB,2,1,29,2,MMMMM,29,7.5,7.5,T,29.5,29.5,T,6.6,6.6,TRUE,
"Carley, Jill",7/8/19,2019,TB,2,3,34,1,MLLMM,34,12.3,12.3,T,28.3,28.3,T,9.9,9.9,TRUE,
"Carley, Jill",7/8/19,2019,TB,2,3,36,2,MLLMM,36,5.4,5.4,T,27.8,27.8,T,5.2,5.2,TRUE,
"Carley, Jill",7/8/19,2019,TB,3,3,39,1,MLLMM,39,22.5,22.5,T,23.7,23.7,T,16.7,16.7,TRUE,
"Carley, Jill",7/8/19,2019,TB,3,3,41,2,MLLMM,41,24.9,24.9,T,24.4,24.4,T,20.5,20.5,TRUE,
"Carley, Jill",7/8/19,2019,TB,3,2,43,1,HHMMM,43,18.3,18.3,T,25.2,25.2,T,13.9,13.9,TRUE,
"Carley, Jill",7/8/19,2019,TB,3,2,48,2,HHMMM,48,29.3,29.3,T,25.9,25.9,T,21.3,21.3,TRUE,
"Carley, Jill",7/8/19,2019,TB,3,1,52,1,MMMMM,52,10.5,10.5,T,26.5,26.5,T,8.6,8.6,TRUE,
"Carley, Jill",7/8/19,2019,TB,3,1,53,2,MMMMM,53,15.6,15.6,T,26.8,26.8,T,12,12,TRUE,
"Carley, Jill, Joseph",7/23/19,2019,TB,1,2,3,1,HHMMM,3,5.4,5.4,T,44.3,44.3,T,5.1,5.1,TRUE,
"Carley, Jill, Joseph",7/23/19,2019,TB,1,2,4,2,HHMMM,4,6.8,6.8,T,43.8,43.8,T,6.1,6.1,TRUE,
"Carley, Jill, Joseph",7/23/19,2019,TB,1,3,7,2,MLLMM,7,12.2,12.2,T,40,40,T,9.7,9.7,TRUE,
"Carley, Jill, Joseph",7/23/19,2019,TB,1,3,9,1,MLLMM,9,8.4,8.4,T,39.7,39.7,T,7.2,7.2,TRUE,
"Carley, Jill, Joseph",7/23/19,2019,TB,1,1,15,2,MMMMM,15,6.3,6.3,T,36.7,36.7,T,5.8,5.8,TRUE,
"Carley, Jill, Joseph",7/23/19,2019,TB,1,1,17,1,MMMMM,17,6.4,6.4,T,35.8,35.8,T,5.8,5.8,TRUE,
"Carley, Jill, Joseph",7/23/19,2019,TB,2,2,20,2,HHMMM,20,17.1,17.1,T,36.3,36.3,T,12.9,12.9,TRUE,
"Carley, Jill, Joseph",7/23/19,2019,TB,2,2,23,1,HHMMM,23,23.4,23.4,T,35.4,35.4,T,25.7,25.7,TRUE,
"Carley, Jill, Joseph",7/23/19,2019,TB,2,1,25,1,MMMMM,25,24.0,24,T,35.2,35.2,T,20.2,20.2,TRUE,
"Carley, Jill, Joseph",7/23/19,2019,TB,2,1,29,2,MMMMM,29,7.6,7.6,T,34.7,34.7,T,6.6,6.6,TRUE,
"Carley, Jill, Joseph",7/23/19,2019,TB,2,3,34,1,MLLMM,34,15.4,15.4,T,35.4,35.4,T,11.9,11.9,TRUE,
"Carley, Jill, Joseph",7/23/19,2019,TB,2,3,36,2,MLLMM,36,26.8,26.8,T,36.1,36.1,T,21.8,21.8,TRUE,
"Carley, Jill, Joseph",7/23/19,2019,TB,3,3,39,1,MLLMM,39,29.5,29.5,T,39.3,39.3,T,28.2,28.2,TRUE,
"Carley, Jill, Joseph",7/23/19,2019,TB,3,3,41,2,MLLMM,41,24.5,24.5,T,38.4,38.4,T,23.6,23.6,TRUE,
"Carley, Jill, Joseph",7/23/19,2019,TB,3,2,43,1,HHMMM,43,23.1,23.1,T,36.9,36.9,T,20,20,TRUE,
"Carley, Jill, Joseph",7/23/19,2019,TB,3,2,48,2,HHMMM,48,19.2,19.2,T,35.2,35.2,T,14.4,14.4,TRUE,
"Carley, Jill, Joseph",7/23/19,2019,TB,3,1,52,1,MMMMM,52,22.3,22.3,T,35.4,35.4,T,17.2,17.2,TRUE,
"Carley, Jill, Joseph",7/23/19,2019,TB,3,1,53,2,MMMMM,53,25.2,25.2,T,35.5,35.5,T,18.5,18.5,TRUE,
"Carley, Jill",8/9/19,2019,TB,1,2,3,1,HHMMM,3,6.1,6.1,T,32.7,32.7,T,5.5,5.5,TRUE,
"Carley, Jill",8/9/19,2019,TB,1,2,4,2,HHMMM,4,11.3,11.3,T,33,33,T,9.3,9.3,TRUE,
"Carley, Jill",8/9/19,2019,TB,1,3,7,2,MLLMM,7,23.3,23.3,T,34.1,34.1,T,17,17,TRUE,
"Carley, Jill",8/9/19,2019,TB,1,3,9,1,MLLMM,9,11.3,11.3,T,33.5,33.5,T,9,9,TRUE,
"Carley, Jill",8/9/19,2019,TB,1,1,15,2,MMMMM,15,10.3,10.3,T,35.4,35.4,T,8.4,8.4,TRUE,
"Carley, Jill",8/9/19,2019,TB,1,1,17,1,MMMMM,17,16.5,16.5,T,35.1,35.1,T,12.5,12.5,TRUE,
"Carley, Jill",8/9/19,2019,TB,2,2,20,2,HHMMM,20,20.3,20.3,T,30,30,T,14.8,14.8,TRUE,
"Carley, Jill",8/9/19,2019,TB,2,2,23,1,HHMMM,23,18.0,18,T,35.3,35.3,T,13.7,13.7,TRUE,
"Carley, Jill",8/9/19,2019,TB,2,1,25,1,MMMMM,25,26.0,26,T,34.6,34.6,T,21.6,21.6,TRUE,
"Carley, Jill",8/9/19,2019,TB,2,1,29,2,MMMMM,29,13.7,13.7,T,34.9,34.9,T,10.6,10.6,TRUE,
"Carley, Jill",8/9/19,2019,TB,2,3,34,1,MLLMM,34,22.7,22.7,T,35,35,T,17.2,17.2,TRUE,
"Carley, Jill",8/9/19,2019,TB,2,3,36,2,MLLMM,36,15.2,15.2,T,35.1,35.1,T,11.8,11.8,TRUE,
"Carley, Jill",8/9/19,2019,TB,3,3,39,1,MLLMM,39,25.5,25.5,T,34.1,34.1,T,19.4,19.4,TRUE,
"Carley, Jill",8/9/19,2019,TB,3,3,41,2,MLLMM,41,36.9,36.9,T,34.4,34.4,T,30.4,30.4,TRUE,
"Carley, Jill",8/9/19,2019,TB,3,2,43,1,HHMMM,43,22.6,22.6,T,34.8,34.8,T,18.1,18.1,TRUE,
"Carley, Jill",8/9/19,2019,TB,3,2,48,2,HHMMM,48,25.7,25.7,T,35.1,35.1,T,22.4,22.4,TRUE,
"Carley, Jill",8/9/19,2019,TB,3,1,52,1,MMMMM,52,25.9,25.9,T,35.8,35.8,T,20.6,20.6,TRUE,
"Carley, Jill",8/9/19,2019,TB,3,1,53,2,MMMMM,53,22.4,22.4,T,35.8,35.8,T,21.5,21.5,TRUE,
"Carley, Jill, Ashley",8/18/19,2019,TB,1,2,3,1,HHMMM,3,5.3,5.3,T,29.1,29.1,T,5,5,TRUE,
"Carley, Jill, Ashley",8/18/19,2019,TB,1,2,4,2,HHMMM,4,9.8,9.8,T,29.2,29.2,T,8.1,8.1,TRUE,
"Carley, Jill, Ashley",8/18/19,2019,TB,1,3,7,2,MLLMM,7,16.0,16,T,30.2,30.2,T,12.2,12.2,TRUE,
"Carley, Jill, Ashley",8/18/19,2019,TB,1,3,9,1,MLLMM,9,8.8,8.8,T,29.9,29.9,T,7.4,7.4,TRUE,
"Carley, Jill, Ashley",8/18/19,2019,TB,1,1,15,2,MMMMM,15,9.1,9.1,T,31.9,31.9,T,7.6,7.6,TRUE,
"Carley, Jill, Ashley",8/18/19,2019,TB,1,1,17,1,MMMMM,17,9.5,9.5,T,31.7,31.7,T,7.9,7.9,TRUE,
"Carley, Jill, Ashley",8/18/19,2019,TB,2,2,20,2,HHMMM,20,25.8,25.8,T,32.3,32.3,T,18.9,18.9,TRUE,
"Carley, Jill, Ashley",8/18/19,2019,TB,2,2,23,1,HHMMM,23,27.9,27.9,T,32.1,32.1,T,24.6,24.6,TRUE,
"Carley, Jill, Ashley",8/18/19,2019,TB,2,1,25,1,MMMMM,25,28.9,28.9,T,32.4,32.4,T,24.3,24.3,TRUE,
"Carley, Jill, Ashley",8/18/19,2019,TB,2,1,29,2,MMMMM,29,9.5,9.5,T,32.2,32.2,T,7.9,7.9,TRUE,
"Carley, Jill, Ashley",8/18/19,2019,TB,2,3,34,1,MLLMM,34,21.7,21.7,T,33.1,33.1,T,16.1,16.1,TRUE,
"Carley, Jill, Ashley",8/18/19,2019,TB,2,3,36,2,MLLMM,36,29.2,29.2,T,34,34,T,25.5,25.5,TRUE,
"Carley, Jill, Ashley",8/18/19,2019,TB,3,3,39,1,MLLMM,39,31.4,31.4,T,37.2,37.2,T,30.2,30.2,TRUE,
"Carley, Jill, Ashley",8/18/19,2019,TB,3,3,41,2,MLLMM,41,28.9,28.9,T,36.4,36.4,T,24.2,24.2,TRUE,
"Carley, Jill, Ashley",8/18/19,2019,TB,3,2,43,1,HHMMM,43,29.6,29.6,T,36.3,36.3,T,12.4,12.4,TRUE,
"Carley, Jill, Ashley",8/18/19,2019,TB,3,2,48,2,HHMMM,48,33.6,33.6,T,36,36,T,28.8,28.8,TRUE,
"Carley, Jill, Ashley",8/18/19,2019,TB,3,1,52,1,MMMMM,52,33.9,33.9,T,35.6,35.6,T,28.5,28.5,TRUE,
"Carley, Jill, Ashley",8/18/19,2019,TB,3,1,53,2,MMMMM,53,27.7,27.7,T,35.8,35.8,T,20.2,20.2,TRUE,
"Spencer Good, Alex Leslie",8/27/19,2019,TB,1,2,3,1,HHMMM,3,4.1,4.1,T,31.4,31.4,T,,,,
"Spencer Good, Alex Leslie",8/27/19,2019,TB,1,2,4,2,HHMMM,4,5.2,5.2,T,29,29,T,,,,
"Spencer Good, Alex Leslie",8/27/19,2019,TB,1,3,7,2,MLLMM,7,5.3,5.3,T,23.7,23.7,T,,,,
"Spencer Good, Alex Leslie",8/27/19,2019,TB,1,3,9,1,MLLMM,9,8.2,8.2,T,23.8,23.8,T,,,,
"Spencer Good, Alex Leslie",8/27/19,2019,TB,1,1,15,2,MMMMM,15,5.4,5.4,T,28.5,28.5,T,,,,
"Spencer Good, Alex Leslie",8/27/19,2019,TB,1,1,17,1,MMMMM,17,7.4,7.4,T,27.3,27.3,T,,,,
"Spencer Good, Alex Leslie",8/27/19,2019,TB,2,2,20,2,HHMMM,20,7.9,7.9,T,30.8,30.8,T,,,,
"Spencer Good, Alex Leslie",8/27/19,2019,TB,2,2,23,1,HHMMM,23,9.4,9.4,T,30.6,30.6,T,,,,
"Spencer Good, Alex Leslie",8/27/19,2019,TB,2,1,25,1,MMMMM,25,16.1,16.1,T,30.2,30.2,T,,,,
"Spencer Good, Alex Leslie",8/27/19,2019,TB,2,1,29,2,MMMMM,29,9.3,9.3,T,30.8,30.8,T,,,,
"Spencer Good, Alex Leslie",8/27/19,2019,TB,2,3,34,1,MLLMM,34,12.6,12.6,T,30.6,30.6,T,,,,
"Spencer Good, Alex Leslie",8/27/19,2019,TB,2,3,36,2,MLLMM,36,7.0,7,T,30.7,30.7,T,,,,
"Spencer Good, Alex Leslie",8/27/19,2019,TB,3,3,39,1,MLLMM,39,15.2,15.2,T,29.1,29.1,T,,,,
"Spencer Good, Alex Leslie",8/27/19,2019,TB,3,3,41,2,MLLMM,41,20.8,20.8,T,30,30,T,,,,
"Spencer Good, Alex Leslie",8/27/19,2019,TB,3,2,43,1,HHMMM,43,15.0,15,T,30.3,30.3,T,,,,
"Spencer Good, Alex Leslie",8/27/19,2019,TB,3,2,48,2,HHMMM,48,13.9,13.9,T,30.3,30.3,T,,,,
"Spencer Good, Alex Leslie",8/27/19,2019,TB,3,1,52,1,MMMMM,52,17.3,17.3,T,30.6,30.6,T,,,,
"Spencer Good, Alex Leslie",8/27/19,2019,TB,3,1,53,2,MMMMM,53,15.3,15.3,T,30.9,30.9,T,,,,
"Jill Baty, Alex Leslie",9/11/19,2019,TB,1,2,3,1,HHMMM,3,5.9,5.9,T,20.5,20.5,T,,,,
"Jill Baty, Alex Leslie",9/11/19,2019,TB,1,2,4,2,HHMMM,4,8.2,8.2,T,20.1,20.1,T,,,,
"Jill Baty, Alex Leslie",9/11/19,2019,TB,1,3,7,2,MLLMM,7,20.6,20.6,T,19.4,19.4,T,,,,
"Jill Baty, Alex Leslie",9/11/19,2019,TB,1,3,9,1,MLLMM,9,14.1,14.1,T,19.8,19.8,T,,,,
"Jill Baty, Alex Leslie",9/11/19,2019,TB,1,1,15,2,MMMMM,15,16.5,16.5,T,22.4,22.4,T,,,,
"Jill Baty, Alex Leslie",9/11/19,2019,TB,1,1,17,1,MMMMM,17,18.0,18,T,22.2,22.2,T,,,,
"Jill Baty, Alex Leslie",9/11/19,2019,TB,2,2,20,2,HHMMM,20,27.1,27.1,T,22.1,22.1,T,,,,
"Jill Baty, Alex Leslie",9/11/19,2019,TB,2,2,23,1,HHMMM,23,10.9,10.9,T,21.9,21.9,T,,,,
"Jill Baty, Alex Leslie",9/11/19,2019,TB,2,1,25,1,MMMMM,25,27.9,27.9,T,21.7,21.7,T,,,,
"Jill Baty, Alex Leslie",9/11/19,2019,TB,2,1,29,2,MMMMM,29,11.4,11.4,T,21.7,21.7,T,,,,
"Jill Baty, Alex Leslie",9/11/19,2019,TB,2,3,34,1,MLLMM,34,26.3,26.3,T,21.5,21.5,T,,,,
"Jill Baty, Alex Leslie",9/11/19,2019,TB,2,3,36,2,MLLMM,36,23.0,23,T,21.3,21.3,T,,,,
"Jill Baty, Alex Leslie",9/11/19,2019,TB,3,3,39,1,MLLMM,39,16.1,16.1,T,20.3,20.3,T,,,,
"Jill Baty, Alex Leslie",9/11/19,2019,TB,3,3,41,2,MLLMM,41,34.9,34.9,T,19.9,19.9,T,,,,
"Jill Baty, Alex Leslie",9/11/19,2019,TB,3,2,43,1,HHMMM,43,31.8,31.8,T,19.2,19.2,T,,,,
"Jill Baty, Alex Leslie",9/11/19,2019,TB,3,2,48,2,HHMMM,48,34.0,34,T,19.4,19.4,T,,,,
"Jill Baty, Alex Leslie",9/11/19,2019,TB,3,1,52,1,MMMMM,52,12.4,12.4,T,19.6,19.6,T,,,,
"Jill Baty, Alex Leslie",9/11/19,2019,TB,3,1,53,2,MMMMM,53,16.6,16.6,T,19.8,19.8,T,,,,
"Jill Baty, Spencer Good, Lauren Porensky",9/26/19,2019,TB,1,2,3,1,HHMMM,3,3.3,3.3,T,28.9,28.6,FALSE,,,,
"Jill Baty, Spencer Good, Lauren Porensky",9/26/19,2019,TB,1,2,4,2,HHMMM,4,3.0,3,T,29,29,T,,,,
"Jill Baty, Spencer Good, Lauren Porensky",9/26/19,2019,TB,1,3,7,2,MLLMM,7,5.2,5.2,T,30.4,30.4,T,,,,
"Jill Baty, Spencer Good, Lauren Porensky",9/26/19,2019,TB,1,3,9,1,MLLMM,9,5.2,5.2,T,31.2,31.2,T,,,,
"Jill Baty, Spencer Good, Lauren Porensky",9/26/19,2019,TB,1,1,15,2,MMMMM,15,5.2,5.2,T,31.4,31.4,T,,,,
"Jill Baty, Spencer Good, Lauren Porensky",9/26/19,2019,TB,1,1,17,1,MMMMM,17,4.4,4.4,T,31.4,31.4,T,,,,
"Jill Baty, Spencer Good, Lauren Porensky",9/26/19,2019,TB,2,2,20,2,HHMMM,20,6.5,6.5,T,31,31,T,,,,
"Jill Baty, Spencer Good, Lauren Porensky",9/26/19,2019,TB,2,2,23,1,HHMMM,23,14.0,14,T,31,31,T,,,,
"Jill Baty, Spencer Good, Lauren Porensky",9/26/19,2019,TB,2,1,25,1,MMMMM,25,17.0,17,T,30.4,30.4,T,,,,
"Jill Baty, Spencer Good, Lauren Porensky",9/26/19,2019,TB,2,1,29,2,MMMMM,29,10.1,10.1,T,30.6,30.6,T,,,,
"Jill Baty, Spencer Good, Lauren Porensky",9/26/19,2019,TB,2,3,34,1,MLLMM,34,8.7,8.7,T,30.3,30.3,T,,,,
"Jill Baty, Spencer Good, Lauren Porensky",9/26/19,2019,TB,2,3,36,2,MLLMM,36,11.1,11.1,T,30.2,30.2,T,,,,
"Jill Baty, Spencer Good, Lauren Porensky",9/26/19,2019,TB,3,3,39,1,MLLMM,39,19.6,19.6,T,29.1,29.1,T,,,,
"Jill Baty, Spencer Good, Lauren Porensky",9/26/19,2019,TB,3,3,41,2,MLLMM,41,14.1,14.1,T,29,29,T,,,,
"Jill Baty, Spencer Good, Lauren Porensky",9/26/19,2019,TB,3,2,43,1,HHMMM,43,20.4,20.4,T,29.3,29.3,T,,,,
"Jill Baty, Spencer Good, Lauren Porensky",9/26/19,2019,TB,3,2,48,2,HHMMM,48,19.8,19.8,T,29.3,29.3,T,,,,
"Jill Baty, Spencer Good, Lauren Porensky",9/26/19,2019,TB,3,1,52,1,MMMMM,52,18.8,18.8,T,29.1,29.1,T,,,,
"Jill Baty, Spencer Good, Lauren Porensky",9/26/19,2019,TB,3,1,53,2,MMMMM,53,20.0,20,T,29.3,29.3,T,,,,
"Jill Baty, Ellen Badger-Hansen",10/6/19,2019,TB,1,2,3,1,HHMMM,3,7.1,7.1,T,20.2,20.2,T,,,,
"Jill Baty, Ellen Badger-Hansen",10/6/19,2019,TB,1,2,4,2,HHMMM,4,6.4,6.4,T,20,20,T,,,,
"Jill Baty, Ellen Badger-Hansen",10/6/19,2019,TB,1,3,7,2,MLLMM,7,16.7,16.7,T,19.5,19.5,T,,,,
"Jill Baty, Ellen Badger-Hansen",10/6/19,2019,TB,1,3,9,1,MLLMM,9,10.4,10.4,T,19.5,19.5,T,,,,
"Jill Baty, Ellen Badger-Hansen",10/6/19,2019,TB,1,1,15,2,MMMMM,15,13.9,13.9,T,20.3,20.3,T,,,,
"Jill Baty, Ellen Badger-Hansen",10/6/19,2019,TB,1,1,17,1,MMMMM,17,15.1,15.1,T,19.9,19.9,T,,,,
"Jill Baty, Ellen Badger-Hansen",10/6/19,2019,TB,2,2,20,2,HHMMM,20,21.0,21,T,18.5,18.5,T,,,,
"Jill Baty, Ellen Badger-Hansen",10/6/19,2019,TB,2,2,23,1,HHMMM,23,10.8,10.8,T,18.9,18.9,T,,,,
"Jill Baty, Ellen Badger-Hansen",10/6/19,2019,TB,2,1,25,1,MMMMM,25,27.1,27.1,T,18.8,18.8,T,,,,
"Jill Baty, Ellen Badger-Hansen",10/6/19,2019,TB,2,1,29,2,MMMMM,29,13.0,13,T,19.6,19.6,T,,,,
"Jill Baty, Ellen Badger-Hansen",10/6/19,2019,TB,2,3,34,1,MLLMM,34,23.9,23.9,T,19.3,19.3,T,,,,
"Jill Baty, Ellen Badger-Hansen",10/6/19,2019,TB,2,3,36,2,MLLMM,36,15.5,15.5,T,18.8,18.8,T,,,,
"Jill Baty, Ellen Badger-Hansen",10/6/19,2019,TB,3,3,39,1,MLLMM,39,32.7,32.7,T,19.9,19.9,T,,,,
"Jill Baty, Ellen Badger-Hansen",10/6/19,2019,TB,3,3,41,2,MLLMM,41,34.4,34.4,T,20.1,20.1,T,,,,
"Jill Baty, Ellen Badger-Hansen",10/6/19,2019,TB,3,2,43,1,HHMMM,43,23.5,23.5,T,20,20,T,,,,
"Jill Baty, Ellen Badger-Hansen",10/6/19,2019,TB,3,2,48,2,HHMMM,48,32.3,32.3,T,19.7,19.7,T,,,,
"Jill Baty, Ellen Badger-Hansen",10/6/19,2019,TB,3,1,52,1,MMMMM,52,15.9,15.9,T,21.6,21.6,T,,,,
"Jill Baty, Ellen Badger-Hansen",10/6/19,2019,TB,3,1,53,2,MMMMM,53,34.3,34.3,T,21.3,21.3,T,,,,
"Jill Baty, Ellen Badger-Hansen",10/17/19,2019,TB,1,2,3,1,HHMMM,3,7.0,7,T,12.2,12.2,T,,,,
"Jill Baty, Ellen Badger-Hansen",10/17/19,2019,TB,1,2,4,2,HHMMM,4,9.3,9.3,T,12.5,12.5,T,,,,
"Jill Baty, Ellen Badger-Hansen",10/17/19,2019,TB,1,3,7,2,MLLMM,7,12.6,12.6,T,12.7,12.7,T,,,,
"Jill Baty, Ellen Badger-Hansen",10/17/19,2019,TB,1,3,9,1,MLLMM,9,5.5,5.5,T,13.2,13.2,T,,,,
"Jill Baty, Ellen Badger-Hansen",10/17/19,2019,TB,1,1,15,2,MMMMM,15,11.1,11.1,T,14.7,14.7,T,,,,
"Jill Baty, Ellen Badger-Hansen",10/17/19,2019,TB,1,1,17,1,MMMMM,17,9.4,9.4,T,15.6,15.6,T,,,,
"Jill Baty, Ellen Badger-Hansen",10/17/19,2019,TB,2,2,20,2,HHMMM,20,17.1,17.1,T,17.5,17.5,T,,,,
"Jill Baty, Ellen Badger-Hansen",10/17/19,2019,TB,2,2,23,1,HHMMM,23,21.6,21.6,T,17.4,17.4,T,,,,
"Jill Baty, Ellen Badger-Hansen",10/17/19,2019,TB,2,1,25,1,MMMMM,25,32.7,32.7,T,17.4,17.4,T,,,,
"Jill Baty, Ellen Badger-Hansen",10/17/19,2019,TB,2,1,29,2,MMMMM,29,11.3,11.3,T,18.3,18.3,T,,,,
"Jill Baty, Ellen Badger-Hansen",10/17/19,2019,TB,2,3,34,1,MLLMM,34,19.2,19.2,T,19.9,19.9,T,,,,
"Jill Baty, Ellen Badger-Hansen",10/17/19,2019,TB,2,3,36,2,MLLMM,36,18.6,18.6,T,20.2,20.2,T,,,,
"Jill Baty, Ellen Badger-Hansen",10/17/19,2019,TB,3,3,39,1,MLLMM,39,23.9,23.9,T,23,23,T,,,,
"Jill Baty, Ellen Badger-Hansen",10/17/19,2019,TB,3,3,41,2,MLLMM,41,30.0,30,T,23.6,23.6,T,,,,
"Jill Baty, Ellen Badger-Hansen",10/17/19,2019,TB,3,2,43,1,HHMMM,43,32.4,32.4,T,23.6,23.6,T,,,,
"Jill Baty, Ellen Badger-Hansen",10/17/19,2019,TB,3,2,48,2,HHMMM,48,31.3,31.3,T,23.8,23.8,T,,,,
"Jill Baty, Ellen Badger-Hansen",10/17/19,2019,TB,3,1,52,1,MMMMM,52,32.5,32.5,T,23.8,23.8,T,,,,
"Jill Baty, Ellen Badger-Hansen",10/17/19,2019,TB,3,1,53,2,MMMMM,53,27.5,27.5,T,23.9,23.9,T,,,,
Lauren Porensky,5/1/20,2020,TB,1,2,3,1,HHMMM,3,12.6,12.6,T,20.7,20.7,T,,,,
Lauren Porensky,5/1/20,2020,TB,1,2,4,2,HHMMM,4,12.6,12.6,T,20.9,20.9,T,,,,
Lauren Porensky,5/1/20,2020,TB,1,3,7,2,MLLMM,7,16.9,16.9,T,20.9,20.9,T,,,,
Lauren Porensky,5/1/20,2020,TB,1,3,9,1,MLLMM,9,10.9,10.9,T,10.7,10.7,T,,,,
Lauren Porensky,5/1/20,2020,TB,1,1,15,2,MMMMM,15,9.3,9.3,T,18.5,18.5,T,,,,
Lauren Porensky,5/1/20,2020,TB,1,1,17,1,MMMMM,17,10.7,10.7,T,20.1,20.1,T,,,,
Lauren Porensky,5/1/20,2020,TB,2,2,20,2,HHMMM,20,11.9,11.9,T,22.6,22.6,T,,,,
Lauren Porensky,5/1/20,2020,TB,2,2,23,1,HHMMM,23,12.6,12.6,T,25.1,25.1,T,,,,
Lauren Porensky,5/1/20,2020,TB,2,1,25,1,MMMMM,25,9.1,9.1,T,24,24,T,,,,
Lauren Porensky,5/1/20,2020,TB,2,1,29,2,MMMMM,29,9.1,9.1,T,20.8,20.8,T,,,,
Lauren Porensky,5/1/20,2020,TB,2,3,34,1,MLLMM,34,11.3,11.3,T,23.4,23.4,T,,,,
Lauren Porensky,5/1/20,2020,TB,2,3,36,2,MLLMM,36,9.6,9.6,T,23.3,23.3,T,,,,
Lauren Porensky,5/1/20,2020,TB,3,3,39,1,MLLMM,39,31.1,31.1,T,24.3,24.3,T,,,,
Lauren Porensky,5/1/20,2020,TB,3,3,41,2,MLLMM,41,27.2,27.2,T,24.8,24.8,T,,,,
Lauren Porensky,5/1/20,2020,TB,3,2,43,1,HHMMM,43,25.6,25.6,T,25.9,25.9,T,,,,
Lauren Porensky,5/1/20,2020,TB,3,2,48,2,HHMMM,48,27.8,27.8,T,24.9,24.9,T,,,,
Lauren Porensky,5/1/20,2020,TB,3,1,52,1,MMMMM,52,33.2,33.2,T,23.6,23.6,T,,,,
Lauren Porensky,5/1/20,2020,TB,3,1,53,2,MMMMM,53,32.8,32.8,T,23.5,23.5,T,,,,
John Dietrich,5/8/20,2020,TB,1,2,3,1,HHMMM,3,7.0,7,T,16.3,16.3,T,,,,
John Dietrich,5/8/20,2020,TB,1,2,4,2,HHMMM,4,10.2,10.2,T,15.9,15.9,T,,,,
John Dietrich,5/8/20,2020,TB,1,3,7,2,MLLMM,7,16.5,16.5,T,15,15,T,,,,
John Dietrich,5/8/20,2020,TB,1,3,9,1,MLLMM,9,7.2,7.2,T,14.7,14.7,T,,,,
John Dietrich,5/8/20,2020,TB,1,1,15,2,MMMMM,15,9.2,9.2,T,14.8,14.8,T,,,,
John Dietrich,5/8/20,2020,TB,1,1,17,1,MMMMM,17,8.6,8.6,T,14.7,14.7,T,,,,
John Dietrich,5/8/20,2020,TB,2,2,20,2,HHMMM,20,15.8,15.8,T,14.4,14.4,T,,,,
John Dietrich,5/8/20,2020,TB,2,2,23,1,HHMMM,23,17.0,17,T,14.8,14.8,T,,,,
John Dietrich,5/8/20,2020,TB,2,1,25,1,MMMMM,25,15.7,15.7,T,14.2,14.2,T,,,,
John Dietrich,5/8/20,2020,TB,2,1,29,2,MMMMM,29,12.8,12.8,T,14.3,14.3,T,,,,
John Dietrich,5/8/20,2020,TB,2,3,34,1,MLLMM,34,14.6,14.6,T,15,15,T,,,,
John Dietrich,5/8/20,2020,TB,2,3,36,2,MLLMM,36,14.7,14.7,T,14.8,14.8,T,,,,
John Dietrich,5/8/20,2020,TB,3,3,39,1,MLLMM,39,22.2,22.2,T,14.8,14.8,T,,,,
John Dietrich,5/8/20,2020,TB,3,3,41,2,MLLMM,41,29.2,29.2,T,15.1,15.1,T,,,,
John Dietrich,5/8/20,2020,TB,3,2,43,1,HHMMM,43,29.0,29,T,15.5,15.5,T,,,,
John Dietrich,5/8/20,2020,TB,3,2,48,2,HHMMM,48,27.3,27.3,T,16.2,16.2,T,,,,
John Dietrich,5/8/20,2020,TB,3,1,52,1,MMMMM,52,27.6,27.6,T,16.1,16.1,T,,,,
John Dietrich,5/8/20,2020,TB,3,1,53,2,MMMMM,53,30.0,30,T,16.1,16.1,T,,,,
John Dietrich,5/19/20,2020,TB,1,2,3,1,HHMMM,3,5.9,5.9,T,33.6,33.6,T,,,,
John Dietrich,5/19/20,2020,TB,1,2,4,2,HHMMM,4,4.2,4.2,T,32.8,32.8,T,,,,
John Dietrich,5/19/20,2020,TB,1,3,7,2,MLLMM,7,12.6,12.6,T,34,34,T,,,,
John Dietrich,5/19/20,2020,TB,1,3,9,1,MLLMM,9,6.1,6.1,T,64.7,34.7,FALSE,,,,
John Dietrich,5/19/20,2020,TB,1,1,15,2,MMMMM,15,6.4,6.4,T,382,38.2,FALSE,,,,
John Dietrich,5/19/20,2020,TB,1,1,17,1,MMMMM,17,10.4,10.4,T,38.3,38.3,T,,,,
John Dietrich,5/19/20,2020,TB,2,2,20,2,HHMMM,20,7.2,7.2,T,38.3,38.3,T,,,,
John Dietrich,5/19/20,2020,TB,2,2,23,1,HHMMM,23,8.5,8.5,T,36.7,36.7,T,,,,
John Dietrich,5/19/20,2020,TB,2,1,25,1,MMMMM,25,30.2,30.2,T,37.2,37.2,T,,,,
John Dietrich,5/19/20,2020,TB,2,1,29,2,MMMMM,29,7.3,7.3,T,38.1,38.1,T,,,,
John Dietrich,5/19/20,2020,TB,2,3,34,1,MLLMM,34,11.8,11.8,T,37.5,37.5,T,,,,
John Dietrich,5/19/20,2020,TB,2,3,36,2,MLLMM,36,8.6,8.6,T,37.3,37.3,T,,,,
John Dietrich,5/19/20,2020,TB,3,3,39,1,MLLMM,39,12.2,12.2,T,30.2,30.2,T,,,,
John Dietrich,5/19/20,2020,TB,3,3,41,2,MLLMM,41,24.5,24.5,T,30.8,30.8,T,,,,
John Dietrich,5/19/20,2020,TB,3,2,43,1,HHMMM,43,23.4,23.4,T,31.3,31.3,T,,,,
John Dietrich,5/19/20,2020,TB,3,2,48,2,HHMMM,48,26.6,26.6,T,33.3,33.3,T,,,,
John Dietrich,5/19/20,2020,TB,3,1,52,1,MMMMM,52,28.4,28.4,T,33.8,33.8,T,,,,
John Dietrich,5/19/20,2020,TB,3,1,53,2,MMMMM,53,29.3,29.3,T,34.2,34.2,T,,,,
John Dietrich,6/1/20,2020,TB,1,2,3,1,HHMMM,3,3.9,3.9,T,34.5,34.5,T,,,,
John Dietrich,6/1/20,2020,TB,1,2,4,2,HHMMM,4,3.0,3.0,T,35.5,35.5,T,,,,
John Dietrich,6/1/20,2020,TB,1,3,7,2,MLLMM,7,9.7,9.7,T,38.2,38.2,T,,,,
John Dietrich,6/1/20,2020,TB,1,3,9,1,MLLMM,9,6.4,6.4,T,36.1,36.1,T,,,,
John Dietrich,6/1/20,2020,TB,1,1,15,2,MMMMM,15,4.3,4.3,T,35.3,35.3,T,,,,
John Dietrich,6/1/20,2020,TB,1,1,17,1,MMMMM,17,4.3,4.3,T,34.8,34.8,T,,,,
John Dietrich,6/1/20,2020,TB,2,2,20,2,HHMMM,20,10.0,10.0,T,34.0,34.0,T,,,,
John Dietrich,6/1/20,2020,TB,2,2,23,1,HHMMM,23,6.6,6.6,T,34.9,34.9,T,,,,
John Dietrich,6/1/20,2020,TB,2,1,25,1,MMMMM,25,17.6,17.6,T,34.9,34.9,T,,,,
John Dietrich,6/1/20,2020,TB,2,1,29,2,MMMMM,29,9.2,9.2,T,37.3,37.3,T,,,,
John Dietrich,6/1/20,2020,TB,2,3,34,1,MLLMM,34,14.2,14.2,T,37.5,37.5,T,,,,
John Dietrich,6/1/20,2020,TB,2,3,36,2,MLLMM,36,12.3,12.3,T,38.5,38.5,T,,,,
John Dietrich,6/1/20,2020,TB,3,3,39,1,MLLMM,39,20.1,20.1,T,36.5,36.5,T,,,,
John Dietrich,6/1/20,2020,TB,3,3,41,2,MLLMM,41,19.9,19.9,T,37.6,37.6,T,,,,
John Dietrich,6/1/20,2020,TB,3,2,43,1,HHMMM,43,20.9,20.9,T,38.1,38.1,T,,,,
John Dietrich,6/1/20,2020,TB,3,2,48,2,HHMMM,48,13.9,13.9,T,38.7,38.7,T,,,,
John Dietrich,6/1/20,2020,TB,3,1,52,1,MMMMM,52,20.0,20.0,T,37.9,37.9,T,,,,
John Dietrich,6/1/20,2020,TB,3,1,53,2,MMMMM,53,20.7,20.7,T,37.7,37.7,T,,,,
John Dietrich,6/16/20,2020,TB,1,2,3,1,HHMMM,3,2.8,2.8,T,33.6,33.6,T,,,,
John Dietrich,6/16/20,2020,TB,1,2,4,2,HHMMM,4,5.6,5.6,T,33.8,33.8,T,,,,
John Dietrich,6/16/20,2020,TB,1,3,7,2,MLLMM,7,6.4,6.4,T,35.5,35.5,T,,,,
John Dietrich,6/16/20,2020,TB,1,3,9,1,MLLMM,9,4.3,4.3,T,35.1,35.1,T,,,,
John Dietrich,6/16/20,2020,TB,1,1,15,2,MMMMM,15,5.5,5.5,T,35.4,35.4,T,,,,
John Dietrich,6/16/20,2020,TB,1,1,17,1,MMMMM,17,4.8,4.8,T,36.6,36.6,T,,,,
Maria Mango,6/18/20,2020,TB,2,2,20,2,HHMMM,20,13.8,13.8,T,26.9,26.9,T,,,,
Maria Mango,6/18/20,2020,TB,2,2,23,1,HHMMM,23,18.6,18.6,T,26.9,26.9,T,,,,
Maria Mango,6/18/20,2020,TB,2,1,25,1,MMMMM,25,17.8,17.8,T,27.5,27.5,T,,,,
Maria Mango,6/18/20,2020,TB,2,1,29,2,MMMMM,29,7.6,7.6,T,27.5,27.5,T,,,,
Maria Mango,6/18/20,2020,TB,2,3,34,1,MLLMM,34,17.4,17.4,T,27.5,27.5,T,,,,
Maria Mango,6/18/20,2020,TB,2,3,36,2,MLLMM,36,10.9,10.9,T,27.3,27.3,T,,,,
Maria Mango,6/18/20,2020,TB,3,3,39,1,MLLMM,39,17.1,17.1,T,26.6,26.6,T,,,,
Maria Mango,6/18/20,2020,TB,3,3,41,2,MLLMM,41,17.0,17.0,T,26.9,26.9,T,,,,
Maria Mango,6/18/20,2020,TB,3,2,43,1,HHMMM,43,24.2,24.2,T,27.5,27.5,T,,,,
Maria Mango,6/18/20,2020,TB,3,2,48,2,HHMMM,48,20.8,20.8,T,26.3,26.3,T,,,,
Maria Mango,6/18/20,2020,TB,3,1,52,1,MMMMM,52,16.7,16.7,T,27.7,27.7,T,,,,
Maria Mango,6/18/20,2020,TB,3,1,53,2,MMMMM,53,25.8,25.8,T,25.8,27.8,FALSE,,,,
John Dietrich,6/29/20,2020,TB,1,2,3,1,HHMMM,3,2.2,2.2,T,28.6,28.6,T,,,,
John Dietrich,6/29/20,2020,TB,1,2,4,2,HHMMM,4,3.3,3.3,T,29.7,29.7,T,,,,
John Dietrich,6/29/20,2020,TB,1,3,7,2,MLLMM,7,5.2,5.2,T,32.8,32.8,T,,,,
John Dietrich,6/29/20,2020,TB,1,3,9,1,MLLMM,9,4.6,4.6,T,33.5,33.5,T,,,,
John Dietrich,6/29/20,2020,TB,1,1,15,2,MMMMM,15,4.1,4.1,T,37.4,37.4,T,,,,
John Dietrich,6/29/20,2020,TB,1,1,17,1,MMMMM,17,4.9,4.9,T,37.4,37.4,T,,,,
John Dietrich,6/29/20,2020,TB,2,2,20,2,HHMMM,20,3.5,3.5,T,32.9,32.9,T,,,,
John Dietrich,6/29/20,2020,TB,2,2,23,1,HHMMM,23,5.7,5.7,T,27.6,27.6,T,,,,
John Dietrich,6/29/20,2020,TB,2,1,25,1,MMMMM,25,10.2,10.2,T,24.3,24.3,T,,,,
John Dietrich,6/29/20,2020,TB,2,1,29,2,MMMMM,29,4.8,4.8,T,20.2,20.2,T,,,,
John Dietrich,6/29/20,2020,TB,2,3,34,1,MLLMM,34,14.7,14.7,T,21.3,21.3,T,,,,
John Dietrich,6/29/20,2020,TB,2,3,36,2,MLLMM,36,3.7,3.7,T,21.5,21.5,T,,,,
John Dietrich,6/30/20,2020,TB,3,3,39,1,MLLMM,39,12.8,12.8,T,13.2,13.2,T,,,,
John Dietrich,6/30/20,2020,TB,3,3,41,2,MLLMM,41,16.6,16.6,T,13.8,13.8,T,,,,
John Dietrich,6/30/20,2020,TB,3,2,43,1,HHMMM,43,12.8,12.8,T,14.2,14.2,T,,,,
John Dietrich,6/30/20,2020,TB,3,2,48,2,HHMMM,48,22.9,22.9,T,15.7,15.7,T,,,,
John Dietrich,6/30/20,2020,TB,3,1,52,1,MMMMM,52,15.9,15.9,T,15.6,15.6,T,,,,
John Dietrich,6/30/20,2020,TB,3,1,53,2,MMMMM,53,21.6,21.6,T,15.7,15.7,T,,,,
John Dietrich,7/16/20,2020,TB,1,2,3,1,HHMMM,3,1.6,1.6,T,27.2,27.2,T,,,,
John Dietrich,7/16/20,2020,TB,1,2,4,2,HHMMM,4,6.9,6.9,T,27.7,27.7,T,,,,
John Dietrich,7/16/20,2020,TB,1,3,7,2,MLLMM,7,8.9,8.9,T,29.3,29.3,T,,,,
John Dietrich,7/16/20,2020,TB,1,3,9,1,MLLMM,9,13.4,13.4,T,29.8,29.8,T,,,,
John Dietrich,7/16/20,2020,TB,1,1,15,2,MMMMM,15,6.0,6.0,T,31.9,31.9,T,,,,
John Dietrich,7/16/20,2020,TB,1,1,17,1,MMMMM,17,10.2,10.2,T,32.7,32.7,T,,,,
John Dietrich,7/16/20,2020,TB,2,2,20,2,HHMMM,20,11.3,11.3,T,33.1,33.1,T,,,,
John Dietrich,7/16/20,2020,TB,2,2,23,1,HHMMM,23,10.7,10.7,T,33.2,33.2,T,,,,
John Dietrich,7/16/20,2020,TB,2,1,25,1,MMMMM,25,14.7,14.7,T,33.8,33.8,T,,,,
John Dietrich,7/16/20,2020,TB,2,1,29,2,MMMMM,29,7.0,7.0,T,33.7,33.7,T,,,,
John Dietrich,7/16/20,2020,TB,2,3,34,1,MLLMM,34,17.4,17.4,T,33.6,33.6,T,,,,
John Dietrich,7/16/20,2020,TB,2,3,36,2,MLLMM,36,16.7,16.7,T,33.8,33.8,T,,,,
John Dietrich,7/16/20,2020,TB,3,3,39,1,MLLMM,39,22.9,22.9,T,35.4,35.4,T,,,,
John Dietrich,7/16/20,2020,TB,3,3,41,2,MLLMM,41,28.8,28.8,T,35.2,35.2,T,,,,
John Dietrich,7/16/20,2020,TB,3,2,43,1,HHMMM,43,13.6,13.6,T,34.4,34.4,T,,,,
John Dietrich,7/16/20,2020,TB,3,2,48,2,HHMMM,48,32.5,32.5,T,35.3,35.3,T,,,,
John Dietrich,7/16/20,2020,TB,3,1,52,1,MMMMM,52,16.1,16.1,T,34.8,34.8,T,,,,
John Dietrich,7/16/20,2020,TB,3,1,53,2,MMMMM,53,25.2,25.2,T,34.9,34.9,T,,,,
Lauren Porensky,7/30/20,2020,TB,1,2,3,1,HHMMM,3,6.9,6.9,T,28,28,T,,,,
Lauren Porensky,7/30/20,2020,TB,1,2,4,2,HHMMM,4,5.4,5.4,T,28.2,28.2,T,,,,
Lauren Porensky,7/30/20,2020,TB,1,3,7,2,MLLMM,7,10.2,10.2,T,28.9,28.9,T,,,,
Lauren Porensky,7/30/20,2020,TB,1,3,9,1,MLLMM,9,10.2,10.2,T,29.9,29.9,T,,,,
John Dietrich,7/30/20,2020,TB,1,1,15,2,MMMMM,15,11.3,11.3,T,46.8,46.8,T,,,,
John Dietrich,7/30/20,2020,TB,1,1,17,1,MMMMM,17,9.1,9.1,T,43.8,43.8,T,,,,
John Dietrich,7/30/20,2020,TB,2,2,20,2,HHMMM,20,13.6,13.6,T,38.3,38.3,T,,,,
John Dietrich,7/30/20,2020,TB,2,2,23,1,HHMMM,23,18.0,18.0,T,37.6,37.6,T,,,,
John Dietrich,7/30/20,2020,TB,2,1,25,1,MMMMM,25,11.4,11.4,T,36.6,36.6,T,,,,
John Dietrich,7/30/20,2020,TB,2,1,29,2,MMMMM,29,10.4,10.4,T,37,37,T,,,,
John Dietrich,7/30/20,2020,TB,2,3,34,1,MLLMM,34,10.4,10.4,T,36.6,36.6,T,,,,
John Dietrich,7/30/20,2020,TB,2,3,36,2,MLLMM,36,24.2,24.2,T,36.8,36.8,T,,,,
Lauren Porensky,7/30/20,2020,TB,3,3,39,1,MLLMM,39,19.8,19.8,T,25.3,25.3,T,,,,
Lauren Porensky,7/30/20,2020,TB,3,3,41,2,MLLMM,41,16.4,16.4,T,26.8,26.8,T,,,,
Lauren Porensky,7/30/20,2020,TB,3,2,43,1,HHMMM,43,20.0,20.0,T,27.9,27.9,T,,,,
Lauren Porensky,7/30/20,2020,TB,3,2,48,2,HHMMM,48,20.1,20.1,T,29.9,29.9,T,,,,
Lauren Porensky,7/30/20,2020,TB,3,1,52,1,MMMMM,52,13.4,13.4,T,27.6,27.6,T,,,,
Lauren Porensky,7/30/20,2020,TB,3,1,53,2,MMMMM,53,23.2,23.2,T,27.9,27.9,T,,,,
John Dietrich,8/11/20,2020,TB,1,2,3,1,HHMMM,3,1.1,1.1,T,7.1,27.1,FALSE,,,,
John Dietrich,8/11/20,2020,TB,1,2,4,2,HHMMM,4,1.8,1.8,T,27.7,27.7,T,,,,
John Dietrich,8/11/20,2020,TB,1,3,7,2,MLLMM,7,3.9,3.9,T,31.3,31.3,T,,,,
John Dietrich,8/11/20,2020,TB,1,3,9,1,MLLMM,9,2.8,2.8,T,33.3,33.3,T,,,,
John Dietrich,8/11/20,2020,TB,1,1,15,2,MMMMM,15,2.5,2.5,T,35.1,35.1,T,,,,
John Dietrich,8/11/20,2020,TB,1,1,17,1,MMMMM,17,4.1,4.1,T,36.4,36.4,T,,,,
John Dietrich,8/11/20,2020,TB,2,2,20,2,HHMMM,20,3.3,3.3,T,36.7,36.7,T,,,,
John Dietrich,8/11/20,2020,TB,2,2,23,1,HHMMM,23,3.3,3.3,T,37.5,37.5,T,,,,
John Dietrich,8/11/20,2020,TB,2,1,25,1,MMMMM,25,12.1,12.1,T,37,37,T,,,,
John Dietrich,8/11/20,2020,TB,2,1,29,2,MMMMM,29,3.3,3.3,T,37.3,37.3,T,,,,
John Dietrich,8/11/20,2020,TB,2,3,34,1,MLLMM,34,7.3,7.3,T,37.8,37.8,T,,,,
John Dietrich,8/11/20,2020,TB,2,3,36,2,MLLMM,36,4.9,4.9,T,38,38,T,,,,
John Dietrich,8/11/20,2020,TB,3,3,39,1,MLLMM,39,8.4,8.4,T,35.7,35.7,T,,,,
John Dietrich,8/11/20,2020,TB,3,3,41,2,MLLMM,41,12.4,12.4,T,36.2,36.2,T,,,,
John Dietrich,8/11/20,2020,TB,3,2,43,1,HHMMM,43,14.5,14.5,T,36.7,36.7,T,,,,
John Dietrich,8/11/20,2020,TB,3,2,48,2,HHMMM,48,20.6,20.6,T,37.2,37.2,T,,,,
John Dietrich,8/11/20,2020,TB,3,1,52,1,MMMMM,52,6.6,6.6,T,37.5,37.5,T,,,,
John Dietrich,8/11/20,2020,TB,3,1,53,2,MMMMM,53,18.7,18.7,T,37.6,37.6,T,,,,
John Dietrich,8/27/20,2020,TB,1,2,3,1,HHMMM,3,1.1,1.1,T,25.3,25.3,T,,,,
John Dietrich,8/27/20,2020,TB,1,2,4,2,HHMMM,4,1.3,1.3,T,26.6,26.6,T,,,,
John Dietrich,8/27/20,2020,TB,1,3,7,2,MLLMM,7,2.6,2.6,T,28.7,28.7,T,,,,
John Dietrich,8/27/20,2020,TB,1,3,9,1,MLLMM,9,4.0,4.0,T,29.4,29.4,T,,,,
John Dietrich,8/27/20,2020,TB,1,1,15,2,MMMMM,15,1.9,1.9,T,29.9,29.9,T,,,,
John Dietrich,8/27/20,2020,TB,1,1,17,1,MMMMM,17,2.2,2.2,T,29.5,29.5,T,,,,
John Dietrich,8/27/20,2020,TB,2,2,20,2,HHMMM,20,3.3,3.3,T,30.1,30.1,T,,,,
John Dietrich,8/27/20,2020,TB,2,2,23,1,HHMMM,23,8.3,8.3,T,31,31,T,,,,
John Dietrich,8/27/20,2020,TB,2,1,25,1,MMMMM,25,8.1,8.1,T,31.3,31.3,T,,,,
John Dietrich,8/27/20,2020,TB,2,1,29,2,MMMMM,29,3.3,3.3,T,33.2,33.2,T,,,,
John Dietrich,8/27/20,2020,TB,2,3,34,1,MLLMM,34,7.8,7.8,T,35.7,35.7,T,,,,
John Dietrich,8/27/20,2020,TB,2,3,36,2,MLLMM,36,6.6,6.6,T,36.2,36.2,T,,,,
John Dietrich,8/27/20,2020,TB,3,3,39,1,MLLMM,39,6.9,6.9,T,35,35,T,,,,
John Dietrich,8/27/20,2020,TB,3,3,41,2,MLLMM,41,10.0,10,T,34.3,34.3,T,,,,
John Dietrich,8/27/20,2020,TB,3,2,43,1,HHMMM,43,7.4,7.4,T,34.3,34.3,T,,,,
John Dietrich,8/27/20,2020,TB,3,2,48,2,HHMMM,48,11.1,11.1,T,33,33,T,,,,
John Dietrich,8/27/20,2020,TB,3,1,52,1,MMMMM,52,15.4,15.4,T,32.3,32.3,T,,,,
John Dietrich,8/27/20,2020,TB,3,1,53,2,MMMMM,53,10.7,10.7,T,32.6,32.6,T,,,,
John Dietrich,9/10/20,2020,TB,1,2,3,1,HHMMM,3,8.2,8.2,T,23.7,23.7,T,,,,
John Dietrich,9/10/20,2020,TB,1,2,4,2,HHMMM,4,6.2,6.2,T,23.3,23.3,T,,,,
John Dietrich,9/10/20,2020,TB,1,3,7,2,MLLMM,7,24.1,24.1,T,22.7,22.7,T,,,,
John Dietrich,9/10/20,2020,TB,1,3,9,1,MLLMM,9,15.8,15.8,T,22.4,22.4,T,,,,
John Dietrich,9/10/20,2020,TB,1,1,15,2,MMMMM,15,17.2,17.2,T,24.6,24.6,T,,,,
John Dietrich,9/10/20,2020,TB,1,1,17,1,MMMMM,17,26.6,26.6,T,23.8,23.8,T,,,,
John Dietrich,9/10/20,2020,TB,2,2,20,2,HHMMM,20,21.1,21.1,T,22.3,22.3,T,,,,
John Dietrich,9/10/20,2020,TB,2,2,23,1,HHMMM,23,17.1,17.1,T,21.7,21.7,T,,,,
John Dietrich,9/10/20,2020,TB,2,1,25,1,MMMMM,25,35.9,35.9,T,21.3,21.3,T,,,,
John Dietrich,9/10/20,2020,TB,2,1,29,2,MMMMM,29,15.6,15.6,T,21.4,21.4,T,,,,
John Dietrich,9/10/20,2020,TB,2,3,34,1,MLLMM,34,32.1,32.1,T,22.2,22.2,T,,,,
John Dietrich,9/10/20,2020,TB,2,3,36,2,MLLMM,36,26.8,26.8,T,22.8,22.8,T,,,,
John Dietrich,9/10/20,2020,TB,3,3,39,1,MLLMM,39,33.2,33.2,T,21.9,21.9,T,,,,
John Dietrich,9/10/20,2020,TB,3,3,41,2,MLLMM,41,32.0,32,T,22.1,22.1,T,,,,
John Dietrich,9/10/20,2020,TB,3,2,43,1,HHMMM,43,33.6,33.6,T,22,22,T,,,,
John Dietrich,9/10/20,2020,TB,3,2,48,2,HHMMM,48,33.6,33.6,T,20.9,20.9,T,,,,
John Dietrich,9/10/20,2020,TB,3,1,52,1,MMMMM,52,42.0,42,T,21.3,21.3,T,,,,
John Dietrich,9/10/20,2020,TB,3,1,53,2,MMMMM,53,37.0,37,T,21.5,21.5,T,,,,
John Dietrich,9/22/20,2020,TB,1,2,3,1,HHMMM,3,4.1,4.1,T,26,26,T,,,,
John Dietrich,9/22/20,2020,TB,1,2,4,2,HHMMM,4,5.5,5.5,T,27.2,27.2,T,,,,
John Dietrich,9/22/20,2020,TB,1,3,7,2,MLLMM,7,9.1,9.1,T,38.1,38.1,T,,,,
John Dietrich,9/22/20,2020,TB,1,3,9,1,MLLMM,9,10.6,10.6,T,32.3,32.3,T,,,,
John Dietrich,9/22/20,2020,TB,1,1,15,2,MMMMM,15,5.9,5.9,T,33.4,33.4,T,,,,
John Dietrich,9/22/20,2020,TB,1,1,17,1,MMMMM,17,4.8,4.8,T,34.2,34.2,T,,,,
John Dietrich,9/22/20,2020,TB,2,2,20,2,HHMMM,20,10.3,10.3,T,36.9,36.9,T,,,,
John Dietrich,9/22/20,2020,TB,2,2,23,1,HHMMM,23,16.0,16,T,36.8,36.8,T,,,,
John Dietrich,9/22/20,2020,TB,2,1,25,1,MMMMM,25,24.4,24.4,T,36.5,36.5,T,,,,
John Dietrich,9/22/20,2020,TB,2,1,29,2,MMMMM,29,17.8,17.8,T,36.5,36.5,T,,,,
John Dietrich,9/22/20,2020,TB,2,3,34,1,MLLMM,34,13.6,13.6,T,36.9,36.9,T,,,,
John Dietrich,9/22/20,2020,TB,2,3,36,2,MLLMM,36,14.9,14.9,T,36.7,36.7,T,,,,
John Dietrich,9/22/20,2020,TB,3,3,39,1,MLLMM,39,29.6,29.6,T,34.6,34.6,T,,,,
John Dietrich,9/22/20,2020,TB,3,3,41,2,MLLMM,41,30.3,30.3,T,34.8,34.8,T,,,,
John Dietrich,9/22/20,2020,TB,3,2,43,1,HHMMM,43,26.7,26.7,T,35.2,35.2,T,,,,
John Dietrich,9/22/20,2020,TB,3,2,48,2,HHMMM,48,30.0,30,T,36.9,36.9,T,,,,
John Dietrich,9/22/20,2020,TB,3,1,52,1,MMMMM,52,18.0,18,T,36.3,36.3,T,,,,
John Dietrich,9/22/20,2020,TB,3,1,53,2,MMMMM,53,29.8,29.8,T,36.4,36.4,T,,,,
John Dietrich,10/5/20,2020,TB,1,2,3,1,HHMMM,3,1.7,1.7,T,25.2,25.2,T,,,,
John Dietrich,10/5/20,2020,TB,1,2,4,2,HHMMM,4,1.4,1.4,T,24.8,24.8,T,,,,
John Dietrich,10/5/20,2020,TB,1,3,7,2,MLLMM,7,4.6,4.6,T,24.7,24.7,T,,,,
John Dietrich,10/5/20,2020,TB,1,3,9,1,MLLMM,9,3.4,3.4,T,24.5,24.5,T,,,,
John Dietrich,10/5/20,2020,TB,1,1,15,2,MMMMM,15,3.8,3.8,T,25.7,25.7,T,,,,
John Dietrich,10/5/20,2020,TB,1,1,17,1,MMMMM,17,5.4,5.4,T,26,26,T,,,,
John Dietrich,10/5/20,2020,TB,2,2,20,2,HHMMM,20,6.3,6.3,T,25.2,25.2,T,,,,
John Dietrich,10/5/20,2020,TB,2,2,23,1,HHMMM,23,3.2,3.2,T,25.3,25.3,T,,,,
John Dietrich,10/5/20,2020,TB,2,1,25,1,MMMMM,25,16.7,16.7,T,25.2,25.2,T,,,,
John Dietrich,10/5/20,2020,TB,2,1,29,2,MMMMM,29,5.5,5.5,T,25.2,25.2,T,,,,
John Dietrich,10/5/20,2020,TB,2,3,34,1,MLLMM,34,8.4,8.4,T,25.7,25.7,T,,,,
John Dietrich,10/5/20,2020,TB,2,3,36,2,MLLMM,36,4.5,4.5,T,26,26,T,,,,
John Dietrich,10/5/20,2020,TB,3,3,39,1,MLLMM,39,16.9,16.9,T,24.8,24.8,T,,,,
John Dietrich,10/5/20,2020,TB,3,3,41,2,MLLMM,41,20.7,20.7,T,24.4,24.4,T,,,,
John Dietrich,10/5/20,2020,TB,3,2,43,1,HHMMM,43,8.9,8.9,T,24.2,24.2,T,,,,
John Dietrich,10/5/20,2020,TB,3,2,48,2,HHMMM,48,8.5,8.5,T,24.1,24.1,T,,,,
John Dietrich,10/5/20,2020,TB,3,1,52,1,MMMMM,52,16.9,16.9,T,23.9,23.9,T,,,,
John Dietrich,10/5/20,2020,TB,3,1,53,2,MMMMM,53,20.7,20.7,T,23.9,23.9,T,,,,
John Dietrich,10/20/20,2020,TB,1,2,3,1,HHMMM,3,9.1,9.1,T,8.4,8.4,T,,,,
John Dietrich,10/20/20,2020,TB,1,2,4,2,HHMMM,4,7.9,7.9,T,7.9,7.9,T,,,,
John Dietrich,10/20/20,2020,TB,1,3,7,2,MLLMM,7,13.3,13.3,T,6.8,6.8,T,,,,
John Dietrich,10/20/20,2020,TB,1,3,9,1,MLLMM,9,9.8,9.8,T,6.5,6.5,T,,,,
John Dietrich,10/20/20,2020,TB,1,1,15,2,MMMMM,15,12.6,12.6,T,6,6,T,,,,
John Dietrich,10/20/20,2020,TB,1,1,17,1,MMMMM,17,12.2,12.2,T,5.9,5.9,T,,,,
John Dietrich,10/20/20,2020,TB,2,2,20,2,HHMMM,20,19.6,19.6,T,5.7,5.7,T,,,,
John Dietrich,10/20/20,2020,TB,2,2,23,1,HHMMM,23,18.3,18.3,T,5.7,5.7,T,,,,
John Dietrich,10/20/20,2020,TB,2,1,25,1,MMMMM,25,28.1,28.1,T,5.7,5.7,T,,,,
John Dietrich,10/20/20,2020,TB,2,1,29,2,MMMMM,29,20.7,20.7,T,6.1,6.1,T,,,,
John Dietrich,10/20/20,2020,TB,2,3,34,1,MLLMM,34,18.4,18.4,T,6.7,6.7,T,,,,
John Dietrich,10/20/20,2020,TB,2,3,36,2,MLLMM,36,18.7,18.7,T,6.8,6.8,T,,,,
John Dietrich,10/20/20,2020,TB,3,3,39,1,MLLMM,39,21.2,21.2,T,7.4,7.4,T,,,,
John Dietrich,10/20/20,2020,TB,3,3,41,2,MLLMM,41,28.7,28.7,T,7.4,7.4,T,,,,
John Dietrich,10/20/20,2020,TB,3,2,43,1,HHMMM,43,23.3,23.3,T,7.3,7.3,T,,,,
John Dietrich,10/20/20,2020,TB,3,2,48,2,HHMMM,48,23.6,23.6,T,7.2,7.2,T,,,,
John Dietrich,10/20/20,2020,TB,3,1,52,1,MMMMM,52,21.6,21.6,T,7.1,7.1,T,,,,
John Dietrich,10/20/20,2020,TB,3,1,53,2,MMMMM,53,17.2,17.2,T,7.1,7.1,T,,,,
John Dietrich,4/23/21,2021,TB,1,2,3,1,HHMMM,3,12.8,12.8,T,7.2,7.2,T,,,,
John Dietrich,4/23/21,2021,TB,1,2,4,2,HHMMM,4,18.4,18.4,T,7.6,7.6,T,,,,
John Dietrich,4/23/21,2021,TB,1,3,7,2,MLLMM,7,22.6,22.6,T,7.6,7.6,T,,,,
John Dietrich,4/23/21,2021,TB,1,3,9,1,MLLMM,9,12.6,12.6,T,7.6,7.6,T,,,,
John Dietrich,4/23/21,2021,TB,1,1,15,2,MMMMM,15,18.2,18.2,T,7.9,7.9,T,,,,
John Dietrich,4/23/21,2021,TB,1,1,17,1,MMMMM,17,24.7,24.7,T,8,8,T,,,,
John Dietrich,4/23/21,2021,TB,2,2,20,2,HHMMM,20,23.4,23.4,T,8.3,8.3,T,,,,
John Dietrich,4/23/21,2021,TB,2,2,23,1,HHMMM,23,33.4,33.4,T,8.6,8.6,T,,,,
John Dietrich,4/23/21,2021,TB,2,1,25,1,MMMMM,25,34.9,34.9,T,9.1,9.1,T,,,,
John Dietrich,4/23/21,2021,TB,2,1,29,2,MMMMM,29,21.8,21.8,T,9,9,T,,,,
John Dietrich,4/23/21,2021,TB,2,3,34,1,MLLMM,34,20.7,20.7,T,8.9,8.9,T,,,,
John Dietrich,4/23/21,2021,TB,2,3,36,2,MLLMM,36,35.1,35.1,T,9.2,9.2,T,,,,
John Dietrich,4/23/21,2021,TB,3,3,39,1,MLLMM,39,35.9,35.9,T,4.9,4.9,T,,,,
John Dietrich,4/23/21,2021,TB,3,3,41,2,MLLMM,41,36.5,36.5,T,4.8,4.8,T,,,,
John Dietrich,4/23/21,2021,TB,3,2,43,1,HHMMM,43,28.8,28.8,T,4.7,4.7,T,,,,
John Dietrich,4/23/21,2021,TB,3,2,48,2,HHMMM,48,33.7,33.7,T,4.4,4.4,T,,,,
John Dietrich,4/23/21,2021,TB,3,1,52,1,MMMMM,52,29.6,29.6,T,4.6,4.6,T,,,,
John Dietrich,4/23/21,2021,TB,3,1,53,2,MMMMM,53,33.3,33.3,T,4.7,4.7,T,,,,
John Dietrich,5/6/21,2021,TB,1,2,3,1,HHMMM,3,9.0,9,T,22.2,22.2,T,,,,
John Dietrich,5/6/21,2021,TB,1,2,4,2,HHMMM,4,8.4,8.4,T,23.3,23.3,T,,,,
John Dietrich,5/6/21,2021,TB,1,3,7,2,MLLMM,7,16.5,16.5,T,24.3,24.3,T,,,,
John Dietrich,5/6/21,2021,TB,1,3,9,1,MLLMM,9,8.2,8.2,T,24.6,24.6,T,,,,
John Dietrich,5/6/21,2021,TB,1,1,15,2,MMMMM,15,15.8,15.8,T,27.5,27.5,T,,,,
John Dietrich,5/6/21,2021,TB,1,1,17,1,MMMMM,17,11.6,11.6,T,27.5,27.5,T,,,,
John Dietrich,5/6/21,2021,TB,2,2,20,2,HHMMM,20,18.1,18.1,T,26.4,26.4,T,,,,
John Dietrich,5/6/21,2021,TB,2,2,23,1,HHMMM,23,15.9,15.9,T,27.6,27.6,T,,,,
John Dietrich,5/6/21,2021,TB,2,1,25,1,MMMMM,25,8.7,8.7,T,28.8,28.8,T,,,,
John Dietrich,5/6/21,2021,TB,2,1,29,2,MMMMM,29,8.8,8.8,T,30.6,30.6,T,,,,
John Dietrich,5/6/21,2021,TB,2,3,34,1,MLLMM,34,25.0,25,T,30.9,30.9,T,,,,
John Dietrich,5/6/21,2021,TB,2,3,36,2,MLLMM,36,10.7,10.7,T,30.7,30.7,T,,,,
John Dietrich,5/6/21,2021,TB,3,3,39,1,MLLMM,39,19.6,19.6,T,28.9,28.9,T,,,,
John Dietrich,5/6/21,2021,TB,3,3,41,2,MLLMM,41,29.8,29.8,T,29.1,29.1,T,,,,
John Dietrich,5/6/21,2021,TB,3,2,43,1,HHMMM,43,19.6,19.6,T,29.7,29.7,T,,,,
John Dietrich,5/6/21,2021,TB,3,2,48,2,HHMMM,48,28.8,28.8,T,32.8,32.8,T,,,,
John Dietrich,5/6/21,2021,TB,3,1,52,1,MMMMM,52,28.7,28.7,T,32.5,32.5,T,,,,
John Dietrich,5/6/21,2021,TB,3,1,53,2,MMMMM,53,23.7,23.7,T,32.5,32.5,T,,,,
John Dietrich,5/19/21,2021,TB,1,2,3,1,HHMMM,3,8.6,8.6,T,23.8,23.8,T,,,,
John Dietrich,5/19/21,2021,TB,1,2,4,2,HHMMM,4,11.8,11.8,T,23.5,23.5,T,,,,
John Dietrich,5/19/21,2021,TB,1,3,7,2,MLLMM,7,20.2,20.2,T,26.4,26.4,T,,,,
John Dietrich,5/19/21,2021,TB,1,3,9,1,MLLMM,9,11.3,11.3,T,27.2,27.2,T,,,,
John Dietrich,5/19/21,2021,TB,1,1,15,2,MMMMM,15,7.4,7.4,T,31.1,31.1,T,,,,
John Dietrich,5/19/21,2021,TB,1,1,17,1,MMMMM,17,12.1,12.1,T,31,31,T,,,,
John Dietrich,5/19/21,2021,TB,2,2,20,2,HHMMM,20,30.6,30.6,T,31.5,31.5,T,,,,
John Dietrich,5/19/21,2021,TB,2,2,23,1,HHMMM,23,28.8,28.8,T,31.1,31.1,T,,,,
John Dietrich,5/19/21,2021,TB,2,1,25,1,MMMMM,25,29.7,29.7,T,31.1,31.1,T,,,,
John Dietrich,5/19/21,2021,TB,2,1,29,2,MMMMM,29,18.9,18.9,T,31.2,31.2,T,,,,
John Dietrich,5/19/21,2021,TB,2,3,34,1,MLLMM,34,18.1,18.1,T,31.4,31.4,T,,,,
John Dietrich,5/19/21,2021,TB,2,3,36,2,MLLMM,36,22.1,22.1,T,31.8,31.8,T,,,,
John Dietrich,5/19/21,2021,TB,3,3,39,1,MLLMM,39,29.5,29.5,T,30,30,T,,,,
John Dietrich,5/19/21,2021,TB,3,3,41,2,MLLMM,41,39.2,39.2,T,30.6,30.6,T,,,,
John Dietrich,5/19/21,2021,TB,3,2,43,1,HHMMM,43,29.8,29.8,T,30.5,30.5,T,,,,
John Dietrich,5/19/21,2021,TB,3,2,48,2,HHMMM,48,36.9,36.9,T,33.4,33.4,T,,,,
John Dietrich,5/19/21,2021,TB,3,1,52,1,MMMMM,52,34.4,34.4,T,34.3,34.3,T,,,,
John Dietrich,5/19/21,2021,TB,3,1,53,2,MMMMM,53,38.2,38.2,T,34.7,34.7,T,,,,
Rachel Snodgrass with JDD,6/2/21,2021,TB,1,2,3,1,HHMMM,3,4.4,4.4,T,33.4,33.4,T,,,,
Rachel Snodgrass with JDD,6/2/21,2021,TB,1,2,4,2,HHMMM,4,4.0,4,T,33,33,T,,,,
Rachel Snodgrass with JDD,6/2/21,2021,TB,1,3,7,2,MLLMM,7,9.6,9.6,T,33.1,33.1,T,,,,
Rachel Snodgrass with JDD,6/2/21,2021,TB,1,3,9,1,MLLMM,9,8.2,8.2,T,33.4,33.4,T,,,,
Rachel Snodgrass with JDD,6/2/21,2021,TB,1,1,15,2,MMMMM,15,4.1,4.1,T,33.1,33.1,T,,,,
Rachel Snodgrass with JDD,6/2/21,2021,TB,1,1,17,1,MMMMM,17,4.7,4.7,T,32.9,32.9,T,,,,
Rachel Snodgrass with JDD,6/2/21,2021,TB,2,2,20,2,HHMMM,20,10.7,10.7,T,33.2,33.2,T,,,,
Rachel Snodgrass with JDD,6/2/21,2021,TB,2,2,23,1,HHMMM,23,17.8,17.8,T,33.3,33.3,T,,,,
Rachel Snodgrass with JDD,6/2/21,2021,TB,2,1,25,1,MMMMM,25,7.8,7.8,T,33.6,33.6,T,,,,
Rachel Snodgrass with JDD,6/2/21,2021,TB,2,1,29,2,MMMMM,29,9.4,9.4,T,33.3,33.3,T,,,,
Rachel Snodgrass with JDD,6/2/21,2021,TB,2,3,34,1,MLLMM,34,10.3,10.3,T,33.6,33.6,T,,,,
Rachel Snodgrass with JDD,6/2/21,2021,TB,2,3,36,2,MLLMM,36,6.7,6.7,T,33.8,33.8,T,,,,
Rachel Snodgrass with JDD,6/2/21,2021,TB,3,3,39,1,MLLMM,39,30.3,30.3,T,34,34,T,,,,
Rachel Snodgrass with JDD,6/2/21,2021,TB,3,3,41,2,MLLMM,41,27.3,27.3,T,34,34,T,,,,
Rachel Snodgrass with JDD,6/2/21,2021,TB,3,2,43,1,HHMMM,43,15.2,15.2,T,31.6,31.6,T,,,,
Rachel Snodgrass with JDD,6/2/21,2021,TB,3,2,48,2,HHMMM,48,30.3,30.3,T,32.8,32.8,T,,,,
Rachel Snodgrass with JDD,6/2/21,2021,TB,3,1,52,1,MMMMM,52,19.1,19.1,T,33.3,33.3,T,,,,
Rachel Snodgrass with JDD,6/2/21,2021,TB,3,1,53,2,MMMMM,53,26.8,26.8,T,33.5,33.5,T,,,,
John Dietrich with RS,6/16/21,2021,TB,1,2,3,1,HHMMM,3,2.2,2.2,T,40.8,40.8,T,,,,
John Dietrich with RS,6/16/21,2021,TB,1,2,4,2,HHMMM,4,2.9,2.9,T,40.6,40.6,T,,,,
John Dietrich with RS,6/16/21,2021,TB,1,3,7,2,MLLMM,7,4.8,4.8,T,40.7,40.7,T,,,,
John Dietrich with RS,6/16/21,2021,TB,1,3,9,1,MLLMM,9,2.9,2.9,T,42.1,42.1,T,,,,
John Dietrich with RS,6/16/21,2021,TB,1,1,15,2,MMMMM,15,2.7,2.7,T,42.5,42.5,T,,,,
John Dietrich with RS,6/16/21,2021,TB,1,1,17,1,MMMMM,17,4.2,4.2,T,42.3,42.3,T,,,,
John Dietrich with RS,6/16/21,2021,TB,2,2,20,2,HHMMM,20,7.7,7.7,T,41.2,41.2,T,,,,
John Dietrich with RS,6/16/21,2021,TB,2,2,23,1,HHMMM,23,13.8,13.8,T,42.4,42.4,T,,,,
John Dietrich with RS,6/16/21,2021,TB,2,1,25,1,MMMMM,25,9.7,9.7,T,40.6,40.6,T,,,,
John Dietrich with RS,6/16/21,2021,TB,2,1,29,2,MMMMM,29,9.2,9.2,T,40.5,40.5,T,,,,
John Dietrich with RS,6/16/21,2021,TB,2,3,34,1,MLLMM,34,4.4,4.4,T,41.1,41.1,T,,,,
John Dietrich with RS,6/16/21,2021,TB,2,3,36,2,MLLMM,36,9.1,9.1,T,41.1,41.1,T,,,,
John Dietrich with RS,6/16/21,2021,TB,3,3,39,1,MLLMM,39,10.3,10.3,T,40.4,40.4,T,,,,
John Dietrich with RS,6/16/21,2021,TB,3,3,41,2,MLLMM,41,5.9,5.9,T,41.1,41.1,T,,,,
John Dietrich with RS,6/16/21,2021,TB,3,2,43,1,HHMMM,43,13.5,13.5,T,41.3,41.3,T,,,,
John Dietrich with RS,6/16/21,2021,TB,3,2,48,2,HHMMM,48,15.5,15.5,T,43.4,43.4,T,,,,
John Dietrich with RS,6/16/21,2021,TB,3,1,52,1,MMMMM,52,11.9,11.9,T,43.6,43.6,T,,,,
John Dietrich with RS,6/16/21,2021,TB,3,1,53,2,MMMMM,53,20.7,20.7,T,43.5,43.5,T,,,,
Rachel Snodgrass,6/29/21,2021,TB,1,2,3,1,HHMMM,3,9.0,9,T,21.5,21.5,T,,,,
Rachel Snodgrass,6/29/21,2021,TB,1,2,4,2,HHMMM,4,10.2,10.2,T,21.4,21.4,T,,,,
Rachel Snodgrass,6/29/21,2021,TB,1,3,7,2,MLLMM,7,22.2,22.2,T,16.7,16.7,T,,,,
Rachel Snodgrass,6/29/21,2021,TB,1,3,9,1,MLLMM,9,12.0,12,T,16.2,16.2,T,,,,
Rachel Snodgrass,6/29/21,2021,TB,1,1,15,2,MMMMM,15,13.5,13.5,T,18.5,18.5,T,,,,
Rachel Snodgrass,6/29/21,2021,TB,1,1,17,1,MMMMM,17,12.9,12.9,T,19.2,19.2,T,,,,
Rachel Snodgrass,6/29/21,2021,TB,2,2,20,2,HHMMM,20,24.4,24.4,T,21.9,21.9,T,,,,
Rachel Snodgrass,6/29/21,2021,TB,2,2,23,1,HHMMM,23,27.3,27.3,T,22.2,22.2,T,,,,
Rachel Snodgrass,6/29/21,2021,TB,2,1,25,1,MMMMM,25,12.5,12.5,T,23.1,23.1,T,,,,
Rachel Snodgrass,6/29/21,2021,TB,2,1,29,2,MMMMM,29,21.1,21.1,T,25.1,25.1,T,,,,
Rachel Snodgrass,6/29/21,2021,TB,2,3,34,1,MLLMM,34,18.9,18.9,T,24.4,24.4,T,,,,
Rachel Snodgrass,6/29/21,2021,TB,2,3,36,2,MLLMM,36,14.0,14,T,24.7,24.7,T,,,,
Rachel Snodgrass,6/29/21,2021,TB,3,3,39,1,MLLMM,39,31.9,31.9,T,28.2,28.2,T,,,,
Rachel Snodgrass,6/29/21,2021,TB,3,3,41,2,MLLMM,41,33.7,33.7,T,28.6,28.6,T,,,,
Rachel Snodgrass,6/29/21,2021,TB,3,2,43,1,HHMMM,43,28.8,28.8,T,29.8,29.8,T,,,,
Rachel Snodgrass,6/29/21,2021,TB,3,2,48,2,HHMMM,48,29.8,29.8,T,34.4,34.4,T,,,,
Rachel Snodgrass,6/29/21,2021,TB,3,1,52,1,MMMMM,52,32.8,32.8,T,34.2,34.2,T,,,,
Rachel Snodgrass,6/29/21,2021,TB,3,1,53,2,MMMMM,53,38.8,38.8,T,34.5,34.5,T,,,,
Rachel Snodgrass,7/14/21,2021,TB,1,2,3,1,HHMMM,3,2.5,2.5,T,26.7,26.7,T,,,,
Rachel Snodgrass,7/14/21,2021,TB,1,2,4,2,HHMMM,4,3.3,3.3,T,26.8,26.8,T,,,,
Rachel Snodgrass,7/14/21,2021,TB,1,3,7,2,MLLMM,7,6.3,6.3,T,28.6,28.6,T,,,,
Rachel Snodgrass,7/14/21,2021,TB,1,3,9,1,MLLMM,9,3.0,3,T,29.7,29.7,T,,,,
Rachel Snodgrass,7/14/21,2021,TB,1,1,15,2,MMMMM,15,4.6,4.6,T,31.8,31.8,T,,,,
Rachel Snodgrass,7/14/21,2021,TB,1,1,17,1,MMMMM,17,4.4,4.4,T,34,34,T,,,,
Rachel Snodgrass,7/14/21,2021,TB,2,2,20,2,HHMMM,20,6.2,6.2,T,21.8,21.8,T,,,,
Rachel Snodgrass,7/14/21,2021,TB,2,2,23,1,HHMMM,23,15.6,15.6,T,22.5,22.5,T,,,,
Rachel Snodgrass,7/14/21,2021,TB,2,1,25,1,MMMMM,25,16.0,16,T,23.3,23.3,T,,,,
Rachel Snodgrass,7/14/21,2021,TB,2,1,29,2,MMMMM,29,5.7,5.7,T,23.4,23.4,T,,,,
Rachel Snodgrass,7/14/21,2021,TB,2,3,34,1,MLLMM,34,6.2,6.2,T,25.6,25.6,T,,,,
Rachel Snodgrass,7/14/21,2021,TB,2,3,36,2,MLLMM,36,4.3,4.3,T,26,26,T,,,,
Rachel Snodgrass,7/14/21,2021,TB,3,3,39,1,MLLMM,39,13.0,13,T,19.4,19.4,T,,,,
Rachel Snodgrass,7/14/21,2021,TB,3,3,41,2,MLLMM,41,15.7,15.7,T,19.3,19.3,T,,,,
Rachel Snodgrass,7/14/21,2021,TB,3,2,43,1,HHMMM,43,15.8,15.8,T,19.1,19.1,T,,,,
Rachel Snodgrass,7/14/21,2021,TB,3,2,48,2,HHMMM,48,20.5,20.5,T,19.3,19.3,T,,,,
Rachel Snodgrass,7/14/21,2021,TB,3,1,52,1,MMMMM,52,15.1,15.1,T,20.3,20.3,T,,,,
Rachel Snodgrass,7/14/21,2021,TB,3,1,53,2,MMMMM,53,8.2,8.2,T,20.4,20.4,T,,,,
Rachel Snodgrass,7/14/21,2021,TB,1,2,3,1,HHMMM,3,1.6,1.6,T,42.9,42.9,T,,,,
Rachel Snodgrass,7/14/21,2021,TB,1,2,4,2,HHMMM,4,2.3,2.3,T,42.9,42.9,T,,,,
Rachel Snodgrass,7/14/21,2021,TB,1,3,7,2,MLLMM,7,6.6,6.6,T,42.3,42.3,T,,,,
Rachel Snodgrass,7/14/21,2021,TB,1,3,9,1,MLLMM,9,5.5,5.5,T,43.6,43.6,T,,,,
Rachel Snodgrass,7/14/21,2021,TB,1,1,15,2,MMMMM,15,4.0,4,T,45,45,T,,,,
Rachel Snodgrass,7/14/21,2021,TB,1,1,17,1,MMMMM,17,6.3,6.3,T,44.7,44.7,T,,,,
Rachel Snodgrass,7/14/21,2021,TB,2,2,20,2,HHMMM,20,5.3,5.3,T,43.3,43.3,T,,,,
Rachel Snodgrass,7/14/21,2021,TB,2,2,23,1,HHMMM,23,13.6,13.6,T,43,43,T,,,,
Rachel Snodgrass,7/14/21,2021,TB,2,1,25,1,MMMMM,25,10.8,10.8,T,37.2,37.2,T,,,,
Rachel Snodgrass,7/14/21,2021,TB,2,1,29,2,MMMMM,29,5.8,5.8,T,41,41,T,,,,
Rachel Snodgrass,7/14/21,2021,TB,2,3,34,1,MLLMM,34,6.3,6.3,T,42.6,42.6,T,,,,
Rachel Snodgrass,7/14/21,2021,TB,2,3,36,2,MLLMM,36,4.3,4.3,T,43.4,43.4,T,,,,
Rachel Snodgrass,7/14/21,2021,TB,3,3,39,1,MLLMM,39,12.6,12.6,T,43.8,43.8,T,,,,
Rachel Snodgrass,7/14/21,2021,TB,3,3,41,2,MLLMM,41,19.6,19.6,T,46.1,46.1,T,,,,
Rachel Snodgrass,7/14/21,2021,TB,3,2,43,1,HHMMM,43,13.3,13.3,T,37.9,37.9,T,,,,
Rachel Snodgrass,7/14/21,2021,TB,3,2,48,2,HHMMM,48,9.3,9.3,T,43.8,43.8,T,,,,
Rachel Snodgrass,7/14/21,2021,TB,3,1,52,1,MMMMM,52,18.6,18.6,T,44.9,44.9,T,,,,
Rachel Snodgrass,7/14/21,2021,TB,3,1,53,2,MMMMM,53,10.7,10.7,T,44.8,44.8,T,,,,
Rachel Snodgrass,7/27/21,2021,TB,1,2,3,1,HHMMM,3,1.6,1.6,T,42.9,42.9,T,,,,
Rachel Snodgrass,7/27/21,2021,TB,1,2,4,2,HHMMM,4,2.3,2.3,T,42.9,42.9,T,,,,
Rachel Snodgrass,7/27/21,2021,TB,1,3,7,2,MLLMM,7,6.6,6.6,T,42.3,42.3,T,,,,
Rachel Snodgrass,7/27/21,2021,TB,1,3,9,1,MLLMM,9,5.5,5.5,T,43.6,43.6,T,,,,
Rachel Snodgrass,7/27/21,2021,TB,1,1,15,2,MMMMM,15,4.0,4,T,45,45,T,,,,
Rachel Snodgrass,7/27/21,2021,TB,1,1,17,1,MMMMM,17,6.3,6.3,T,44.7,44.7,T,,,,
Rachel Snodgrass,7/27/21,2021,TB,2,2,20,2,HHMMM,20,5.3,5.3,T,43.3,43.3,T,,,,
Rachel Snodgrass,7/27/21,2021,TB,2,2,23,1,HHMMM,23,13.6,13.6,T,43,43,T,,,,
Rachel Snodgrass,7/27/21,2021,TB,2,1,25,1,MMMMM,25,10.8,10.8,T,37.2,37.2,T,,,,
Rachel Snodgrass,7/27/21,2021,TB,2,1,29,2,MMMMM,29,5.8,5.8,T,41,41,T,,,,
Rachel Snodgrass,7/27/21,2021,TB,2,3,34,1,MLLMM,34,6.3,6.3,T,42.6,42.6,T,,,,
Rachel Snodgrass,7/27/21,2021,TB,2,3,36,2,MLLMM,36,4.3,4.3,T,43.4,43.4,T,,,,
Rachel Snodgrass,7/27/21,2021,TB,3,3,39,1,MLLMM,39,12.6,12.6,T,43.8,43.8,T,,,,
Rachel Snodgrass,7/27/21,2021,TB,3,3,41,2,MLLMM,41,19.6,19.6,T,46.1,46.1,T,,,,
Rachel Snodgrass,7/27/21,2021,TB,3,2,43,1,HHMMM,43,13.3,13.3,T,37.9,37.9,T,,,,
Rachel Snodgrass,7/27/21,2021,TB,3,2,48,2,HHMMM,48,9.3,9.3,T,43.8,43.8,T,,,,
Rachel Snodgrass,7/27/21,2021,TB,3,1,52,1,MMMMM,52,18.6,18.6,T,44.9,44.9,T,,,,
Rachel Snodgrass,7/27/21,2021,TB,3,1,53,2,MMMMM,53,10.7,10.7,T,44.8,44.8,T,,,,
Rachel Snodgrass,8/11/21,2021,TB,1,2,3,1,HHMMM,3,5.2,5.2,T,36.2,36.2,T,,,,
Rachel Snodgrass,8/11/21,2021,TB,1,2,4,2,HHMMM,4,5.9,5.9,T,36.1,36.1,T,,,,
Rachel Snodgrass,8/11/21,2021,TB,1,3,7,2,MLLMM,7,11.7,11.7,T,33.5,33.5,T,,,,
Rachel Snodgrass,8/11/21,2021,TB,1,3,9,1,MLLMM,9,5.2,5.2,T,33,33,T,,,,
Rachel Snodgrass,8/11/21,2021,TB,1,1,15,2,MMMMM,15,12.6,12.6,T,36,36,T,,,,
Rachel Snodgrass,8/11/21,2021,TB,1,1,17,1,MMMMM,17,6.6,6.6,T,35.6,35.6,T,,,,
Rachel Snodgrass,8/11/21,2021,TB,2,2,20,2,HHMMM,20,20.3,20.3,T,37.6,37.6,T,,,,
Rachel Snodgrass,8/11/21,2021,TB,2,2,23,1,HHMMM,23,21.8,21.8,T,37.2,37.2,T,,,,
Rachel Snodgrass,8/11/21,2021,TB,2,1,25,1,MMMMM,25,25.8,25.8,T,41.7,41.7,T,,,,
Rachel Snodgrass,8/11/21,2021,TB,2,1,29,2,MMMMM,29,11.3,11.3,T,40.7,40.7,T,,,,
Rachel Snodgrass,8/11/21,2021,TB,2,3,34,1,MLLMM,34,14.8,14.8,T,38.7,38.7,T,,,,
Rachel Snodgrass,8/11/21,2021,TB,2,3,36,2,MLLMM,36,11.1,11.1,T,38,38,T,,,,
Rachel Snodgrass,8/11/21,2021,TB,3,3,39,1,MLLMM,39,15.1,15.1,T,36.8,36.8,T,,,,
Rachel Snodgrass,8/11/21,2021,TB,3,3,41,2,MLLMM,41,20.9,20.9,T,37.3,37.3,T,,,,
Rachel Snodgrass,8/11/21,2021,TB,3,2,43,1,HHMMM,43,24.0,24,T,43.6,43.6,T,,,,
Rachel Snodgrass,8/11/21,2021,TB,3,2,48,2,HHMMM,48,21.1,21.1,T,38,38,T,,,,
Rachel Snodgrass,8/11/21,2021,TB,3,1,52,1,MMMMM,52,25.0,25,T,37.6,37.6,T,,,,
Rachel Snodgrass,8/11/21,2021,TB,3,1,53,2,MMMMM,53,27.8,27.8,T,37.4,37.4,T,,,,
John Dietrich and Kristina Guarriello,8/31/21,2021,TB,1,2,3,1,HHMMM,3,3.5,3.5,T,28.2,28.2,T,,,,
John Dietrich and Kristina Guarriello,8/31/21,2021,TB,1,2,4,2,HHMMM,4,4.5,4.5,T,30,30,T,,,,
John Dietrich and Kristina Guarriello,8/31/21,2021,TB,1,3,7,2,MLLMM,7,8.4,8.4,T,30.5,30.5,T,,,,
John Dietrich and Kristina Guarriello,8/31/21,2021,TB,1,3,9,1,MLLMM,9,4.6,4.6,T,31,31,T,,,,
John Dietrich and Kristina Guarriello,8/31/21,2021,TB,1,1,15,2,MMMMM,15,5.1,5.1,T,31.8,31.8,T,,,,
John Dietrich and Kristina Guarriello,8/31/21,2021,TB,1,1,17,1,MMMMM,17,4.3,4.3,T,31.8,31.8,T,,,,
John Dietrich and Kristina Guarriello,8/31/21,2021,TB,2,2,20,2,HHMMM,20,13.5,13.5,T,31.6,31.6,T,,,,
John Dietrich and Kristina Guarriello,8/31/21,2021,TB,2,2,23,1,HHMMM,23,21.5,21.5,T,31.6,31.6,T,,,,
John Dietrich and Kristina Guarriello,8/31/21,2021,TB,2,1,25,1,MMMMM,25,24.4,24.4,T,31.4,31.4,T,,,,
John Dietrich and Kristina Guarriello,8/31/21,2021,TB,2,1,29,2,MMMMM,29,11.3,11.3,T,31.2,31.2,T,,,,
John Dietrich and Kristina Guarriello,8/31/21,2021,TB,2,3,34,1,MLLMM,34,13.8,13.8,T,30.9,30.9,T,,,,
John Dietrich and Kristina Guarriello,8/31/21,2021,TB,2,3,36,2,MLLMM,36,20.3,20.3,T,30.7,30.7,T,,,,
John Dietrich and Kristina Guarriello,8/31/21,2021,TB,3,3,39,1,MLLMM,39,17.5,17.5,T,30.2,30.2,T,,,,
John Dietrich and Kristina Guarriello,8/31/21,2021,TB,3,3,41,2,MLLMM,41,21.0,21,T,30.1,30.1,T,,,,
John Dietrich and Kristina Guarriello,8/31/21,2021,TB,3,2,43,1,HHMMM,43,18.8,18.8,T,29.9,29.9,T,,,,
John Dietrich and Kristina Guarriello,8/31/21,2021,TB,3,2,48,2,HHMMM,48,11.0,11,T,29.6,29.6,T,,,,
John Dietrich and Kristina Guarriello,8/31/21,2021,TB,3,1,52,1,MMMMM,52,27.1,27.1,T,29.4,29.4,T,,,,
John Dietrich and Kristina Guarriello,8/31/21,2021,TB,3,1,53,2,MMMMM,53,25.6,25.6,T,29.3,29.3,T,,,,
John Dietrich and Elle Ping,9/15/21,2021,TB,1,2,3,1,HHMMM,3,2.2,2.2,T,19.2,19.2,T,,,,
John Dietrich and Elle Ping,9/15/21,2021,TB,1,2,4,2,HHMMM,4,2.9,2.9,T,20,20,T,,,,
John Dietrich and Elle Ping,9/15/21,2021,TB,1,3,7,2,MLLMM,7,7.9,7.9,T,20.3,20.3,T,,,,
John Dietrich and Elle Ping,9/15/21,2021,TB,1,3,9,1,MLLMM,9,6.4,6.4,T,20.1,20.1,T,,,,
John Dietrich and Elle Ping,9/15/21,2021,TB,1,1,15,2,MMMMM,15,4.5,4.5,T,20.5,20.5,T,,,,
John Dietrich and Elle Ping,9/15/21,2021,TB,1,1,17,1,MMMMM,17,9.0,9,T,21.2,21.2,T,,,,
John Dietrich and Elle Ping,9/15/21,2021,TB,2,2,20,2,HHMMM,20,6.1,6.1,T,21.5,21.5,T,,,,
John Dietrich and Elle Ping,9/15/21,2021,TB,2,2,23,1,HHMMM,23,8.2,8.2,T,22,22,T,,,,
John Dietrich and Elle Ping,9/15/21,2021,TB,2,1,25,1,MMMMM,25,7.5,7.5,T,22.2,22.2,T,,,,
John Dietrich and Elle Ping,9/15/21,2021,TB,2,1,29,2,MMMMM,29,4.1,4.1,T,22.6,22.6,T,,,,
John Dietrich and Elle Ping,9/15/21,2021,TB,2,3,34,1,MLLMM,34,6.6,6.6,T,23.2,23.2,T,,,,
John Dietrich and Elle Ping,9/15/21,2021,TB,2,3,36,2,MLLMM,36,5.0,5,T,23.6,23.6,T,,,,
John Dietrich and Elle Ping,9/15/21,2021,TB,3,3,39,1,MLLMM,39,17.2,17.2,T,23.7,23.7,T,,,,
John Dietrich and Elle Ping,9/15/21,2021,TB,3,3,41,2,MLLMM,41,15.5,15.5,T,24,24,T,,,,
John Dietrich and Elle Ping,9/15/21,2021,TB,3,2,43,1,HHMMM,43,9.4,9.4,T,24.1,24.1,T,,,,
John Dietrich and Elle Ping,9/15/21,2021,TB,3,2,48,2,HHMMM,48,10.6,10.6,T,24.8,24.8,T,,,,
John Dietrich and Elle Ping,9/15/21,2021,TB,3,1,52,1,MMMMM,52,18.9,18.9,T,25.4,25.4,T,,,,
John Dietrich and Elle Ping,9/15/21,2021,TB,3,1,53,2,MMMMM,53,22.1,22.1,T,25.5,25.5,T,,,,
John Dietrich and Elle Ping,9/29/21,2021,TB,1,2,3,1,HHMMM,3,1.7,1.7,T,16.5,16.5,T,,,,
John Dietrich and Elle Ping,9/29/21,2021,TB,1,2,4,2,HHMMM,4,2.0,2,T,14.1,14.1,T,,,,
John Dietrich and Elle Ping,9/29/21,2021,TB,1,3,7,2,MLLMM,7,4.4,4.4,T,13.2,13.2,T,,,,
John Dietrich and Elle Ping,9/29/21,2021,TB,1,3,9,1,MLLMM,9,2.6,2.6,T,12.2,12.2,T,,,,
John Dietrich and Elle Ping,9/29/21,2021,TB,1,1,15,2,MMMMM,15,2.3,2.3,T,10.6,10.6,T,,,,
John Dietrich and Elle Ping,9/29/21,2021,TB,1,1,17,1,MMMMM,17,2.4,2.4,T,10.4,10.4,T,,,,
John Dietrich and Elle Ping,9/29/21,2021,TB,2,2,20,2,HHMMM,20,7.5,7.5,T,10.8,10.8,T,,,,
John Dietrich and Elle Ping,9/29/21,2021,TB,2,2,23,1,HHMMM,23,5.2,5.2,T,9.8,9.8,T,,,,
John Dietrich and Elle Ping,9/29/21,2021,TB,2,1,25,1,MMMMM,25,13.5,13.5,T,9.4,9.4,T,,,,
John Dietrich and Elle Ping,9/29/21,2021,TB,2,1,29,2,MMMMM,29,5.7,5.7,T,9.1,9.1,T,,,,
John Dietrich and Elle Ping,9/29/21,2021,TB,2,3,34,1,MLLMM,34,7.6,7.6,T,8.9,8.9,T,,,,
John Dietrich and Elle Ping,9/29/21,2021,TB,2,3,36,2,MLLMM,36,9.5,9.5,T,8.8,8.8,T,,,,
John Dietrich and Elle Ping,9/29/21,2021,TB,3,3,39,1,MLLMM,39,12.3,12.3,T,10.9,10.9,T,,,,
John Dietrich and Elle Ping,9/29/21,2021,TB,3,3,41,2,MLLMM,41,11.7,11.7,T,10.4,10.4,T,,,,
John Dietrich and Elle Ping,9/29/21,2021,TB,3,2,43,1,HHMMM,43,13.6,13.6,T,10,10,T,,,,
John Dietrich and Elle Ping,9/29/21,2021,TB,3,2,48,2,HHMMM,48,10.0,10,T,9.4,9.4,T,,,,
John Dietrich and Elle Ping,9/29/21,2021,TB,3,1,52,1,MMMMM,52,13.1,13.1,T,9.1,9.1,T,,,,
John Dietrich and Elle Ping,9/29/21,2021,TB,3,1,53,2,MMMMM,53,16.1,16.1,T,9.1,9.1,T,,,,
John Dietrich and Elle Ping,10/11/21,2021,TB,1,2,3,1,HHMMM,3,2.3,2.3,T,16.8,16.8,T,,,,
John Dietrich and Elle Ping,10/11/21,2021,TB,1,2,4,2,HHMMM,4,1.9,1.9,T,16.7,16.7,T,,,,
John Dietrich and Elle Ping,10/11/21,2021,TB,1,3,7,2,MLLMM,7,4.2,4.2,T,16,16,T,,,,
John Dietrich and Elle Ping,10/11/21,2021,TB,1,3,9,1,MLLMM,9,6.4,6.4,T,15.7,15.7,T,,,,
John Dietrich and Elle Ping,10/11/21,2021,TB,1,1,15,2,MMMMM,15,3.0,3,T,15.3,15.3,T,,,,
John Dietrich and Elle Ping,10/11/21,2021,TB,1,1,17,1,MMMMM,17,4.1,4.1,T,15.2,15.2,T,,,,
John Dietrich and Elle Ping,10/11/21,2021,TB,2,2,20,2,HHMMM,20,4.3,4.3,T,14.9,14.9,T,,,,
John Dietrich and Elle Ping,10/11/21,2021,TB,2,2,23,1,HHMMM,23,7.4,7.4,T,14.8,14.8,T,,,,
John Dietrich and Elle Ping,10/11/21,2021,TB,2,1,25,1,MMMMM,25,12.2,12.2,T,14.8,14.8,T,,,,
John Dietrich and Elle Ping,10/11/21,2021,TB,2,1,29,2,MMMMM,29,6.0,6,T,14.6,14.6,T,,,,
John Dietrich and Elle Ping,10/11/21,2021,TB,2,3,34,1,MLLMM,34,6.6,6.6,T,14.4,14.4,T,,,,
John Dietrich and Elle Ping,10/11/21,2021,TB,2,3,36,2,MLLMM,36,3.6,3.6,T,14.4,14.4,T,,,,
John Dietrich and Elle Ping,10/11/21,2021,TB,3,3,39,1,MLLMM,39,6.2,6.2,T,14.4,14.4,T,,,,
John Dietrich and Elle Ping,10/11/21,2021,TB,3,3,41,2,MLLMM,41,14.7,14.7,T,14.1,14.1,T,,,,
John Dietrich and Elle Ping,10/11/21,2021,TB,3,2,43,1,HHMMM,43,6.6,6.6,T,14,14,T,,,,
John Dietrich and Elle Ping,10/11/21,2021,TB,3,2,48,2,HHMMM,48,9.6,9.6,T,13.9,13.9,T,,,,
John Dietrich and Elle Ping,10/11/21,2021,TB,3,1,52,1,MMMMM,52,15.5,15.5,T,13.7,13.7,T,,,,
John Dietrich and Elle Ping,10/11/21,2021,TB,3,1,53,2,MMMMM,53,1.3,1.3,T,13.7,13.7,T,,,,
John Dietrich,10/25/21,2021,TB,1,2,3,1,HHMMM,3,12.3,12.3,T,15.6,15.6,T,,,,
John Dietrich,10/25/21,2021,TB,1,2,4,2,HHMMM,4,17.1,17.1,T,16,16,T,,,,
John Dietrich,10/25/21,2021,TB,1,3,7,2,MLLMM,7,23.4,23.4,T,16,16,T,,,,
John Dietrich,10/25/21,2021,TB,1,3,9,1,MLLMM,9,20.1,20.1,T,16.2,16.2,T,,,,
John Dietrich,10/25/21,2021,TB,1,1,15,2,MMMMM,15,23.8,23.8,T,17,17,T,,,,
John Dietrich,10/25/21,2021,TB,1,1,17,1,MMMMM,17,26.2,26.2,T,16.8,16.8,T,,,,
John Dietrich,10/25/21,2021,TB,2,2,20,2,HHMMM,20,26.6,26.6,T,16.8,16.8,T,,,,
John Dietrich,10/25/21,2021,TB,2,2,23,1,HHMMM,23,22.2,22.2,T,16.8,16.8,T,,,,
John Dietrich,10/25/21,2021,TB,2,1,25,1,MMMMM,25,33.0,33,T,17,17,T,,,,
John Dietrich,10/25/21,2021,TB,2,1,29,2,MMMMM,29,18.0,18,T,17,17,T,,,,
John Dietrich,10/25/21,2021,TB,2,3,34,1,MLLMM,34,34.5,34.5,T,17.1,17.1,T,,,,
John Dietrich,10/25/21,2021,TB,2,3,36,2,MLLMM,36,28.1,28.1,T,17,17,T,,,,
John Dietrich,10/25/21,2021,TB,3,3,39,1,MLLMM,39,35.9,35.9,T,15.1,15.1,T,,,,
John Dietrich,10/25/21,2021,TB,3,3,41,2,MLLMM,41,31.7,31.7,T,14.5,14.5,T,,,,
John Dietrich,10/25/21,2021,TB,3,2,43,1,HHMMM,43,32.0,32,T,14.2,14.2,T,,,,
John Dietrich,10/25/21,2021,TB,3,2,48,2,HHMMM,48,38.0,38,T,14,14,T,,,,
John Dietrich,10/25/21,2021,TB,3,1,52,1,MMMMM,52,40.0,40,T,14.3,14.3,T,,,,
John Dietrich,10/25/21,2021,TB,3,1,53,2,MMMMM,53,37.5,37.5,T,14.4,14.4,T,,,,
Seth Romero/JohnDietrich,4/21/22,2022,TB,1,2,3,1,HHMMM,3,8.5,8.5,T,27.1,27.1,T,,,,
Seth Romero/JohnDietrich,4/21/22,2022,TB,1,2,4,2,HHMMM,4,10.6,10.6,T,26.8,26.8,T,,,,
Seth Romero/JohnDietrich,4/21/22,2022,TB,1,3,7,2,MLLMM,7,8.2,8.2,T,26.8,26.8,T,,,,
Seth Romero/JohnDietrich,4/21/22,2022,TB,1,3,9,1,MLLMM,9,8.9,8.9,T,26.8,26.8,T,,,,
Seth Romero/JohnDietrich,4/21/22,2022,TB,1,1,15,2,MMMMM,15,7.3,7.3,T,26.6,26.6,T,,,,
Seth Romero/JohnDietrich,4/21/22,2022,TB,1,1,17,1,MMMMM,17,7.7,7.7,T,26.4,26.4,T,,,,
Seth Romero/JohnDietrich,4/21/22,2022,TB,2,2,20,2,HHMMM,20,16.6,16.6,T,25.6,25.6,T,,,,
Seth Romero/JohnDietrich,4/21/22,2022,TB,2,2,23,1,HHMMM,23,28.6,28.6,T,25.3,25.3,T,,,,
Seth Romero/JohnDietrich,4/21/22,2022,TB,2,1,25,1,MMMMM,25,25.1,25.1,T,24.9,24.9,T,,,,recent gopher activity in upper part of block 2
Seth Romero/JohnDietrich,4/21/22,2022,TB,2,1,29,2,MMMMM,29,10.5,10.5,T,24.4,24.4,T,,,,
Seth Romero/JohnDietrich,4/21/22,2022,TB,2,3,34,1,MLLMM,34,18.9,18.9,T,25.2,25.2,T,,,,
Seth Romero/JohnDietrich,4/21/22,2022,TB,2,3,36,2,MLLMM,36,18.7,18.7,T,24.4,24.4,T,,,,
Seth Romero/JohnDietrich,4/21/22,2022,TB,3,3,39,1,MLLMM,39,29.6,29.6,T,27.4,27.4,T,,,,
Seth Romero/JohnDietrich,4/21/22,2022,TB,3,3,41,2,MLLMM,41,26.5,26.5,T,27.3,27.3,T,,,,
Seth Romero/JohnDietrich,4/21/22,2022,TB,3,2,43,1,HHMMM,43,31.0,31,T,27.2,27.2,T,,,,
Seth Romero/JohnDietrich,4/21/22,2022,TB,3,2,48,2,HHMMM,48,20.3,20.3,T,27,27,T,,,,
Seth Romero/JohnDietrich,4/21/22,2022,TB,3,1,52,1,MMMMM,52,36.3,36.3,T,26.8,26.8,T,,,,
Seth Romero/JohnDietrich,4/21/22,2022,TB,3,1,53,2,MMMMM,53,27.4,27.4,T,26.8,26.8,T,,,,
John Dietrich,5/2/22,2022,TB,1,2,3,1,HHMMM,3,7.0,7,T,10.7,10.7,T,,,,
John Dietrich,5/2/22,2022,TB,1,2,4,2,HHMMM,4,6.4,6.4,T,10.5,10.5,T,,,,
John Dietrich,5/2/22,2022,TB,1,3,7,2,MLLMM,7,25.0,25,T,10.6,10.6,T,,,,
John Dietrich,5/2/22,2022,TB,1,3,9,1,MLLMM,9,13.2,13.2,T,11.1,11.1,T,,,,
John Dietrich,5/2/22,2022,TB,1,1,15,2,MMMMM,15,29.5,29.5,T,11.3,11.3,T,,,,
John Dietrich,5/2/22,2022,TB,1,1,17,1,MMMMM,17,27.4,27.4,T,10.7,10.7,T,,,,
John Dietrich,5/2/22,2022,TB,2,2,20,2,HHMMM,20,20.8,20.8,T,12.7,12.7,T,,,,
John Dietrich,5/2/22,2022,TB,2,2,23,1,HHMMM,23,12.4,12.4,T,13.4,13.4,T,,,,
John Dietrich,5/2/22,2022,TB,2,1,25,1,MMMMM,25,28.2,28.2,T,12.8,12.8,T,,,,
John Dietrich,5/2/22,2022,TB,2,1,29,2,MMMMM,29,10.9,10.9,T,13.7,13.7,T,,,,
John Dietrich,5/2/22,2022,TB,2,3,34,1,MLLMM,34,20.7,20.7,T,11.8,11.8,T,,,,
John Dietrich,5/2/22,2022,TB,2,3,36,2,MLLMM,36,20.0,20,T,11.4,11.4,T,,,,
John Dietrich,5/2/22,2022,TB,3,3,39,1,MLLMM,39,27.3,27.3,T,10.6,10.6,T,,,,
John Dietrich,5/2/22,2022,TB,3,3,41,2,MLLMM,41,27.7,27.7,T,11.8,11.8,T,,,,
John Dietrich,5/2/22,2022,TB,3,2,43,1,HHMMM,43,24.0,24,T,12.1,12.1,T,,,,
John Dietrich,5/2/22,2022,TB,3,2,48,2,HHMMM,48,32.5,32.5,T,13.2,13.2,T,,,,
John Dietrich,5/2/22,2022,TB,3,1,52,1,MMMMM,52,32.5,32.5,T,14.8,14.8,T,,,,
John Dietrich,5/2/22,2022,TB,3,1,53,2,MMMMM,53,33.6,33.6,T,14.8,14.8,T,,,,
John Dietrich,5/20/22,2022,TB,1,2,3,1,HHMMM,3,8.8,8.8,T,4.9,4.9,T,,,,
John Dietrich,5/20/22,2022,TB,1,2,4,2,HHMMM,4,8.9,8.9,T,4.9,4.9,T,,,,
John Dietrich,5/20/22,2022,TB,1,3,7,2,MLLMM,7,19.3,19.3,T,4.5,4.5,T,,,,
John Dietrich,5/20/22,2022,TB,1,3,9,1,MLLMM,9,10.4,10.4,T,4.7,4.7,T,,,,
John Dietrich,5/20/22,2022,TB,1,1,15,2,MMMMM,15,16.5,16.5,T,4.5,4.5,T,,,,
John Dietrich,5/20/22,2022,TB,1,1,17,1,MMMMM,17,12.5,12.5,T,4.6,4.6,T,,,,
John Dietrich,5/20/22,2022,TB,2,2,20,2,HHMMM,20,19.1,19.1,T,4.7,4.7,T,,,,
John Dietrich,5/20/22,2022,TB,2,2,23,1,HHMMM,23,23.7,23.7,T,4.8,4.8,T,,,,
John Dietrich,5/20/22,2022,TB,2,1,25,1,MMMMM,25,14.6,14.6,T,5.2,5.2,T,,,,
John Dietrich,5/20/22,2022,TB,2,1,29,2,MMMMM,29,14.6,14.6,T,5.2,5.2,T,,,,
John Dietrich,5/20/22,2022,TB,2,3,34,1,MLLMM,34,18.3,18.3,T,4.7,4.7,T,,,,
John Dietrich,5/20/22,2022,TB,2,3,36,2,MLLMM,36,29.4,29.4,T,4.5,4.5,T,,,,
John Dietrich,5/20/22,2022,TB,3,3,39,1,MLLMM,39,25.9,25.9,T,3.7,3.7,T,,,,
John Dietrich,5/20/22,2022,TB,3,3,41,2,MLLMM,41,24.4,24.4,T,4.7,4.7,T,,,,
John Dietrich,5/20/22,2022,TB,3,2,43,1,HHMMM,43,28.8,28.8,T,5,5,T,,,,
John Dietrich,5/20/22,2022,TB,3,2,48,2,HHMMM,48,24.2,24.2,T,5.9,5.9,T,,,,
John Dietrich,5/20/22,2022,TB,3,1,52,1,MMMMM,52,28.5,28.5,T,5.9,5.9,T,,,,
John Dietrich,5/20/22,2022,TB,3,1,53,2,MMMMM,53,23.9,23.9,T,6,6,T,,,,
John Dietrich,6/2/22,2022,TB,1,2,3,1,HHMMM,3,10.0,10,T,11.7,11.7,T,,,,
John Dietrich,6/2/22,2022,TB,1,2,4,2,HHMMM,4,11.0,11,T,12.1,12.1,T,,,,
John Dietrich,6/2/22,2022,TB,1,3,7,2,MLLMM,7,31.2,31.2,T,13.9,13.9,T,,,,
John Dietrich,6/2/22,2022,TB,1,3,9,1,MLLMM,9,20.1,20.1,T,16.2,16.2,T,,,,
John Dietrich,6/2/22,2022,TB,1,1,15,2,MMMMM,15,26.9,26.9,T,17,17,T,,,,
John Dietrich,6/2/22,2022,TB,1,1,17,1,MMMMM,17,26.9,26.9,T,16.9,16.9,T,,,,
John Dietrich,6/2/22,2022,TB,2,2,20,2,HHMMM,20,34.5,34.5,T,16.8,16.8,T,,,,
John Dietrich,6/2/22,2022,TB,2,2,23,1,HHMMM,23,27.1,27.1,T,17.4,17.4,T,,,,
John Dietrich,6/2/22,2022,TB,2,1,25,1,MMMMM,25,33.8,33.8,T,17.3,17.3,T,,,,
John Dietrich,6/2/22,2022,TB,2,1,29,2,MMMMM,29,26.2,26.2,T,18.3,18.3,T,,,,
John Dietrich,6/2/22,2022,TB,2,3,34,1,MLLMM,34,33.4,33.4,T,18.8,18.8,T,,,,
John Dietrich,6/2/22,2022,TB,2,3,36,2,MLLMM,36,27.9,27.9,T,19.1,19.1,T,,,,
John Dietrich,6/2/22,2022,TB,3,3,39,1,MLLMM,39,33.9,33.9,T,22.8,22.8,T,,,,
John Dietrich,6/2/22,2022,TB,3,3,41,2,MLLMM,41,36.4,36.4,T,25.3,25.3,T,,,,
John Dietrich,6/2/22,2022,TB,3,2,43,1,HHMMM,43,33.3,33.3,T,26.8,26.8,T,,,,
John Dietrich,6/2/22,2022,TB,3,2,48,2,HHMMM,48,35.3,35.3,T,27.4,27.4,T,,,,
John Dietrich,6/2/22,2022,TB,3,1,52,1,MMMMM,52,45.3,45.3,T,30.7,30.7,T,,,,
John Dietrich,6/2/22,2022,TB,3,1,53,2,MMMMM,53,43.0,43,T,30.5,30.5,T,,,,
Jennifer Linden and Justice M,6/14/22,2022,TB,1,2,3,1,HHMMM,3,8.6,8.6,T,22.2,22.2,T,,,,
Jennifer Linden and Justice M,6/14/22,2022,TB,1,2,4,2,HHMMM,4,9.4,9.4,T,22.3,22.3,T,,,,
Jennifer Linden and Justice M,6/14/22,2022,TB,1,3,7,2,MLLMM,7,18.1,18.1,T,21.7,21.7,T,,,,
Jennifer Linden and Justice M,6/14/22,2022,TB,1,3,9,1,MLLMM,9,8.2,8.2,T,21.7,21.7,T,,,,
Jennifer Linden and Justice M,6/14/22,2022,TB,1,1,15,2,MMMMM,15,15.0,15,T,22,22,T,,,,
Jennifer Linden and Justice M,6/14/22,2022,TB,1,1,17,1,MMMMM,17,10.2,10.2,T,21.9,21.9,T,,,,
Jennifer Linden and Justice M,6/14/22,2022,TB,2,2,20,2,HHMMM,20,17.2,17.2,T,21.1,21.1,T,,,,
Jennifer Linden and Justice M,6/14/22,2022,TB,2,2,23,1,HHMMM,23,16.6,16.6,T,21.9,21.9,T,,,,
Jennifer Linden and Justice M,6/14/22,2022,TB,2,1,25,1,MMMMM,25,22.3,22.3,T,21.1,21.1,T,,,,
Jennifer Linden and Justice M,6/14/22,2022,TB,2,1,29,2,MMMMM,29,10.7,10.7,T,21.1,21.1,T,,,,
Jennifer Linden and Justice M,6/14/22,2022,TB,2,3,34,1,MLLMM,34,21.3,21.3,T,21,21,T,,,,
Jennifer Linden and Justice M,6/14/22,2022,TB,2,3,36,2,MLLMM,36,21.8,21.8,T,20.6,20.6,T,,,,
Jennifer Linden and Justice M,6/14/22,2022,TB,3,3,39,1,MLLMM,39,24.3,24.3,T,20.4,20.4,T,,,,
Jennifer Linden and Justice M,6/14/22,2022,TB,3,3,41,2,MLLMM,41,17.1,17.1,T,21.3,21.3,T,,,,
Jennifer Linden and Justice M,6/14/22,2022,TB,3,2,43,1,HHMMM,43,24.1,24.1,T,21,21,T,,,,
Jennifer Linden and Justice M,6/14/22,2022,TB,3,2,48,2,HHMMM,48,23.3,23.3,T,20.3,20.3,T,,,,
Jennifer Linden and Justice M,6/14/22,2022,TB,3,1,52,1,MMMMM,52,27.2,27.2,T,21.3,21.3,T,,,,
Jennifer Linden and Justice M,6/14/22,2022,TB,3,1,53,2,MMMMM,53,31.0,31,T,21.2,21.2,T,,,,
John Dietrich and Jennifer Linden,6/28/22,2022,TB,1,2,3,1,HHMMM,3,2.3,2.3,T,31.7,31.7,T,,,,
John Dietrich and Jennifer Linden,6/28/22,2022,TB,1,2,4,2,HHMMM,4,2.2,2.2,T,31.5,31.5,T,,,,
John Dietrich and Jennifer Linden,6/28/22,2022,TB,1,3,7,2,MLLMM,7,5.9,5.9,T,39.1,39.1,T,,,,
John Dietrich and Jennifer Linden,6/28/22,2022,TB,1,3,9,1,MLLMM,9,5.3,5.3,T,33.2,33.2,T,,,,
John Dietrich and Jennifer Linden,6/28/22,2022,TB,1,1,15,2,MMMMM,15,3.3,3.3,T,35.5,35.5,T,,,,
John Dietrich and Jennifer Linden,6/28/22,2022,TB,1,1,17,1,MMMMM,17,6.8,6.8,T,35.7,35.7,T,,,,
John Dietrich and Jennifer Linden,6/28/22,2022,TB,2,2,20,2,HHMMM,20,4.9,4.9,T,26.6,26.6,T,,,,
John Dietrich and Jennifer Linden,6/28/22,2022,TB,2,2,23,1,HHMMM,23,6.5,6.5,T,29,29,T,,,,
John Dietrich and Jennifer Linden,6/28/22,2022,TB,2,1,25,1,MMMMM,25,12.6,12.6,T,28.4,28.4,T,,,,
John Dietrich and Jennifer Linden,6/28/22,2022,TB,2,1,29,2,MMMMM,29,6.0,6,T,29.3,29.3,T,,,,
John Dietrich and Jennifer Linden,6/28/22,2022,TB,2,3,34,1,MLLMM,34,11.8,11.8,T,31.1,31.1,T,,,,
John Dietrich and Jennifer Linden,6/28/22,2022,TB,2,3,36,2,MLLMM,36,6.1,6.1,T,31.6,31.6,T,,,,
John Dietrich and Jennifer Linden,6/28/22,2022,TB,3,3,39,1,MLLMM,39,15.0,15,T,43.4,43.4,T,,,,
John Dietrich and Jennifer Linden,6/28/22,2022,TB,3,3,41,2,MLLMM,41,18.1,18.1,T,43.8,43.8,T,,,,
John Dietrich and Jennifer Linden,6/28/22,2022,TB,3,2,43,1,HHMMM,43,17.8,17.8,T,44.5,44.5,T,,,,
John Dietrich and Jennifer Linden,6/28/22,2022,TB,3,2,48,2,HHMMM,48,19.3,19.3,T,44.6,44.6,T,,,,
John Dietrich and Jennifer Linden,6/28/22,2022,TB,3,1,52,1,MMMMM,52,18.3,18.3,T,43.9,43.9,T,,,,
John Dietrich and Jennifer Linden,6/28/22,2022,TB,3,1,53,2,MMMMM,53,19.7,19.7,T,43.4,43.4,T,,,,
"Justice M, and Jennifer Linden",7/13/22,2022,TB,1,2,3,1,HHMMM,3,1.5,1.5,T,23.7,23.7,T,,,,
"Justice M, and Jennifer Linden",7/13/22,2022,TB,1,2,4,2,HHMMM,4,2.2,2.2,T,25.8,25.8,T,,,,
"Justice M, and Jennifer Linden",7/13/22,2022,TB,1,3,7,2,MLLMM,7,4.2,4.2,T,27.2,27.2,T,,,,
"Justice M, and Jennifer Linden",7/13/22,2022,TB,1,3,9,1,MLLMM,9,1.9,1.9,T,26.3,26.3,T,,,,
"Justice M, and Jennifer Linden",7/13/22,2022,TB,1,1,15,2,MMMMM,15,2.2,2.2,T,27.7,27.7,T,,,,
"Justice M, and Jennifer Linden",7/13/22,2022,TB,1,1,17,1,MMMMM,17,3.8,3.8,T,28.1,28.1,T,,,,
"Justice M, and Jennifer Linden",7/13/22,2022,TB,2,2,20,2,HHMMM,20,11.8,11.8,T,32.2,32.2,T,,,,
"Justice M, and Jennifer Linden",7/13/22,2022,TB,2,2,23,1,HHMMM,23,11.4,11.4,T,31,31,T,,,,
"Justice M, and Jennifer Linden",7/13/22,2022,TB,2,1,25,1,MMMMM,25,10.8,10.8,T,33.7,33.7,T,,,,
"Justice M, and Jennifer Linden",7/13/22,2022,TB,2,1,29,2,MMMMM,29,4.5,4.5,T,33.5,33.5,T,,,,
"Justice M, and Jennifer Linden",7/13/22,2022,TB,2,3,34,1,MLLMM,34,9.1,9.1,T,29.4,29.4,T,,,,
"Justice M, and Jennifer Linden",7/13/22,2022,TB,2,3,36,2,MLLMM,36,3.5,3.5,T,29.1,29.1,T,,,,
"Justice M, and Jennifer Linden",7/13/22,2022,TB,3,3,39,1,MLLMM,39,12.4,12.4,T,34.7,34.7,T,,,,
"Justice M, and Jennifer Linden",7/13/22,2022,TB,3,3,41,2,MLLMM,41,8.2,8.2,T,34.4,34.4,T,,,,
"Justice M, and Jennifer Linden",7/13/22,2022,TB,3,2,43,1,HHMMM,43,12.0,12,T,36.1,36.1,T,,,,
"Justice M, and Jennifer Linden",7/13/22,2022,TB,3,2,48,2,HHMMM,48,9.3,9.3,T,35.1,35.1,T,,,,
"Justice M, and Jennifer Linden",7/13/22,2022,TB,3,1,52,1,MMMMM,52,8.2,8.2,T,32.4,32.4,T,,,,
"Justice M, and Jennifer Linden",7/13/22,2022,TB,3,1,53,2,MMMMM,53,8.2,8.2,T,31.7,31.7,T,,,,
John Dietrich and Jennifer Linden,7/27/22,2022,TB,1,2,3,1,HHMMM,3,6.3,6.3,T,17.8,17.8,T,,,,
John Dietrich and Jennifer Linden,7/27/22,2022,TB,1,2,4,2,HHMMM,4,3.5,3.5,T,17.8,17.8,T,,,,
John Dietrich and Jennifer Linden,7/27/22,2022,TB,1,3,7,2,MLLMM,7,5.6,5.6,T,18.8,18.8,T,,,,
John Dietrich and Jennifer Linden,7/27/22,2022,TB,1,3,9,1,MLLMM,9,4.1,4.1,T,19.4,19.4,T,,,,
John Dietrich and Jennifer Linden,7/27/22,2022,TB,1,1,15,2,MMMMM,15,4.5,4.5,T,20.4,20.4,T,,,,
John Dietrich and Jennifer Linden,7/27/22,2022,TB,1,1,17,1,MMMMM,17,4.0,4,T,21.1,21.1,T,,,,
John Dietrich and Jennifer Linden,7/27/22,2022,TB,2,2,20,2,HHMMM,20,5.6,5.6,T,22.7,22.7,T,,,,
John Dietrich and Jennifer Linden,7/27/22,2022,TB,2,2,23,1,HHMMM,23,6.5,6.5,T,24.7,24.7,T,,,,
John Dietrich and Jennifer Linden,7/27/22,2022,TB,2,1,25,1,MMMMM,25,9.6,9.6,T,29,29,T,,,,
John Dietrich and Jennifer Linden,7/27/22,2022,TB,2,1,29,2,MMMMM,29,7.4,7.4,T,27.1,27.1,T,,,,
John Dietrich and Jennifer Linden,7/27/22,2022,TB,2,3,34,1,MLLMM,34,8.9,8.9,T,26.1,26.1,T,,,,
John Dietrich and Jennifer Linden,7/27/22,2022,TB,2,3,36,2,MLLMM,36,9.5,9.5,T,25.5,25.5,T,,,,
John Dietrich and Jennifer Linden,7/27/22,2022,TB,3,3,39,1,MLLMM,39,12.3,12.3,T,37,37,T,,,,
John Dietrich and Jennifer Linden,7/27/22,2022,TB,3,3,41,2,MLLMM,41,11.8,11.8,T,36.8,36.8,T,,,,
John Dietrich and Jennifer Linden,7/27/22,2022,TB,3,2,43,1,HHMMM,43,13.6,13.6,T,36.1,36.1,T,,,,
John Dietrich and Jennifer Linden,7/27/22,2022,TB,3,2,48,2,HHMMM,48,17.9,17.9,T,32.8,32.8,T,,,,
John Dietrich and Jennifer Linden,7/27/22,2022,TB,3,1,52,1,MMMMM,52,17.0,17,T,32,32,T,,,,
John Dietrich and Jennifer Linden,7/27/22,2022,TB,3,1,53,2,MMMMM,53,15.6,15.6,T,32.6,32.6,T,,,,
Jennifer Linden and Justice M,8/10/22,2022,TB,1,2,3,1,HHMMM,3,16.5,16.5,T,34,34,T,,,,
Jennifer Linden and Justice M,8/10/22,2022,TB,1,2,4,2,HHMMM,4,16.2,16.2,T,39.2,39.2,T,,,,
Jennifer Linden and Justice M,8/10/22,2022,TB,1,3,7,2,MLLMM,7,14.1,14.1,T,40.5,40.5,T,,,,
Jennifer Linden and Justice M,8/10/22,2022,TB,1,3,9,1,MLLMM,9,6.7,6.7,T,39.7,39.7,T,,,,
Jennifer Linden and Justice M,8/10/22,2022,TB,1,1,15,2,MMMMM,15,18.3,18.3,T,40.3,40.3,T,,,,
Jennifer Linden and Justice M,8/10/22,2022,TB,1,1,17,1,MMMMM,17,16.8,16.8,T,41.1,41.1,T,,,,
Jennifer Linden and Justice M,8/10/22,2022,TB,2,2,20,2,HHMMM,20,15.6,15.6,T,40,40,T,,,,
Jennifer Linden and Justice M,8/10/22,2022,TB,2,2,23,1,HHMMM,23,17.1,17.1,T,39.9,39.9,T,,,,
Jennifer Linden and Justice M,8/10/22,2022,TB,2,1,25,1,MMMMM,25,24.6,24.6,T,42.1,42.1,T,,,,
Jennifer Linden and Justice M,8/10/22,2022,TB,2,1,29,2,MMMMM,29,26.2,26.2,T,41,41,T,,,,
Jennifer Linden and Justice M,8/10/22,2022,TB,2,3,34,1,MLLMM,34,20.4,20.4,T,40.2,40.2,T,,,,
Jennifer Linden and Justice M,8/10/22,2022,TB,2,3,36,2,MLLMM,36,20.5,20.5,T,40.4,40.4,T,,,,
Jennifer Linden and Justice M,8/10/22,2022,TB,3,3,39,1,MLLMM,39,36.7,36.7,T,42.4,42.4,T,,,,
Jennifer Linden and Justice M,8/10/22,2022,TB,3,3,41,2,MLLMM,41,23.3,23.3,T,42.1,42.1,T,,,,
Jennifer Linden and Justice M,8/10/22,2022,TB,3,2,43,1,HHMMM,43,16.9,16.9,T,42.6,42.6,T,,,,
Jennifer Linden and Justice M,8/10/22,2022,TB,3,2,48,2,HHMMM,48,24.0,24,T,43.2,43.2,T,,,,
Jennifer Linden and Justice M,8/10/22,2022,TB,3,1,52,1,MMMMM,52,27.4,27.4,T,38.3,38.3,T,,,,
Jennifer Linden and Justice M,8/10/22,2022,TB,3,1,53,2,MMMMM,53,11.2,11.2,T,36.8,36.8,T,,,,
"John Dietrich, Elle Ping, Geena Poulter",8/30/22,2022,TB,1,2,3,1,HHMMM,3,12.4,12.4,T,33.4,33.4,T,,,,
"John Dietrich, Elle Ping, Geena Poulter",8/30/22,2022,TB,1,2,4,2,HHMMM,4,11.8,11.8,T,34.1,34.1,T,,,,
"John Dietrich, Elle Ping, Geena Poulter",8/30/22,2022,TB,1,3,7,2,MLLMM,7,3.1,3.1,T,37.1,37.1,T,,,,
"John Dietrich, Elle Ping, Geena Poulter",8/30/22,2022,TB,1,3,9,1,MLLMM,9,4.1,4.1,T,37.7,37.7,T,,,,
"John Dietrich, Elle Ping, Geena Poulter",8/30/22,2022,TB,1,1,15,2,MMMMM,15,2.3,2.3,T,38,38,T,,,,
"John Dietrich, Elle Ping, Geena Poulter",8/30/22,2022,TB,1,1,17,1,MMMMM,17,3.8,3.8,T,38.1,38.1,T,,,,
"John Dietrich, Elle Ping, Geena Poulter",8/30/22,2022,TB,2,2,20,2,HHMMM,20,15.1,15.1,T,38,38,T,,,,
"John Dietrich, Elle Ping, Geena Poulter",8/30/22,2022,TB,2,2,23,1,HHMMM,23,3.8,3.8,T,38.9,38.9,T,,,,
"John Dietrich, Elle Ping, Geena Poulter",8/30/22,2022,TB,2,1,25,1,MMMMM,25,12.5,12.5,T,40,40,T,,,,
"John Dietrich, Elle Ping, Geena Poulter",8/30/22,2022,TB,2,1,29,2,MMMMM,29,15.3,15.3,T,38.7,38.7,T,,,,
"John Dietrich, Elle Ping, Geena Poulter",8/30/22,2022,TB,2,3,34,1,MLLMM,34,9.1,9.1,T,38.6,38.6,T,,,,
"John Dietrich, Elle Ping, Geena Poulter",8/30/22,2022,TB,2,3,36,2,MLLMM,36,15.5,15.5,T,38.7,38.7,T,,,,
"John Dietrich, Elle Ping, Geena Poulter",8/30/22,2022,TB,3,3,39,1,MLLMM,39,21.0,21,T,40.8,40.8,T,,,,
"John Dietrich, Elle Ping, Geena Poulter",8/30/22,2022,TB,3,3,41,2,MLLMM,41,9.4,9.4,T,42.3,42.3,T,,,,
"John Dietrich, Elle Ping, Geena Poulter",8/30/22,2022,TB,3,2,43,1,HHMMM,43,22.0,22,T,42.6,42.6,T,,,,
"John Dietrich, Elle Ping, Geena Poulter",8/30/22,2022,TB,3,2,48,2,HHMMM,48,25.0,25,T,43.1,43.1,T,,,,
"John Dietrich, Elle Ping, Geena Poulter",8/30/22,2022,TB,3,1,52,1,MMMMM,52,14.9,14.9,T,42.9,42.9,T,,,,
"John Dietrich, Elle Ping, Geena Poulter",8/30/22,2022,TB,3,1,53,2,MMMMM,53,21.6,21.6,T,43.1,43.1,T,,,,
"John Dietrich, Elle Ping",9/15/22,2022,TB,1,2,3,1,HHMMM,3,9.0,9,T,17.4,17.4,T,,,,
"John Dietrich, Elle Ping",9/15/22,2022,TB,1,2,4,2,HHMMM,4,6.2,6.2,T,17,17,T,,,,
"John Dietrich, Elle Ping",9/15/22,2022,TB,1,3,7,2,MLLMM,7,25.6,25.6,T,16.4,16.4,T,,,,
"John Dietrich, Elle Ping",9/15/22,2022,TB,1,3,9,1,MLLMM,9,12.8,12.8,T,16.2,16.2,T,,,,
"John Dietrich, Elle Ping",9/15/22,2022,TB,1,1,15,2,MMMMM,15,14.2,14.2,T,16.1,16.1,T,,,,
"John Dietrich, Elle Ping",9/15/22,2022,TB,1,1,17,1,MMMMM,17,23.4,23.4,T,16.3,16.3,T,,,,
"John Dietrich, Elle Ping",9/15/22,2022,TB,2,2,20,2,HHMMM,20,25.2,25.2,T,16.5,16.5,T,,,,
"John Dietrich, Elle Ping",9/15/22,2022,TB,2,2,23,1,HHMMM,23,8.9,8.9,T,16.6,16.6,T,,,,
"John Dietrich, Elle Ping",9/15/22,2022,TB,2,1,25,1,MMMMM,25,9.2,9.2,T,16.6,16.6,T,,,,
"John Dietrich, Elle Ping",9/15/22,2022,TB,2,1,29,2,MMMMM,29,4.6,4.6,T,16.4,16.4,T,,,,
"John Dietrich, Elle Ping",9/15/22,2022,TB,2,3,34,1,MLLMM,34,21.8,21.8,T,16.5,16.5,T,,,,
"John Dietrich, Elle Ping",9/15/22,2022,TB,2,3,36,2,MLLMM,36,7.8,7.8,T,16.5,16.5,T,,,,
"John Dietrich, Elle Ping",9/15/22,2022,TB,3,3,39,1,MLLMM,39,24.9,24.9,T,17.2,17.2,T,,,,
"John Dietrich, Elle Ping",9/15/22,2022,TB,3,3,41,2,MLLMM,41,31.9,31.9,T,17.1,17.1,T,,,,
"John Dietrich, Elle Ping",9/15/22,2022,TB,3,2,43,1,HHMMM,43,15.0,15,T,16.8,16.8,T,,,,
"John Dietrich, Elle Ping",9/15/22,2022,TB,3,2,48,2,HHMMM,48,4.1,4.1,T,16.8,16.8,T,,,,
"John Dietrich, Elle Ping",9/15/22,2022,TB,3,1,52,1,MMMMM,52,15.0,15,T,16.9,16.9,T,,,,
"John Dietrich, Elle Ping",9/15/22,2022,TB,3,1,53,2,MMMMM,53,11.8,11.8,T,16.9,16.9,T,,,,
"John Dietrich, Elle Ping",9/28/22,2022,TB,1,2,3,1,HHMMM,3,14.4,14.4,T,36.4,36.4,T,,,,
"John Dietrich, Elle Ping",9/28/22,2022,TB,1,2,4,2,HHMMM,4,14.0,14,T,36.7,36.7,T,,,,
"John Dietrich, Elle Ping",9/28/22,2022,TB,1,3,7,2,MLLMM,7,18.1,18.1,T,36.3,36.3,T,,,,
"John Dietrich, Elle Ping",9/28/22,2022,TB,1,3,9,1,MLLMM,9,15.4,15.4,T,36.6,36.6,T,,,,
"John Dietrich, Elle Ping",9/28/22,2022,TB,1,1,15,2,MMMMM,15,14.2,14.2,T,35.7,35.7,T,,,,
"John Dietrich, Elle Ping",9/28/22,2022,TB,1,1,17,1,MMMMM,17,15.6,15.6,T,35.9,35.9,T,,,,
"John Dietrich, Elle Ping",9/28/22,2022,TB,2,2,20,2,HHMMM,20,9.9,9.9,T,34.1,34.1,T,,,,
"John Dietrich, Elle Ping",9/28/22,2022,TB,2,2,23,1,HHMMM,23,13.8,13.8,T,32.1,32.1,T,,,,
"John Dietrich, Elle Ping",9/28/22,2022,TB,2,1,25,1,MMMMM,25,9.2,9.2,T,30.9,30.9,T,,,,
"John Dietrich, Elle Ping",9/28/22,2022,TB,2,1,29,2,MMMMM,29,5.6,5.6,T,31.1,31.1,T,,,,
"John Dietrich, Elle Ping",9/28/22,2022,TB,2,3,34,1,MLLMM,34,10.3,10.3,T,31,31,T,,,,
"John Dietrich, Elle Ping",9/28/22,2022,TB,2,3,36,2,MLLMM,36,10.3,10.3,T,31.6,31.6,T,,,,
"John Dietrich, Elle Ping",9/28/22,2022,TB,3,3,39,1,MLLMM,39,1.5,1.5,T,20.4,20.4,T,,,,
"John Dietrich, Elle Ping",9/28/22,2022,TB,3,3,41,2,MLLMM,41,19.2,19.2,T,21.9,21.9,T,,,,
"John Dietrich, Elle Ping",9/28/22,2022,TB,3,2,43,1,HHMMM,43,9.1,9.1,T,22.4,22.4,T,,,,
"John Dietrich, Elle Ping",9/28/22,2022,TB,3,2,48,2,HHMMM,48,9.9,9.9,T,23.9,23.9,T,,,,
"John Dietrich, Elle Ping",9/28/22,2022,TB,3,1,52,1,MMMMM,52,9.7,9.7,T,24.3,24.3,T,,,,
"John Dietrich, Elle Ping",9/28/22,2022,TB,3,1,53,2,MMMMM,53,10.3,10.3,T,24.3,24.3,T,,,,
"John Dietrich, Elle Ping",10/11/22,2022,TB,1,2,3,1,HHMMM,3,1.5,1.5,T,10.9,10.9,T,,,,
"John Dietrich, Elle Ping",10/11/22,2022,TB,1,2,4,2,HHMMM,4,2.6,2.6,T,10.8,10.8,T,,,,
"John Dietrich, Elle Ping",10/11/22,2022,TB,1,3,7,2,MLLMM,7,4.4,4.4,T,10.7,10.7,T,,,,
"John Dietrich, Elle Ping",10/11/22,2022,TB,1,3,9,1,MLLMM,9,3.4,3.4,T,10.5,10.5,T,,,,
"John Dietrich, Elle Ping",10/11/22,2022,TB,1,1,15,2,MMMMM,15,3.8,3.8,T,13.8,13.8,T,,,,
"John Dietrich, Elle Ping",10/11/22,2022,TB,1,1,17,1,MMMMM,17,5.6,5.6,T,15.7,15.7,T,,,,
"John Dietrich, Elle Ping",10/11/22,2022,TB,2,2,20,2,HHMMM,20,3.3,3.3,T,19.7,19.7,T,,,,
"John Dietrich, Elle Ping",10/11/22,2022,TB,2,2,23,1,HHMMM,23,4.0,4,T,19.9,19.9,T,,,,
"John Dietrich, Elle Ping",10/11/22,2022,TB,2,1,25,1,MMMMM,25,10.1,10.1,T,20.6,20.6,T,,,,
"John Dietrich, Elle Ping",10/11/22,2022,TB,2,1,29,2,MMMMM,29,4.9,4.9,T,20.6,20.6,T,,,,
"John Dietrich, Elle Ping",10/11/22,2022,TB,2,3,34,1,MLLMM,34,5.6,5.6,T,20.4,20.4,T,,,,
"John Dietrich, Elle Ping",10/11/22,2022,TB,2,3,36,2,MLLMM,36,5.1,5.1,T,20.4,20.4,T,,,,
"John Dietrich, Elle Ping",10/11/22,2022,TB,3,3,39,1,MLLMM,39,8.4,8.4,T,20.4,20.4,T,,,,
"John Dietrich, Elle Ping",10/11/22,2022,TB,3,3,41,2,MLLMM,41,11.0,11,T,20.6,20.6,T,,,,
"John Dietrich, Elle Ping",10/11/22,2022,TB,3,2,43,1,HHMMM,43,8.6,8.6,T,20.8,20.8,T,,,,
"John Dietrich, Elle Ping",10/11/22,2022,TB,3,2,48,2,HHMMM,48,8.2,8.2,T,20.9,20.9,T,,,,
"John Dietrich, Elle Ping",10/11/22,2022,TB,3,1,52,1,MMMMM,52,12.4,12.4,T,20.6,20.6,T,,,,
"John Dietrich, Elle Ping",10/11/22,2022,TB,3,1,53,2,MMMMM,53,14.5,14.5,T,20.5,20.5,T,,,,
John Dietrich,10/31/22,2022,TB,1,2,3,1,HHMMM,3,0.9,0.9,T,17.9,17.9,T,,,,
John Dietrich,10/31/22,2022,TB,1,2,4,2,HHMMM,4,1.9,1.9,T,18.6,18.6,T,,,,
John Dietrich,10/31/22,2022,TB,1,3,7,2,MLLMM,7,4.3,4.3,T,20.2,20.2,T,,,,
John Dietrich,10/31/22,2022,TB,1,3,9,1,MLLMM,9,1.1,1.1,T,20.4,20.4,T,,,,
John Dietrich,10/31/22,2022,TB,1,1,15,2,MMMMM,15,2.3,2.3,T,20.6,20.6,T,,,,
John Dietrich,10/31/22,2022,TB,1,1,17,1,MMMMM,17,2.6,2.6,T,21.5,21.5,T,,,,
John Dietrich,10/31/22,2022,TB,2,2,20,2,HHMMM,20,8.7,8.7,T,20.9,20.9,T,,,,
John Dietrich,10/31/22,2022,TB,2,2,23,1,HHMMM,23,9.1,9.1,T,21.2,21.2,T,,,,
John Dietrich,10/31/22,2022,TB,2,1,25,1,MMMMM,25,9.0,9,T,22.1,22.1,T,,,,
John Dietrich,10/31/22,2022,TB,2,1,29,2,MMMMM,29,5.9,5.9,T,21.4,21.4,T,,,,
John Dietrich,10/31/22,2022,TB,2,3,34,1,MLLMM,34,7.5,7.5,T,20.7,20.7,T,,,,
John Dietrich,10/31/22,2022,TB,2,3,36,2,MLLMM,36,3.8,3.8,T,21.1,21.1,T,,,,
John Dietrich,10/31/22,2022,TB,3,3,39,1,MLLMM,39,8.8,8.8,T,20.4,20.4,T,,,,
John Dietrich,10/31/22,2022,TB,3,3,41,2,MLLMM,41,2.4,2.4,T,20.9,20.9,T,,,,
John Dietrich,10/31/22,2022,TB,3,2,43,1,HHMMM,43,9.8,9.8,T,20.7,20.7,T,,,,
John Dietrich,10/31/22,2022,TB,3,2,48,2,HHMMM,48,8.4,8.4,T,22.4,22.4,T,,,,
John Dietrich,10/31/22,2022,TB,3,1,52,1,MMMMM,52,8.6,8.6,T,23.1,23.1,T,,,,
John Dietrich,10/31/22,2022,TB,3,1,53,2,MMMMM,53,3.7,3.7,T,23.4,23.4,T,,,,
John Dietrich,4/28/23,2023,TB,1,2,3,1,HHMMM,3,10.6,10.6,T,16.6,16.6,T,,,,
John Dietrich,4/28/23,2023,TB,1,2,4,2,HHMMM,4,10.4,10.4,T,16.3,16.3,T,,,,
John Dietrich,4/28/23,2023,TB,1,3,7,2,MLLMM,7,17.7,17.7,T,16,16,T,,,,
John Dietrich,4/28/23,2023,TB,1,3,9,1,MLLMM,9,8.4,8.4,T,16,16,T,,,,
John Dietrich,4/28/23,2023,TB,1,1,15,2,MMMMM,15,19.2,19.2,T,16.7,16.7,T,,,,
John Dietrich,4/28/23,2023,TB,1,1,17,1,MMMMM,17,16.0,16,T,16.6,16.6,T,,,,
John Dietrich,4/28/23,2023,TB,2,2,20,2,HHMMM,20,12.0,12,T,16.4,16.4,T,,,,
John Dietrich,4/28/23,2023,TB,2,2,23,1,HHMMM,23,8.0,8,T,17.2,17.2,T,,,,
John Dietrich,4/28/23,2023,TB,2,1,25,1,MMMMM,25,28.5,28.5,T,16.3,16.3,T,,,,
John Dietrich,4/28/23,2023,TB,2,1,29,2,MMMMM,29,9.6,9.6,T,16.5,16.5,T,,,,
John Dietrich,4/28/23,2023,TB,2,3,34,1,MLLMM,34,15.2,15.2,T,18.3,18.3,T,,,,
John Dietrich,4/28/23,2023,TB,2,3,36,2,MLLMM,36,,,T,,,T,,,,
John Dietrich,4/28/23,2023,TB,3,3,39,1,MLLMM,39,28.5,28.5,T,19.3,19.3,T,,,,
John Dietrich,4/28/23,2023,TB,3,3,41,2,MLLMM,41,29.9,29.9,T,19.4,19.4,T,,,,
John Dietrich,4/28/23,2023,TB,3,2,43,1,HHMMM,43,17.1,17.1,T,19.9,19.9,T,,,,
John Dietrich,4/28/23,2023,TB,3,2,48,2,HHMMM,48,31.3,31.3,T,20.3,20.3,T,,,,
John Dietrich,4/28/23,2023,TB,3,1,52,1,MMMMM,52,32.5,32.5,T,20.1,20.1,T,,,,
John Dietrich,4/28/23,2023,TB,3,1,53,2,MMMMM,53,30.3,30.3,T,19.8,19.8,T,,,,
John Dietrich,5/9/23,2023,TB,1,2,3,1,HHMMM,3,3.4,3.4,T,23.8,23.8,T,,,,
John Dietrich,5/9/23,2023,TB,1,2,4,2,HHMMM,4,4.9,4.9,T,23.9,23.9,T,,,,
John Dietrich,5/9/23,2023,TB,1,3,7,2,MLLMM,7,6.5,6.5,T,24.5,24.5,T,,,,
John Dietrich,5/9/23,2023,TB,1,3,9,1,MLLMM,9,5.4,5.4,T,26.2,26.2,T,,,,
John Dietrich,5/9/23,2023,TB,1,1,15,2,MMMMM,15,7.6,7.6,T,27.9,27.9,T,,,,
John Dietrich,5/9/23,2023,TB,1,1,17,1,MMMMM,17,4.6,4.6,T,28.6,28.6,T,,,,
John Dietrich,5/9/23,2023,TB,2,2,20,2,HHMMM,20,12.1,12.1,T,28.4,28.4,T,,,,
John Dietrich,5/9/23,2023,TB,2,2,23,1,HHMMM,23,16.9,16.9,T,28,28,T,,,,
John Dietrich,5/9/23,2023,TB,2,1,25,1,MMMMM,25,21.8,21.8,T,28.9,28.9,T,,,,
John Dietrich,5/9/23,2023,TB,2,1,29,2,MMMMM,29,17.1,17.1,T,30.1,30.1,T,,,,
John Dietrich,5/9/23,2023,TB,2,3,34,1,MLLMM,34,9.7,9.7,T,29.8,29.8,T,,,,
John Dietrich,5/9/23,2023,TB,2,3,36,2,MLLMM,36,7.1,7.1,T,30.4,30.4,T,,,,
John Dietrich,5/9/23,2023,TB,3,3,39,1,MLLMM,39,17.6,17.6,T,30,30,T,,,,
John Dietrich,5/9/23,2023,TB,3,3,41,2,MLLMM,41,29.3,29.3,T,29.4,29.4,T,,,,
John Dietrich,5/9/23,2023,TB,3,2,43,1,HHMMM,43,19.1,19.1,T,30,30,T,,,,
John Dietrich,5/9/23,2023,TB,3,2,48,2,HHMMM,48,24.0,24,T,30.1,30.1,T,,,,
John Dietrich,5/9/23,2023,TB,3,1,52,1,MMMMM,52,22.7,22.7,T,32.1,32.1,T,,,,
John Dietrich,5/9/23,2023,TB,3,1,53,2,MMMMM,53,24.9,24.9,T,31.5,31.5,T,,,,
John Dietrich and Sam Works,5/31/23,2023,TB,1,2,3,1,HHMMM,3,9.0,9,T,18.9,18.9,T,,,,
John Dietrich and Sam Works,5/31/23,2023,TB,1,2,4,2,HHMMM,4,12.8,12.8,T,19.2,19.2,T,,,,
John Dietrich and Sam Works,5/31/23,2023,TB,1,3,7,2,MLLMM,7,19.4,19.4,T,20,20,T,,,,
John Dietrich and Sam Works,5/31/23,2023,TB,1,3,9,1,MLLMM,9,11.7,11.7,T,20.9,20.9,T,,,,
John Dietrich and Sam Works,5/31/23,2023,TB,1,1,15,2,MMMMM,15,17.1,17.1,T,23.1,23.1,T,,,,
John Dietrich and Sam Works,5/31/23,2023,TB,1,1,17,1,MMMMM,17,16.6,16.6,T,24.3,24.3,T,,,,
John Dietrich and Sam Works,5/31/23,2023,TB,2,2,20,2,HHMMM,20,32.3,32.3,T,27.5,27.5,T,,,,
John Dietrich and Sam Works,5/31/23,2023,TB,2,2,23,1,HHMMM,23,27.4,27.4,T,25.8,25.8,T,,,,
John Dietrich and Sam Works,5/31/23,2023,TB,2,1,25,1,MMMMM,25,34.5,34.5,T,26,26,T,,,,
John Dietrich and Sam Works,5/31/23,2023,TB,2,1,29,2,MMMMM,29,17.1,17.1,T,27.5,27.5,T,,,,
John Dietrich and Sam Works,5/31/23,2023,TB,2,3,34,1,MLLMM,34,26.4,26.4,T,28.5,28.5,T,,,,
John Dietrich and Sam Works,5/31/23,2023,TB,2,3,36,2,MLLMM,36,24.8,24.8,T,28.9,28.9,T,,,,
John Dietrich and Sam Works,5/31/23,2023,TB,3,3,39,1,MLLMM,39,32.4,32.4,T,30.1,30.1,T,,,,
John Dietrich and Sam Works,5/31/23,2023,TB,3,3,41,2,MLLMM,41,30.4,30.4,T,30.4,30.4,T,,,,
John Dietrich and Sam Works,5/31/23,2023,TB,3,2,43,1,HHMMM,43,34.4,34.4,T,29.8,29.8,T,,,,
John Dietrich and Sam Works,5/31/23,2023,TB,3,2,48,2,HHMMM,48,29.4,29.4,T,30.4,30.4,T,,,,
John Dietrich and Sam Works,5/31/23,2023,TB,3,1,52,1,MMMMM,52,40.8,40.8,T,30.9,30.9,T,,,,
John Dietrich and Sam Works,5/31/23,2023,TB,3,1,53,2,MMMMM,53,39.1,39.1,T,30.9,30.9,T,,,,
Sam Works,6/14/23,2023,TB,1,2,3,1,HHMMM,3,5.8,5.8,T,24.8,24.8,T,,,,
Sam Works,6/14/23,2023,TB,1,2,4,2,HHMMM,4,7.1,7.1,T,25.1,25.1,T,,,,
Sam Works,6/14/23,2023,TB,1,3,7,2,MLLMM,7,16.4,16.4,T,26,26,T,,,,
Sam Works,6/14/23,2023,TB,1,3,9,1,MLLMM,9,15.8,15.8,T,28.8,28.8,T,,,,
Sam Works,6/14/23,2023,TB,1,1,15,2,MMMMM,15,9.5,9.5,T,30.1,30.1,T,,,,
Sam Works,6/14/23,2023,TB,1,1,17,1,MMMMM,17,19.5,19.5,T,30.5,30.5,T,,,,
Sam Works,6/14/23,2023,TB,2,2,20,2,HHMMM,20,26.5,26.5,T,32.6,32.6,T,,,,
Sam Works,6/14/23,2023,TB,2,2,23,1,HHMMM,23,21.4,21.4,T,32.2,32.2,T,,,,
Sam Works,6/14/23,2023,TB,2,1,25,1,MMMMM,25,28.5,28.5,T,34.9,34.9,T,,,,
Sam Works,6/14/23,2023,TB,2,1,29,2,MMMMM,29,19.4,19.4,T,33.3,33.3,T,,,,
Sam Works,6/14/23,2023,TB,2,3,34,1,MLLMM,34,32.8,32.8,T,32.4,32.4,T,,,,
Sam Works,6/14/23,2023,TB,2,3,36,2,MLLMM,36,30.7,30.7,T,32.2,32.2,T,,,,
Sam Works,6/14/23,2023,TB,3,3,39,1,MLLMM,39,34.3,34.3,T,31.2,31.2,T,,,,
Sam Works,6/14/23,2023,TB,3,3,41,2,MLLMM,41,30.8,30.8,T,31.4,31.4,T,,,,
Sam Works,6/14/23,2023,TB,3,2,43,1,HHMMM,43,26.9,26.9,T,30.7,30.7,T,,,,
Sam Works,6/14/23,2023,TB,3,2,48,2,HHMMM,48,29.3,29.3,T,31.3,31.3,T,,,,
Sam Works,6/14/23,2023,TB,3,1,52,1,MMMMM,52,39.0,39,T,30.8,30.8,T,,,,
Sam Works,6/14/23,2023,TB,3,1,53,2,MMMMM,53,40.6,40.6,T,31,31,T,,,,
John Dietrich,7/6/23,2023,TB,1,2,3,1,HHMMM,3,8.7,8.7,T,23.8,23.8,T,,,,
John Dietrich,7/6/23,2023,TB,1,2,4,2,HHMMM,4,12.2,12.2,T,25.2,25.2,T,,,,
John Dietrich,7/6/23,2023,TB,1,3,7,2,MLLMM,7,22.1,22.1,T,26.4,26.4,T,,,,
John Dietrich,7/6/23,2023,TB,1,3,9,1,MLLMM,9,14.1,14.1,T,26.6,26.6,T,,,,
John Dietrich,7/6/23,2023,TB,1,1,15,2,MMMMM,15,17.1,17.1,T,26.3,26.3,T,,,,
John Dietrich,7/6/23,2023,TB,1,1,17,1,MMMMM,17,11.6,11.6,T,27.2,27.2,T,,,,
John Dietrich,7/6/23,2023,TB,2,2,20,2,HHMMM,20,29.4,29.4,T,27.5,27.5,T,,,,
John Dietrich,7/6/23,2023,TB,2,2,23,1,HHMMM,23,29.3,29.3,T,27,27,T,,,,
John Dietrich,7/6/23,2023,TB,2,1,25,1,MMMMM,25,37.7,37.7,T,28.1,28.1,T,,,,
John Dietrich,7/6/23,2023,TB,2,1,29,2,MMMMM,29,19.9,19.9,T,28.6,28.6,T,,,,
John Dietrich,7/6/23,2023,TB,2,3,34,1,MLLMM,34,31.3,31.3,T,27.7,27.7,T,,,,
John Dietrich,7/6/23,2023,TB,2,3,36,2,MLLMM,36,27.7,27.7,T,26.9,26.9,T,,,,
John Dietrich,7/6/23,2023,TB,3,3,39,1,MLLMM,39,29.4,29.4,T,28.6,28.6,T,,,,
John Dietrich,7/6/23,2023,TB,3,3,41,2,MLLMM,41,31.5,31.5,T,29.6,29.6,T,,,,
John Dietrich,7/6/23,2023,TB,3,2,43,1,HHMMM,43,36.5,36.5,T,30,30,T,,,,
John Dietrich,7/6/23,2023,TB,3,2,48,2,HHMMM,48,21.2,21.2,T,30.7,30.7,T,,,,
John Dietrich,7/6/23,2023,TB,3,1,52,1,MMMMM,52,33.0,33,T,31.4,31.4,T,,,,
John Dietrich,7/6/23,2023,TB,3,1,53,2,MMMMM,53,31.0,31,T,31.7,31.7,T,,,,
John Dietrich,7/12/23,2023,TB,1,2,3,1,HHMMM,3,7.4,7.4,T,30.5,30.5,T,,,,
John Dietrich,7/12/23,2023,TB,1,2,4,2,HHMMM,4,11.6,11.6,T,31.9,31.9,T,,,,
John Dietrich,7/12/23,2023,TB,1,3,7,2,MLLMM,7,19.5,19.5,T,33.3,33.3,T,,,,
John Dietrich,7/12/23,2023,TB,1,3,9,1,MLLMM,9,7.7,7.7,T,33.6,33.6,T,,,,
John Dietrich,7/12/23,2023,TB,1,1,15,2,MMMMM,15,12.3,12.3,T,36,36,T,,,,
John Dietrich,7/12/23,2023,TB,1,1,17,1,MMMMM,17,11.9,11.9,T,36,36,T,,,,
John Dietrich,7/12/23,2023,TB,2,2,20,2,HHMMM,20,26.3,26.3,T,34.9,34.9,T,,,,
John Dietrich,7/12/23,2023,TB,2,2,23,1,HHMMM,23,26.4,26.4,T,35.7,35.7,T,,,,
John Dietrich,7/12/23,2023,TB,2,1,25,1,MMMMM,25,16.8,16.8,T,35.2,35.2,T,,,,
John Dietrich,7/12/23,2023,TB,2,1,29,2,MMMMM,29,15.0,15,T,35.6,35.6,T,,,,
John Dietrich,7/12/23,2023,TB,2,3,34,1,MLLMM,34,21.6,21.6,T,36.4,36.4,T,,,,
John Dietrich,7/12/23,2023,TB,2,3,36,2,MLLMM,36,30.5,30.5,T,36.3,36.3,T,,,,
John Dietrich,7/12/23,2023,TB,3,3,39,1,MLLMM,39,31.6,31.6,T,36.3,36.3,T,,,,
John Dietrich,7/12/23,2023,TB,3,3,41,2,MLLMM,41,28.4,28.4,T,36.7,36.7,T,,,,
John Dietrich,7/12/23,2023,TB,3,2,43,1,HHMMM,43,28.9,28.9,T,36.1,36.1,T,,,,
John Dietrich,7/12/23,2023,TB,3,2,48,2,HHMMM,48,30.8,30.8,T,35.4,35.4,T,,,,
John Dietrich,7/12/23,2023,TB,3,1,52,1,MMMMM,52,34.9,34.9,T,36.3,36.3,T,,,,
John Dietrich,7/12/23,2023,TB,3,1,53,2,MMMMM,53,36.3,36.3,T,36.5,36.5,T,,,,
Sam Works,7/25/23,2023,TB,1,2,3,1,HHMMM,3,1.1,1.1,T,22.8,22.8,T,,,,
Sam Works,7/25/23,2023,TB,1,2,4,2,HHMMM,4,2.3,2.3,T,23.3,23.3,T,,,,
Sam Works,7/25/23,2023,TB,1,3,7,2,MLLMM,7,7.7,7.7,T,23.7,23.7,T,,,,
Sam Works,7/25/23,2023,TB,1,3,9,1,MLLMM,9,3.4,3.4,T,25.1,25.1,T,,,,
Sam Works,7/25/23,2023,TB,1,1,15,2,MMMMM,15,2.2,2.2,T,25.7,25.7,T,,,,
Sam Works,7/25/23,2023,TB,1,1,17,1,MMMMM,17,3.0,3,T,26.5,26.5,T,,,,
Sam Works,7/25/23,2023,TB,2,2,20,2,HHMMM,20,8.8,8.8,T,27.8,27.8,T,,,,
Sam Works,7/25/23,2023,TB,2,2,23,1,HHMMM,23,15.3,15.3,T,28.6,28.6,T,,,,
Sam Works,7/25/23,2023,TB,2,1,25,1,MMMMM,25,7.7,7.7,T,28.9,28.9,T,,,,
Sam Works,7/25/23,2023,TB,2,1,29,2,MMMMM,29,8.0,8,T,30.3,30.3,T,,,,
Sam Works,7/25/23,2023,TB,2,3,34,1,MLLMM,34,10.3,10.3,T,30.6,30.6,T,,,,
Sam Works,7/25/23,2023,TB,2,3,36,2,MLLMM,36,5.6,5.6,T,30.9,30.9,T,,,,
Sam Works,7/25/23,2023,TB,3,3,39,1,MLLMM,39,17.6,17.6,T,31.2,31.2,T,,,,
Sam Works,7/25/23,2023,TB,3,3,41,2,MLLMM,41,23.2,23.2,T,31.7,31.7,T,,,,
Sam Works,7/25/23,2023,TB,3,2,43,1,HHMMM,43,15.9,15.9,T,32.7,32.7,T,,,,
Sam Works,7/25/23,2023,TB,3,2,48,2,HHMMM,48,14.1,14.1,T,33.1,33.1,T,,,,
Sam Works,7/25/23,2023,TB,3,1,52,1,MMMMM,52,25.1,25.1,T,32.3,32.3,T,,,,
Sam Works,7/25/23,2023,TB,3,1,53,2,MMMMM,53,31.3,31.3,T,32.3,32.3,T,,,,
Sam Works,8/8/23,2023,TB,1,2,3,1,HHMMM,3,5.9,5.9,T,16.4,16.4,T,,,,
Sam Works,8/8/23,2023,TB,1,2,4,2,HHMMM,4,6.6,6.6,T,15.7,15.7,T,,,,
Sam Works,8/8/23,2023,TB,1,3,7,2,MLLMM,7,16.5,16.5,T,15.3,15.3,T,,,,
Sam Works,8/8/23,2023,TB,1,3,9,1,MLLMM,9,7.9,7.9,T,15.6,15.6,T,,,,
Sam Works,8/8/23,2023,TB,1,1,15,2,MMMMM,15,8.2,8.2,T,14.8,14.8,T,,,,
Sam Works,8/8/23,2023,TB,1,1,17,1,MMMMM,17,14.4,14.4,T,14.8,14.8,T,,,,
Sam Works,8/8/23,2023,TB,2,2,20,2,HHMMM,20,11.6,11.6,T,15.3,15.3,T,,,,
Sam Works,8/8/23,2023,TB,2,2,23,1,HHMMM,23,12.1,12.1,T,15,15,T,,,,
Sam Works,8/8/23,2023,TB,2,1,25,1,MMMMM,25,23.6,23.6,T,17,17,T,,,,
Sam Works,8/8/23,2023,TB,2,1,29,2,MMMMM,29,11.8,11.8,T,15.8,15.8,T,,,,
Sam Works,8/8/23,2023,TB,2,3,34,1,MLLMM,34,19.0,19,T,14.9,14.9,T,,,,
Sam Works,8/8/23,2023,TB,2,3,36,2,MLLMM,36,12.1,12.1,T,15,15,T,,,,
Sam Works,8/8/23,2023,TB,3,3,39,1,MLLMM,39,27.2,27.2,T,19.4,19.4,T,,,,
Sam Works,8/8/23,2023,TB,3,3,41,2,MLLMM,41,19.7,19.7,T,20.4,20.4,T,,,,
Sam Works,8/8/23,2023,TB,3,2,43,1,HHMMM,43,27.9,27.9,T,23.7,23.7,T,,,,
Sam Works,8/8/23,2023,TB,3,2,48,2,HHMMM,48,14.9,14.9,T,21.3,21.3,T,,,,
Sam Works,8/8/23,2023,TB,3,1,52,1,MMMMM,52,30.8,30.8,T,22.5,22.5,T,,,,
Sam Works,8/8/23,2023,TB,3,1,53,2,MMMMM,53,23.4,23.4,T,22.8,22.8,T,,,,
John Dietrich,8/24/23,2023,TB,1,2,3,1,HHMMM,3,1.3,1.3,T,37.1,37.1,T,,,,
John Dietrich,8/24/23,2023,TB,1,2,4,2,HHMMM,4,2.6,2.6,T,37.6,37.6,T,,,,
John Dietrich,8/24/23,2023,TB,1,3,7,2,MLLMM,7,3.8,3.8,T,37.5,37.5,T,,,,
John Dietrich,8/24/23,2023,TB,1,3,9,1,MLLMM,9,4.8,4.8,T,38.5,38.5,T,,,,
John Dietrich,8/24/23,2023,TB,1,1,15,2,MMMMM,15,2.2,2.2,T,40,40,T,,,,
John Dietrich,8/24/23,2023,TB,1,1,17,1,MMMMM,17,3.3,3.3,T,41,41,T,,,,
John Dietrich,8/24/23,2023,TB,2,2,20,2,HHMMM,20,4.7,4.7,T,39.4,39.4,T,,,,
John Dietrich,8/24/23,2023,TB,2,2,23,1,HHMMM,23,10.7,10.7,T,40,40,T,,,,
John Dietrich,8/24/23,2023,TB,2,1,25,1,MMMMM,25,8.4,8.4,T,38.7,38.7,T,,,,
John Dietrich,8/24/23,2023,TB,2,1,29,2,MMMMM,29,7.3,7.3,T,39.1,39.1,T,,,,
John Dietrich,8/24/23,2023,TB,2,3,34,1,MLLMM,34,7.9,7.9,T,40,40,T,,,,
John Dietrich,8/24/23,2023,TB,2,3,36,2,MLLMM,36,8.3,8.3,T,40.3,40.3,T,,,,
John Dietrich,8/24/23,2023,TB,3,3,39,1,MLLMM,39,13.1,13.1,T,29.2,29.2,T,,,,
John Dietrich,8/24/23,2023,TB,3,3,41,2,MLLMM,41,8.6,8.6,T,29.9,29.9,T,,,,
John Dietrich,8/24/23,2023,TB,3,2,43,1,HHMMM,43,9.6,9.6,T,30.5,30.5,T,,,,
John Dietrich,8/24/23,2023,TB,3,2,48,2,HHMMM,48,8.0,8,T,33.2,33.2,T,,,,
John Dietrich,8/24/23,2023,TB,3,1,52,1,MMMMM,52,15.6,15.6,T,35.6,35.6,T,,,,
John Dietrich,8/24/23,2023,TB,3,1,53,2,MMMMM,53,6.7,6.7,T,35.3,35.3,T,,,,