"","Site","DxG_block","paddock","genus_species","species_code","Date","Season","height_cm","emerging_leaves","developed_leaves","scenesced_leaves","percent_green","lifespan","growth_form","photosynthetic_pathway","leaf_thickness_.mm.","wet_leaf_weight_g","Dry_Biomass_min_Leaf_g","Dry_Leaf_Weight_g","Leaf_Area"
"1","FK",1,"LG","Alyssum_desetorum","ALDE","5/30/22","Early",13.9,4,7,0,99,"annual","forb","C3",0.044,"0.0031","0.0522","0.0005",0.152
"2","FK",1,"MG","Alyssum_desetorum","ALDE","5/30/22","Early",10.7,7,34,1,NA,"annual","forb","C3",0.041,"0.0035","0.058","0.0012",0.149
"3","FK",1,"HG","Alyssum_desetorum","ALDE","5/30/22","Early",8.5,14,10,0,99,"annual","forb","C3",0.04,"0.0015","0.0287","0.0001",0.07
"4","FK",2,"LG","Alyssum_desetorum","ALDE","5/31/22","Early",10,9,7,0,100,"annual","forb","C3",0.033,"0.0033","0.054","0.0004",0.138
"5","FK",2,"MG","Alyssum_desetorum","ALDE","5/31/22","Early",12.2,9,11,0,98,"annual","forb","C3",0.061,"0.0059","0.1833","0.001",0.204
"6","FK",2,"HG","Alyssum_desetorum","ALDE","5/31/22","Early",14.9,19,14,0,100,"annual","forb","C3",0.042,"0.0034","0.1476","0.0011",0.127
"7","FK",3,"LG","Alyssum_desetorum","ALDE","5/31/22","Early",9.4,0,9,0,100,"annual","forb","C3",0.041,"0.0044","0.0204","0.0002",0.185
"8","FK",3,"MG","Alyssum_desetorum","ALDE","6/1/22","Early",9.7,15,5,0,100,"annual","forb","C3",0.041,"0.0036","0.0566","0.0009",NA
"9","FK",3,"HG","Alyssum_desetorum","ALDE","6/1/22","Early",15.5,0,15,1,98,"annual","forb","C3",0.056,"0.0053","0.0831","0.0011",0.206
"10","FK",1,"LG","Androsace_occidentalis","ANOC","5/30/22","Early",2.6,3,5,4,90,"annual","forb","C3",0.044,"0.0011","0.0237","1e-05",0.042
"11","FK",1,"MG","Androsace_occidentalis","ANOC","5/30/22","Early",2,3,3,9,60,"annual","forb","C3",0.039,"0.0005","0.0074","1e-05",0.021
"12","FK",1,"HG","Androsace_occidentalis","ANOC","5/30/22","Early",3.5,4,5,11,80,"annual","forb","C3",0.032,"0.0007","0.0213","0.0001",0.034
"13","FK",2,"LG","Androsace_occidentalis","ANOC","5/31/22","Early",2.2,2,11,6,85,"annual","forb","C3",0.042,"0.0007","0.0196","0.0002",0.03
"14","FK",2,"MG","Androsace_occidentalis","ANOC","5/31/22","Early",2.5,3,8,8,60,"annual","forb","C3",0.067,"0.0006","0.0256","1e-05",0.023
"15","FK",2,"HG","Androsace_occidentalis","ANOC","5/31/22","Early",3.4,11,15,4,95,"annual","forb","C3",0.046,"0.0009","0.0427","1e-05",0.038
"16","FK",3,"LG","Androsace_occidentalis","ANOC","5/31/22","Early",2.5,5,4,7,80,"annual","forb","C3",0.032,"0.0003","0.006","1e-05",0.057
"17","FK",3,"MG","Androsace_occidentalis","ANOC","6/1/22","Early",3.7,7,6,7,70,"annual","forb","C3",0.033,"0.0015","0.0328","1e-05",0.056
"18","FK",3,"HG","Androsace_occidentalis","ANOC","6/1/22","Early",3.2,3,9,6,98,"annual","forb","C3",0.04,"0.001","0.013","1e-05",0.03
"19","FK",1,"LG","Artemisia_cana","ARCA","7/1/22","Late",21.1,12,56,18,82,"perennial","woody","C3",0.037,"0.0404","0.738","0.013",1.387
"20","FK",1,"MG","Artemisia_cana","ARCA","7/1/22","Late",63.2,7,2,2,89,"perennial","woody","C3",0.041,"0.0387","0.2518","0.0094",1.088
"21","FK",1,"HG","Artemisia_cana","ARCA","7/1/22","Late",39.9,3,15,3,NA,"perennial","woody","C3",0.032,"0.031","0.1295","0.0003",1.226
"22","FK",2,"LG","Artemisia_cana","ARCA","7/1/22","Late",12.8,10,8,2,71,"perennial","woody","C3",0.033,"0.0355","0.1136","0.009",1.148
"23","FK",2,"MG","Artemisia_cana","ARCA","7/1/22","Late",14.8,9,22,3,92,"perennial","woody","C3",0.029,"0.0254","0.1875","0.0085",0.854
"24","FK",2,"HG","Artemisia_cana","ARCA","7/1/22","Late",18.5,16,98,0,90,"perennial","woody","C3",0.03,"0.0319","0.9436","0.0107",1.24
"25","FK",3,"LG","Artemisia_cana","ARCA","7/1/22","Late",39,9,14,0,99,"perennial","woody","C3",0.036,"0.0191","0.0905","0.0061",0.622
"26","FK",3,"MG","Artemisia_cana","ARCA","7/1/22","Late",15.9,19,37,0,95,"perennial","woody","C3",0.036,"0.0284","0.2798","0.0076",1.009
"27","FK",3,"HG","Artemisia_cana","ARCA","7/1/22","Late",29.1,30,48,8,85,"perennial","woody","C3",0.053,"0.0202","0.4289","0.0055",0.606
"28","FK",1,"LG","Artemisia_dracunculus","ARDR","7/1/22","Late",32,45,27,6,86,"perennial","woody","C3",0.037,"0.0075","0.5248","0.0014",0.236
"29","FK",1,"MG","Artemisia_dracunculus","ARDR","7/1/22","Late",28.9,62,4,4,79,"perennial","woody","C3",0.036,"0.0058","0.3541","0.0005",0.199
"30","FK",1,"HG","Artemisia_dracunculus","ARDR","7/1/22","Late",10.6,114,83,6,74,"perennial","woody","C3",0.033,"0.0043","0.8274","0.0008",0.167
"31","FK",2,"LG","Artemisia_dracunculus","ARDR","7/1/22","Late",28,36,36,7,79,"perennial","woody","C3",0.042,"0.0054","0.1782","1e-05",0.26
"32","FK",2,"MG","Artemisia_dracunculus","ARDR","7/1/22","Late",16.2,36,20,4,72,"perennial","woody","C3",0.031,"0.0065","0.1009","0.0018",0.268
"33","FK",2,"HG","Artemisia_dracunculus","ARDR","7/1/22","Late",33.9,71,154,4,82,"perennial","woody","C3",0.04,"0.0107","0.8126","0.0031",0.394
"34","FK",3,"LG","Artemisia_dracunculus","ARDR","7/1/22","Late",27.9,67,23,3,75,"perennial","woody","C3",0.039,"0.0126","0.3582","0.0039",0.431
"35","FK",3,"MG","Artemisia_dracunculus","ARDR","7/1/22","Late",23.9,113,24,11,95,"perennial","woody","C3",0.039,"0.0074","0.4893","0.0014",0.257
"36","FK",3,"HG","Artemisia_dracunculus","ARDR","7/1/22","Late",20.9,189,22,6,96,"","","",0.037,"0.0052","0.4265","0.0013",0.179
"37","FK",1,"LG","Artemisia_frigida","ARFR","7/1/22","Late",6.2,8,55,4,90,"perennial","woody","C3",0.027,"0.0014","0.0582","0.0003",0.053
"38","FK",1,"MG","Artemisia_frigida","ARFR","7/1/22","Late",5.4,17,21,21,74,"perennial","woody","C3",0.029,"0.0028","0.1001","0.0005",0.186
"39","FK",1,"HG","Artemisia_frigida","ARFR","7/1/22","Late",5.3,6,19,3,90,"perennial","woody","C3",0.029,"0.0004","0.0156","1e-05",0.053
"40","FK",2,"LG","Artemisia_frigida","ARFR","7/1/22","Late",10.8,12,28,10,87,"perennial","woody","C3",0.028,"0.001","0.0365","0.0002",0.071
"41","FK",2,"MG","Artemisia_frigida","ARFR","7/1/22","Late",4.9,14,23,5,87,"perennial","woody","C3",0.038,"0.0015","0.0291","0.0001",0.105
"42","FK",2,"HG","Artemisia_frigida","ARFR","7/1/22","Late",24.8,14,45,6,77,"perennial","woody","C3",0.037,"0.0018","0.0621","0.0001",0.101
"43","FK",3,"LG","Artemisia_frigida","ARFR","7/1/22","Late",29.6,6,33,10,81,"perennial","woody","C3",0.037,"0.003","0.0505","0.0007",0.202
"44","FK",3,"MG","Artemisia_frigida","ARFR","7/1/22","Late",20.9,14,29,3,97,"perennial","woody","C3",0.033,"0.0018","0.0544","0.0001",0.106
"45","FK",3,"HG","Artemisia_frigida","ARFR","7/1/22","Late",26,26,37,20,85,"perennial","woody","C3",0.031,"0.0021","0.1193","0.0014",0.145
"46","FK",1,"LG","Aristida_purpurea","ARPU","7/1/22","Late",14.9,1,2,2,94,"perennial","graminoid","C4",0.03,"0.0097","0.0138","0.0046",0.519
"47","FK",1,"MG","Aristida_purpurea","ARPU","7/1/22","Late",15.5,0,1,1,98,"perennial","graminoid","C4",0.018,"0.0014","0.0195","0.0012",0.091
"48","FK",1,"HG","Aristida_purpurea","ARPU","7/1/22","Late",17.8,1,3,1,96,"perennial","graminoid","C4",0.018,"0.0069","0.0294","0.0027",0.392
"49","FK",2,"LG","Aristida_purpurea","ARPU","7/1/22","Late",12.7,0,1,0,99,"perennial","graminoid","C4",0.018,"0.0088","0.0415","0.0023",0.604
"50","FK",2,"MG","Aristida_purpurea","ARPU","7/1/22","Late",21.8,0,1,1,97,"perennial","graminoid","C4",0.022,"0.0285","0.134","0.0123",1.639
"51","FK",2,"HG","Aristida_purpurea","ARPU","7/1/22","Late",27.4,0,2,0,99,"perennial","graminoid","C4",0.019,"0.0058","0.0327","0.0018",0.288
"52","FK",3,"LG","Aristida_purpurea","ARPU","7/1/22","Late",29.5,1,2,0,99,"perennial","graminoid","C4",0.029,"0.024","0.0588","0.0087",1.214
"53","FK",3,"MG","Aristida_purpurea","ARPU","7/1/22","Late",19.7,0,2,1,98,"perennial","graminoid","C4",0.016,"0.0026","0.0244","0.0004",0.118
"54","FK",3,"HG","Aristida_purpurea","ARPU","7/1/22","Late",22.6,0,1,1,95,"perennial","graminoid","C4",0.021,"0.0036","0.0298","0.0014",0.182
"55","FK",1,"LG","Artemisia_tridentata","ARTR","7/1/22","Late",NA,NA,NA,NA,NA,"perennial","woody","C3",NA,"",NA,NA,NA
"56","FK",1,"MG","Artemisia_tridentata","ARTR","7/1/22","Late",NA,NA,NA,NA,NA,"perennial","woody","C3",NA,"",NA,NA,NA
"57","FK",1,"HG","Artemisia_tridentata","ARTR","7/1/22","Late",NA,NA,NA,NA,NA,"perennial","woody","C3",NA,"",NA,NA,NA
"58","FK",2,"LG","Artemisia_tridentata","ARTR","7/1/22","Late",NA,NA,NA,NA,NA,"perennial","woody","C3",NA,"",NA,NA,NA
"59","FK",2,"MG","Artemisia_tridentata","ARTR","7/1/22","Late",NA,NA,NA,NA,NA,"perennial","woody","C3",NA,"",NA,NA,NA
"60","FK",2,"HG","Artemisia_tridentata","ARTR","7/1/22","Late",NA,NA,NA,NA,NA,"perennial","woody","C3",NA,"",NA,NA,NA
"61","FK",3,"LG","Artemisia_tridentata","ARTR","7/1/22","Late",NA,NA,NA,NA,NA,"perennial","woody","C3",NA,"",NA,NA,NA
"62","FK",3,"MG","Artemisia_tridentata","ARTR","7/1/22","Late",NA,NA,NA,NA,NA,"perennial","woody","C3",NA,"",NA,NA,NA
"63","FK",3,"HG","Artemisia_tridentata","ARTR","7/1/22","Late",NA,NA,NA,NA,NA,"perennial","woody","C3",NA,"",NA,NA,NA
"64","FK",1,"LG","Astragalus_gracilis","ASGR","5/30/22","Early",14.6,4,10,0,99,"perennial","woody","C3",0.041,"0.1412","0.2662","0.033",4.687
"65","FK",1,"MG","Astragalus_gracilis","ASGR","5/30/22","Early",10.1,3,9,0,99,"perennial","woody","C3",0.039,"0.1351","0.2419","0.0292",3.294
"66","FK",1,"HG","Astragalus_gracilis","ASGR","5/30/22","Early",7.8,2,7,0,98,"perennial","woody","C3",0.041,"0.0606","0.0795","0.0152",1.829
"67","FK",2,"LG","Astragalus_gracilis","ASGR","5/31/22","Early",9.4,5,5,0,99,"perennial","woody","C3",0.056,"0.1363","0.1791","0.0325",3.781
"68","FK",2,"MG","Astragalus_gracilis","ASGR","5/31/22","Early",10.1,3,6,0,100,"perennial","woody","C3",0.049,"0.1123","0.1631","0.0286",3.415
"69","FK",2,"HG","Astragalus_gracilis","ASGR","5/31/22","Early",9.2,5,14,0,99,"perennial","woody","C3",0.043,"0.0823","0.3355","0.017",2.552
"70","FK",3,"LG","Astragalus_gracilis","ASGR","5/31/22","Early",10.3,3,6,0,100,"perennial","woody","C3",0.035,"0.1337","0.165","0.0293",3.867
"71","FK",3,"MG","Astragalus_gracilis","ASGR","6/1/22","Early",12.4,1,6,0,98,"perennial","woody","C3",0.034,"0.1405","0.1664","0.0358",3.996
"72","FK",3,"HG","Astragalus_gracilis","ASGR","6/1/22","Early",14.1,6,4,0,98,"perennial","woody","C3",0.033,"0.1469","0.1329","0.034",4.224
"73","FK",1,"LG","Astragalus_purshii","ASPU","5/30/22","Early",7.6,2,2,0,90,"perennial","woody","C3",0.039,"0.1466","0.0616","0.0281",6.498
"74","FK",1,"MG","Astragalus_purshii","ASPU","5/30/22","Early",14.7,3,6,1,95,"perennial","woody","C3",0.034,"0.6456","0.6332","0.1031",18.614
"75","FK",1,"HG","Astragalus_purshii","ASPU","5/30/22","Early",6.1,5,19,1,95,"perennial","woody","C3",0.063,"0.3755","1.2991","0.0738",13.459
"76","FK",2,"LG","Astragalus_purshii","ASPU","5/31/22","Early",4.8,1,6,1,97,"perennial","woody","C3",0.061,"0.0795","0.1096","0.0163",2.786
"77","FK",2,"MG","Astragalus_purshii","ASPU","5/31/22","Early",5.1,4,8,0,92,"perennial","woody","C3",0.035,"0.3065","0.3528","0.0634",8.355
"78","FK",2,"HG","Astragalus_purshii","ASPU","5/31/22","Early",5.4,2,4,0,85,"perennial","woody","C3",0.045,"0.1324","0.0621","0.0217",3.959
"79","FK",3,"LG","Astragalus_purshii","ASPU","5/31/22","Early",5.1,1,4,0,100,"perennial","woody","C3",0.057,"0.2383","0.1458","0.0438",7.858
"80","FK",3,"MG","Astragalus_purshii","ASPU","6/1/22","Early",4.8,2,8,0,95,"perennial","woody","C3",0.058,"0.2039","0.2547","0.0427",6.599
"81","FK",3,"HG","Astragalus_purshii","ASPU","6/1/22","Early",5.6,2,11,0,98,"perennial","woody","C3",0.048,"0.1583","0.1867","0.0298",6.556
"82","FK",1,"LG","Asclepias_stenophylla","ASST","5/30/22","Early",NA,NA,NA,NA,NA,"","","",NA,"",NA,NA,NA
"83","FK",1,"MG","Asclepias_stenophylla","ASST","5/30/22","Early",NA,NA,NA,NA,NA,"","","",NA,"",NA,NA,NA
"84","FK",1,"HG","Asclepias_stenophylla","ASST","5/30/22","Early",NA,NA,NA,NA,NA,"","","",NA,"",NA,NA,NA
"85","FK",2,"LG","Asclepias_stenophylla","ASST","5/31/22","Early",NA,NA,NA,NA,NA,"","","",NA,"",NA,NA,NA
"86","FK",2,"MG","Asclepias_stenophylla","ASST","5/31/22","Early",NA,NA,NA,NA,NA,"","","",NA,"",NA,NA,NA
"87","FK",2,"HG","Asclepias_stenophylla","ASST","5/31/22","Early",NA,NA,NA,NA,NA,"","","",NA,"",NA,NA,NA
"88","FK",3,"LG","Asclepias_stenophylla","ASST","5/31/22","Early",NA,NA,NA,NA,NA,"","","",NA,"",NA,NA,NA
"89","FK",3,"MG","Asclepias_stenophylla","ASST","6/1/22","Early",NA,NA,NA,NA,NA,"","","",NA,"",NA,NA,NA
"90","FK",3,"HG","Asclepias_stenophylla","ASST","6/1/22","Early",NA,NA,NA,NA,NA,"","","",NA,"",NA,NA,NA
"91","FK",1,"LG","Bouteloua_dactyloides","BODA","7/1/22","Late",12.9,1,0,0,98,"perennial","graminoid","C4",0.026,"0.0101","0.0164","0.0038",0.89
"92","FK",1,"MG","Bouteloua_dactyloides","BODA","7/1/22","Late",8.7,1,0,0,99,"perennial","graminoid","C4",0.016,"0.0109","0.0068","0.0048",0.84
"93","FK",1,"HG","Bouteloua_dactyloides","BODA","7/1/22","Late",4.8,1,3,0,97,"perennial","graminoid","C4",0.022,"0.0081","0.0093","0.0034",0.682
"94","FK",2,"LG","Bouteloua_dactyloides","BODA","7/1/22","Late",8.1,1,3,0,99,"perennial","graminoid","C4",0.027,"0.011","0.0129","0.0042",0.735
"95","FK",2,"MG","Bouteloua_dactyloides","BODA","7/1/22","Late",9.4,1,4,0,96,"perennial","graminoid","C4",0.021,"0.0073","0.0113","0.0027",0.588
"96","FK",2,"HG","Bouteloua_dactyloides","BODA","7/1/22","Late",6.9,2,3,0,99,"perennial","graminoid","C4",0.027,"0.0157","0.0211","0.0057",1.195
"97","FK",3,"LG","Bouteloua_dactyloides","BODA","7/1/22","Late",7.5,1,4,0,98,"perennial","graminoid","C4",0.023,"0.0107","0.0196","0.0043",0.916
"98","FK",3,"MG","Bouteloua_dactyloides","BODA","7/1/22","Late",8.7,1,3,0,97,"perennial","graminoid","C4",0.024,"0.0084","0.0149","0.0039",0.665
"99","FK",3,"HG","Bouteloua_dactyloides","BODA","7/1/22","Late",11,1,4,0,97,"perennial","graminoid","C4",0.022,"0.0158","0.0212","0.0069",1.145
"100","FK",1,"LG","Bouteloua_gracilis","BOGR","7/1/22","Late",7.4,2,1,1,95,"perennial","graminoid","C4",0.031,"0.0167","0.0258","0.0067",0.823
"101","FK",1,"MG","Bouteloua_gracilis","BOGR","7/1/22","Late",5.2,1,0,0,95,"perennial","graminoid","C4",0.024,"0.013","0.015","0.0047",0.8
"102","FK",1,"HG","Bouteloua_gracilis","BOGR","7/1/22","Late",5.1,1,2,0,96,"perennial","graminoid","C4",0.026,"0.0106","0.0078","0.0041",0.645
"103","FK",2,"LG","Bouteloua_gracilis","BOGR","7/1/22","Late",4.3,2,2,0,96,"perennial","graminoid","C4",0.021,"0.009","0.0127","0.0036",0.586
"104","FK",2,"MG","Bouteloua_gracilis","BOGR","7/1/22","Late",1.4,2,4,0,90,"perennial","graminoid","C4",0.021,"0.0078","0.0158","0.0031",0.476
"105","FK",2,"HG","Bouteloua_gracilis","BOGR","7/1/22","Late",6.2,1,3,1,98,"perennial","graminoid","C4",0.022,"0.0136","0.0192","0.0055",0.724
"106","FK",3,"LG","Bouteloua_gracilis","BOGR","7/1/22","Late",7.5,1,3,1,88,"perennial","graminoid","C4",0.023,"0.0118","0.0135","0.0043",0.565
"107","FK",3,"MG","Bouteloua_gracilis","BOGR","7/1/22","Late",4.1,1,1,3,75,"perennial","graminoid","C4",0.022,"0.008","0.0108","0.004",0.462
"108","FK",3,"HG","Bouteloua_gracilis","BOGR","7/1/22","Late",13.7,1,3,1,96,"perennial","graminoid","C4",0.022,"0.0143","0.041","0.0051",0.811
"109","FK",1,"LG","Bromus_arvensis","BRAR","5/30/22","Early",8.5,0,3,3,70,"annual","graminoid","C3",0.022,"0.0048","0.0116","0.0016",0.383
"110","FK",1,"MG","Bromus_arvensis","BRAR","5/30/22","Early",7,0,4,1,95,"annual","graminoid","C3",0.022,"0.0062","0.016","0.0016",0.397
"111","FK",1,"HG","Bromus_arvensis","BRAR","5/30/22","Early",8.1,1,5,0,80,"annual","graminoid","C3",0.026,"0.0075","0.0188","0.0017",0.586
"112","FK",2,"LG","Bromus_arvensis","BRAR","5/31/22","Early",8.8,0,4,1,95,"annual","graminoid","C3",0.033,"0.0113","0.026","0.0034",0.91
"113","FK",2,"MG","Bromus_arvensis","BRAR","5/31/22","Early",12.4,0,5,1,95,"annual","graminoid","C3",0.032,"0.0232","0.0469","0.005",0.979
"114","FK",2,"HG","Bromus_arvensis","BRAR","5/31/22","Early",6.3,1,2,2,90,"annual","graminoid","C3",0.037,"0.0019","0.008","0.002",0.148
"115","FK",3,"LG","Bromus_arvensis","BRAR","5/31/22","Early",11.4,0,7,1,90,"annual","graminoid","C3",0.058,"0.014","0.0312","0.0038",0.943
"116","FK",3,"MG","Bromus_arvensis","BRAR","6/1/22","Early",8.1,0,4,0,98,"annual","graminoid","C3",0.051,"0.002","0.0098","0.0003",0.124
"117","FK",3,"HG","Bromus_arvensis","BRAR","6/1/22","Early",6.7,0,3,1,95,"annual","graminoid","C3",0.028,"0.003","0.0081","0.0011",0.231
"118","FK",1,"LG","Bromus_tectorum","BRTE","5/30/22","Early",29,0,3,2,95,"annual","graminoid","C3",0.021,"0.0532","0.4745","0.0187",3.773
"119","FK",1,"MG","Bromus_tectorum","BRTE","5/30/22","Early",13.3,0,3,8,90,"annual","graminoid","C3",0.035,"0.0078","0.0783","0.0018",0.603
"120","FK",1,"HG","Bromus_tectorum","BRTE","5/30/22","Early",16.7,0,2,4,95,"annual","graminoid","C3",0.029,"0.0064","0.0645","0.0019",0.534
"121","FK",2,"LG","Bromus_tectorum","BRTE","5/31/22","Early",11.6,1,2,0,80,"annual","graminoid","C3",NA,"",NA,NA,NA
"122","FK",2,"MG","Bromus_tectorum","BRTE","5/31/22","Early",15.3,0,4,4,80,"annual","graminoid","C3",0.026,"0.0152","0.1037","0.005",1.216
"123","FK",2,"MG","Bromus_tectorum","BRTE","5/31/22","Early",15.3,0,4,4,80,"annual","graminoid","C3",0.026,"0.0152","0.1037","0.005",1.216
"124","FK",2,"HG","Bromus_tectorum","BRTE","5/31/22","Early",9.6,0,2,2,90,"annual","graminoid","C3",0.038,"0.0021","0.0274","0.0008",0.191
"125","FK",3,"LG","Bromus_tectorum","BRTE","5/31/22","Early",11.9,0,3,8,75,"annual","graminoid","C3",0.036,"0.0093","0.0946","0.0026",0.705
"126","FK",3,"MG","Bromus_tectorum","BRTE","6/1/22","Early",13.2,0,4,1,90,"annual","graminoid","C3",0.034,"0.0037","0.035","0.001",0.292
"127","FK",3,"HG","Bromus_tectorum","BRTE","6/1/22","Early",9.5,0,4,2,98,"annual","graminoid","C3",0.038,"0.0019","0.0263","0.0008",0.179
"128","FK",1,"LG","Carex_duriuscula","CADU","5/30/22","Early",5.9,0,1,1,75,"perennial","graminoid","C3",0.038,"0.0131","0.0381","0.0043",0.541
"129","FK",1,"MG","Carex_duriuscula","CADU","5/30/22","Early",9.8,2,3,1,65,"perennial","graminoid","C3",0.028,"0.036","0.0237","0.0128",1.581
"130","FK",1,"HG","Carex_duriuscula","CADU","5/30/22","Early",4,0,2,1,90,"perennial","graminoid","C3",0.043,"0.0141","0.0523","0.0042",0.591
"131","FK",2,"LG","Carex_duriuscula","CADU","5/31/22","Early",5.1,0,2,0,75,"perennial","graminoid","C3",0.056,"0.0136","0.0474","0.0051",0.697
"132","FK",2,"MG","Carex_duriuscula","CADU","5/31/22","Early",1.3,0,1,1,80,"perennial","graminoid","C3",0.041,"0.0213","0.0661","0.0058",0.861
"133","FK",2,"HG","Carex_duriuscula","CADU","5/31/22","Early",10.3,1,4,0,80,"perennial","graminoid","C3",0.039,"0.0489","0.0401","0.0182",NA
"134","FK",3,"LG","Carex_duriuscula","CADU","5/31/22","Early",9.7,0,1,3,80,"perennial","graminoid","C3",0.033,"0.0146","0.0515","0.0048",0.63
"135","FK",3,"MG","Carex_duriuscula","CADU","6/1/22","Early",2.2,0,1,4,60,"perennial","graminoid","C3",0.028,"0.0048","0.0365","0.001",0.295
"136","FK",3,"HG","Carex_duriuscula","CADU","6/1/22","Early",4.8,0,4,1,75,"perennial","graminoid","C3",0.029,"0.0203","0.0153","0.0072",0.766
"137","FK",1,"LG","Carex_filifolia","CAFI","5/30/22","Early",16.8,2,2,1,90,"perennial","graminoid","C3",0.056,"0.0242","0.0224","0.0092",0.957
"138","FK",1,"MG","Carex_filifolia","CAFI","5/30/22","Early",15.2,1,4,0,100,"perennial","graminoid","C3",0.037,"0.0246","0.0202","0.0082",0.95
"139","FK",1,"HG","Carex_filifolia","CAFI","5/30/22","Early",8.6,1,3,0,85,"perennial","graminoid","C3",0.055,"0.011","0.012","0.0032",0.408
"140","FK",2,"LG","Carex_filifolia","CAFI","5/31/22","Early",9.1,4,4,0,90,"perennial","graminoid","C3",0.062,"0.0224","0.0196","0.0077",0.864
"141","FK",2,"MG","Carex_filifolia","CAFI","5/31/22","Early",16.5,1,3,0,85,"perennial","graminoid","C3",0.051,"0.0202","0.0176","0.0078",0.745
"142","FK",2,"HG","Carex_filifolia","CAFI","5/31/22","Early",17.8,1,4,0,97,"perennial","graminoid","C3",0.021,"0.024","0.0281","0.0088",0.879
"143","FK",3,"LG","Carex_filifolia","CAFI","5/31/22","Early",11.9,1,2,1,75,"perennial","graminoid","C3",0.04,"0.0076","0.0088","0.0028",0.396
"144","FK",3,"MG","Carex_filifolia","CAFI","6/1/22","Early",18.9,1,3,0,75,"perennial","graminoid","C3",0.04,"0.0173","0.0413","0.0066",0.57
"145","FK",3,"HG","Carex_filifolia","CAFI","6/1/22","Early",12,1,3,1,60,"perennial","graminoid","C3",0.043,"0.0177","0.011","0.006",0.696
"146","FK",1,"LG","Conyza_canadensis","COCA","5/30/22","Early",21,114,32,0,95,"biennial","forb","C3",0.048,"0.0185","0.4281","0.0042",0.686
"147","FK",1,"MG","Conyza_canadensis","COCA","5/30/22","Early",19.3,106,36,0,95,"biennial","forb","C3",0.042,"0.029","0.5606","0.0075",0.944
"148","FK",1,"HG","Conyza_canadensis","COCA","5/30/22","Early",18.6,99,28,6,97,"biennial","forb","C3",0.041,"0.0161","0.3908","0.0042",0.563
"149","FK",2,"LG","Conyza_canadensis","COCA","5/31/22","Early",15.4,29,24,3,97,"biennial","forb","C3",0.042,"0.0141","0.182","0.0025",0.559
"150","FK",2,"MG","Conyza_canadensis","COCA","5/31/22","Early",23.7,166,33,3,95,"biennial","forb","C3",0.048,"0.0128","0.6176","0.0034",0.477
"151","FK",2,"HG","Conyza_canadensis","COCA","5/31/22","Early",18.1,81,26,0,95,"biennial","forb","C3",0.046,"0.0214","0.3294","0.0048",0.756
"152","FK",3,"LG","Conyza_canadensis","COCA","5/31/22","Early",15,84,27,0,98,"biennial","forb","C3",0.045,"0.0212","0.3392","0.0056",0.723
"153","FK",3,"MG","Conyza_canadensis","COCA","6/1/22","Early",22.6,151,32,2,97,"biennial","forb","C3",0.043,"0.018","0.5317","0.0044",0.622
"154","FK",3,"HG","Conyza_canadensis","COCA","6/1/22","Early",13.2,102,33,0,97,"biennial","forb","C3",0.037,"0.0188","0.3182","0.0048",0.753
"155","FK",1,"LG","Euphorbia_nutans","EUNU","5/30/22","Early",NA,NA,NA,NA,NA,"","","",NA,"",NA,NA,NA
"156","FK",1,"MG","Euphorbia_nutans","EUNU","5/30/22","Early",NA,NA,NA,NA,NA,"","","",NA,"",NA,NA,NA
"157","FK",1,"HG","Euphorbia_nutans","EUNU","5/30/22","Early",NA,NA,NA,NA,NA,"","","",NA,"",NA,NA,NA
"158","FK",2,"LG","Euphorbia_nutans","EUNU","5/31/22","Early",NA,NA,NA,NA,NA,"","","",NA,"",NA,NA,NA
"159","FK",2,"MG","Euphorbia_nutans","EUNU","5/31/22","Early",NA,NA,NA,NA,NA,"","","",NA,"",NA,NA,NA
"160","FK",2,"HG","Euphorbia_nutans","EUNU","5/31/22","Early",NA,NA,NA,NA,NA,"","","",NA,"",NA,NA,NA
"161","FK",3,"LG","Euphorbia_nutans","EUNU","5/31/22","Early",NA,NA,NA,NA,NA,"","","",NA,"",NA,NA,NA
"162","FK",3,"MG","Euphorbia_nutans","EUNU","6/1/22","Early",NA,NA,NA,NA,NA,"","","",NA,"",NA,NA,NA
"163","FK",3,"HG","Euphorbia_nutans","EUNU","6/1/22","Early",NA,NA,NA,NA,NA,"","","",NA,"",NA,NA,NA
"164","FK",1,"LG","Hesperostipa_comata","HECO","5/30/22","Early",20.6,2,2,1,98,"perennial","graminoid","C3",0.035,"0.0449","0.0672","0.0161",1.759
"165","FK",1,"MG","Hesperostipa_comata","HECO","5/30/22","Early",26.1,2,2,0,80,"perennial","graminoid","C3",0.029,"0.0364","0.0514","0.0133",2.058
"166","FK",1,"HG","Hesperostipa_comata","HECO","5/30/22","Early",24.1,1,1,1,80,"perennial","graminoid","C3",0.025,"0.0144","0.0094","0.0048",0.712
"167","FK",2,"LG","Hesperostipa_comata","HECO","5/31/22","Early",14.5,1,2,0,99,"perennial","graminoid","C3",0.033,"0.0255","0.0409","0.01",1.157
"168","FK",2,"MG","Hesperostipa_comata","HECO","5/31/22","Early",17,1,2,0,99,"perennial","graminoid","C3",0.028,"0.0322","0.0162","0.0119",1.723
"169","FK",2,"HG","Hesperostipa_comata","HECO","5/31/22","Early",20.2,1,1,0,80,"perennial","graminoid","C3",0.04,"0.0261","0.0173","0.0094",1.42
"170","FK",3,"LG","Hesperostipa_comata","HECO","5/31/22","Early",13.3,1,2,0,95,"perennial","graminoid","C3",0.035,"0.0449","0.0295","0.0181",1.609
"171","FK",3,"MG","Hesperostipa_comata","HECO","6/1/22","Early",14.6,1,2,0,98,"perennial","graminoid","C3",0.035,"0.0163","0.0303","0.0059",0.512
"172","FK",3,"HG","Hesperostipa_comata","HECO","6/1/22","Early",17.6,1,2,0,96,"perennial","graminoid","C3",0.037,"0.0511","0.0151","0.0217",1.567
"173","FK",1,"LG","Hedeoma_hispida","HEHI","5/30/22","Early",5.4,3,13,2,97,"annual","forb","C3",0.037,"0.0016",NA,NA,0.1
"174","FK",1,"MG","Hedeoma_hispida","HEHI","5/30/22","Early",2.6,4,8,1,98,"annual","forb","C3",0.032,"0.0012",NA,NA,NA
"175","FK",1,"HG","Hedeoma_hispida","HEHI","5/30/22","Early",3.2,3,6,0,100,"annual","forb","C3",0.037,"0.0018",NA,NA,NA
"176","FK",2,"LG","Hedeoma_hispida","HEHI","5/31/22","Early",3.6,2,11,0,100,"annual","forb","C3",0.047,"0.0018",NA,NA,0.11
"177","FK",2,"MG","Hedeoma_hispida","HEHI","5/31/22","Early",4.2,5,12,0,90,"annual","forb","C3",0.024,"0.0014",NA,NA,0.09
"178","FK",2,"HG","Hedeoma_hispida","HEHI","5/31/22","Early",33,6,12,0,98,"annual","forb","C3",0.034,"0.0011",NA,NA,0.06
"179","FK",3,"LG","Hedeoma_hispida","HEHI","5/31/22","Early",3.1,5,12,0,99,"annual","forb","C3",0.033,"0.001",NA,NA,0.069
"180","FK",3,"MG","Hedeoma_hispida","HEHI","6/1/22","Early",3.1,7,12,0,100,"annual","forb","C3",0.034,"0.0007",NA,NA,0.073
"181","FK",3,"HG","Hedeoma_hispida","HEHI","6/1/22","Early",2.5,4,9,0,100,"annual","forb","C3",0.028,"0.0015",NA,NA,0.076
"182","FK",1,"LG","Koeleria_macrantha","KOMA","5/30/22","Early",10.1,1,2,0,100,"perennial","graminoid","C3",0.033,"0.0328","0.0062","0.0105",1.673
"183","FK",1,"MG","Koeleria_macrantha","KOMA","5/30/22","Early",13.2,1,3,0,99,"perennial","graminoid","C3",0.036,"0.0403","0.031","0.0136",1.763
"184","FK",1,"HG","Koeleria_macrantha","KOMA","5/30/22","Early",7.3,1,3,0,97,"perennial","graminoid","C3",0.027,"0.0297","0.0159","0.009",1.112
"185","FK",2,"LG","Koeleria_macrantha","KOMA","5/31/22","Early",11.1,1,3,0,77,"perennial","graminoid","C3",0.041,"0.0404","0.0276","0.013",1.837
"186","FK",2,"MG","Koeleria_macrantha","KOMA","5/31/22","Early",11.9,1,2,0,99,"perennial","graminoid","C3",0.036,"0.0254","0.0141","0.0082",1.011
"187","FK",2,"HG","Koeleria_macrantha","KOMA","5/31/22","Early",18.2,0,4,0,95,"perennial","graminoid","C3",0.039,"0.0359","0.0273","0.0117",1.581
"188","FK",3,"LG","Koeleria_macrantha","KOMA","5/31/22","Early",12.2,1,2,0,100,"perennial","graminoid","C3",0.036,"0.0579","0.0358","0.0201",2.104
"189","FK",3,"MG","Koeleria_macrantha","KOMA","6/1/22","Early",7.6,1,3,1,95,"perennial","graminoid","C3",0.044,"0.0244","0.0217","0.0072",0.824
"190","FK",3,"HG","Koeleria_macrantha","KOMA","6/1/22","Early",14.9,1,2,0,99,"perennial","graminoid","C3",0.035,"0.0162","0.0094","0.0047",0.842
"191","FK",1,"LG","Lactuca_serriola","LASE","5/30/22","Early",NA,NA,NA,NA,NA,"","","",NA,"",NA,NA,NA
"192","FK",1,"MG","Lactuca_serriola","LASE","5/30/22","Early",NA,NA,NA,NA,NA,"","","",NA,"",NA,NA,NA
"193","FK",1,"HG","Lactuca_serriola","LASE","5/30/22","Early",NA,NA,NA,NA,NA,"","","",NA,"",NA,NA,NA
"194","FK",2,"LG","Lactuca_serriola","LASE","5/31/22","Early",NA,NA,NA,NA,NA,"","","",NA,"",NA,NA,NA
"195","FK",2,"MG","Lactuca_serriola","LASE","5/31/22","Early",NA,NA,NA,NA,NA,"","","",NA,"",NA,NA,NA
"196","FK",2,"HG","Lactuca_serriola","LASE","5/31/22","Early",NA,NA,NA,NA,NA,"","","",NA,"",NA,NA,NA
"197","FK",3,"LG","Lactuca_serriola","LASE","5/31/22","Early",NA,NA,NA,NA,NA,"","","",NA,"",NA,NA,NA
"198","FK",3,"MG","Lactuca_serriola","LASE","6/1/22","Early",NA,NA,NA,NA,NA,"","","",NA,"",NA,NA,NA
"199","FK",3,"HG","Lactuca_serriola","LASE","6/1/22","Early",NA,NA,NA,NA,NA,"","","",NA,"",NA,NA,NA
"200","FK",1,"LG","Lepidium_densiflorum","LEDE","5/30/22","Early",9.9,4,11,0,98,"annual","forb","C3",0.034,"0.0011","0.0238","0.0002",0.067
"201","FK",1,"MG","Lepidium_densiflorum","LEDE","5/30/22","Early",4.5,2,4,0,95,"annual","forb","C3",0.028,"0.0007","0.0043","1e-05",0.047
"202","FK",1,"HG","Lepidium_densiflorum","LEDE","5/30/22","Early",5.7,0,9,0,99,"annual","forb","C3",0.032,"0.0002","0.0067","1e-05",NA
"203","FK",2,"LG","Lepidium_densiflorum","LEDE","5/31/22","Early",10.3,2,7,0,100,"annual","forb","C3",0.028,"0.0011","0.0148","0.0005",0.071
"204","FK",2,"MG","Lepidium_densiflorum","LEDE","5/31/22","Early",23.2,8,36,0,98,"annual","forb","C3",0.043,"0.0047","0.1952","0.0012",0.19
"205","FK",2,"HG","Lepidium_densiflorum","LEDE","5/31/22","Early",9.1,0,7,1,97,"annual","forb","C3",0.036,"0.0011","0.0093","1e-05",0.061
"206","FK",3,"LG","Lepidium_densiflorum","LEDE","5/31/22","Early",5.6,1,6,0,100,"annual","forb","C3",0.03,"0.0004","0.0069","1e-05",0.035
"207","FK",3,"MG","Lepidium_densiflorum","LEDE","6/1/22","Early",6.1,0,5,0,100,"annual","forb","C3",0.024,"0.0002","0.0066","1e-05",0.047
"208","FK",3,"HG","Lepidium_densiflorum","LEDE","6/1/22","Early",17.2,7,36,0,97,"annual","forb","C3",0.039,"0.0041","0.1687","0.0004",0.166
"209","FK",1,"LG","Lithospermum_incisum","LIIN","5/30/22","Early",11.3,20,22,1,95,"perennial","forb","C3",0.054,"0.0503","0.2819","0.0122",1.215
"210","FK",1,"MG","Lithospermum_incisum","LIIN","5/30/22","Early",9.3,3,18,1,95,"perennial","forb","C3",0.049,"0.0247","0.0841","0.0057",0.787
"211","FK",1,"HG","Lithospermum_incisum","LIIN","5/30/22","Early",5.7,2,17,2,95,"perennial","forb","C3",0.035,"0.0194","0.0561","0.0047",0.618
"212","FK",2,"LG","Lithospermum_incisum","LIIN","5/31/22","Early",11.1,9,20,0,97,"perennial","forb","C3",0.054,"0.0286","0.1511","0.0074",0.842
"213","FK",2,"MG","Lithospermum_incisum","LIIN","5/31/22","Early",7.4,19,20,1,97,"perennial","forb","C3",0.046,"0.0132","0.1133","0.0033",NA
"214","FK",2,"HG","Lithospermum_incisum","LIIN","5/31/22","Early",8.8,7,16,0,95,"perennial","forb","C3",0.057,"0.0382","0.1513","0.0073",1.066
"215","FK",3,"LG","Lithospermum_incisum","LIIN","6/1/22","Early",4.4,3,7,0,100,"perennial","forb","C3",0.036,"0.0746","0.0474","0.0121",1.69
"216","FK",3,"MG","Lithospermum_incisum","LIIN","6/1/22","Early",9.8,1,4,0,99,"perennial","forb","C3",0.058,"0.1599","0.0623","0.0369",3.299
"217","FK",3,"HG","Lithospermum_incisum","LIIN","6/1/22","Early",7.1,4,7,0,99,"perennial","forb","C3",0.064,"0.1174","0.035","0.0253",2.39
"218","FK",1,"LG","Liatris_punctata","LIPU","5/30/22","Early",12.5,9,12,2,97,"perennial","forb","C3",0.05,"0.1282","0.2143","0.0245",2.823
"219","FK",1,"MG","Liatris_punctata","LIPU","5/30/22","Early",14.3,14,20,12,80,"perennial","forb","C3",0.049,"0.0308","0.4262","0.0079",0.717
"220","FK",1,"HG","Liatris_punctata","LIPU","5/30/22","Early",9.6,3,15,1,90,"perennial","forb","C3",0.039,"0.1263","0.2091","0.0214",NA
"221","FK",2,"LG","Liatris_punctata","LIPU","5/31/22","Early",12.3,3,10,0,95,"perennial","forb","C3",0.054,"0.2398","0.1881","0.0389",5.496
"222","FK",2,"MG","Liatris_punctata","LIPU","5/31/22","Early",7.4,3,16,0,97,"perennial","forb","C3",0.05,"0.0533","0.098","0.0099",1.537
"223","FK",2,"HG","Liatris_punctata","LIPU","5/31/22","Early",8.5,8,21,0,98,"perennial","forb","C3",0.053,"0.1115","0.2893","0.0226",2.367
"224","FK",3,"LG","Liatris_punctata","LIPU","5/31/22","Early",7.8,7,11,0,100,"perennial","forb","C3",0.026,"0.0783","0.1596","0.0169",1.933
"225","FK",3,"MG","Liatris_punctata","LIPU","6/1/22","Early",11.1,1,4,0,99,"perennial","forb","C3",0.043,"0.168","0.0341","0.0285",3.693
"226","FK",3,"HG","Liatris_punctata","LIPU","6/1/22","Early",9.4,4,6,0,100,"perennial","forb","C3",0.055,"0.1014","0.067","0.0192",2.367
"227","FK",1,"LG","Linum_rigidum","LIRI","5/30/22","Early",NA,NA,NA,NA,NA,"","","",NA,"",NA,NA,NA
"228","FK",1,"MG","Linum_rigidum","LIRI","5/30/22","Early",NA,NA,NA,NA,NA,"","","",NA,"",NA,NA,NA
"229","FK",1,"HG","Linum_rigidum","LIRI","5/30/22","Early",NA,NA,NA,NA,NA,"","","",NA,"",NA,NA,NA
"230","FK",2,"LG","Linum_rigidum","LIRI","5/31/22","Early",NA,NA,NA,NA,NA,"","","",NA,"",NA,NA,NA
"231","FK",2,"MG","Linum_rigidum","LIRI","5/31/22","Early",NA,NA,NA,NA,NA,"","","",NA,"",NA,NA,NA
"232","FK",2,"HG","Linum_rigidum","LIRI","5/31/22","Early",NA,NA,NA,NA,NA,"","","",NA,"",NA,NA,NA
"233","FK",3,"LG","Linum_rigidum","LIRI","5/31/22","Early",NA,NA,NA,NA,NA,"","","",NA,"",NA,NA,NA
"234","FK",3,"MG","Linum_rigidum","LIRI","6/1/22","Early",11.3,7,26,3,97,"","","",NA,"",NA,NA,NA
"235","FK",3,"HG","Linum_rigidum","LIRI","6/1/22","Early",NA,NA,NA,NA,NA,"","","",NA,"",NA,NA,NA
"236","FK",1,"LG","Logfia_arvensis","LOAR","5/30/22","Early",4.9,5,20,2,98,"annual","forb","C3",0.037,"0.001","0.0075","1e-05",0.088
"237","FK",1,"MG","Logfia_arvensis","LOAR","5/30/22","Early",3.7,2,29,1,98,"annual","forb","C3",0.042,"0.0014","0.009","1e-05",0.093
"238","FK",1,"HG","Logfia_arvensis","LOAR","5/30/22","Early",2.8,4,18,1,98,"annual","forb","C3",0.027,"0.0005","0.0043",NA,0.054
"239","FK",2,"LG","Logfia_arvensis","LOAR","5/31/22","Early",3.5,3,17,1,99,"annual","forb","C3",0.052,"0.0008","0.0056","1e-05",0.074
"240","FK",2,"MG","Logfia_arvensis","LOAR","5/31/22","Early",5.3,3,23,4,97,"annual","forb","C3",0.032,"0.0011","0.0092","1e-05",0.058
"241","FK",2,"HG","Logfia_arvensis","LOAR","5/31/22","Early",5.5,2,22,4,95,"annual","forb","C3",0.038,"0.0015","0.0072","1e-05",0.112
"242","FK",3,"LG","Logfia_arvensis","LOAR","6/1/22","Early",5.5,3,26,1,98,"annual","forb","C3",0.052,"0.0038","0.0158","0.0005",0.197
"243","FK",3,"MG","Logfia_arvensis","LOAR","6/1/22","Early",4.7,5,13,2,90,"annual","forb","C3",0.048,"0.0013","0.0105","0.0003",0.112
"244","FK",3,"HG","Logfia_arvensis","LOAR","6/1/22","Early",4.5,3,19,4,80,"annual","forb","C3",0.036,"0.0012","0.0059","1e-05",0.076
"245","FK",1,"LG","Lydogesmia_juncea","LYJU","5/30/22","Early",11.9,14,10,0,99,"perennial","forb","C3",0.053,"0.0184","0.139","0.0037",0.544
"246","FK",1,"MG","Lydogesmia_juncea","LYJU","5/30/22","Early",15.3,24,14,0,87,"perennial","forb","C3",0.039,"0.0067","0.2006","0.0022",0.247
"247","FK",1,"HG","Lydogesmia_juncea","LYJU","5/30/22","Early",17.2,4,10,1,97,"perennial","forb","C3",0.043,"0.025","0.1897","0.0044",0.699
"248","FK",2,"LG","Lydogesmia_juncea","LYJU","5/31/22","Early",12.2,9,13,0,95,"perennial","forb","C3",0.056,"0.0088","0.0939","0.0025",0.291
"249","FK",2,"MG","Lydogesmia_juncea","LYJU","5/31/22","Early",12.1,6,17,0,97,"perennial","forb","C3",0.055,"0.0202","0.175","0.0045",0.544
"250","FK",2,"HG","Lydogesmia_juncea","LYJU","5/31/22","Early",14.1,10,12,1,99,"perennial","forb","C3",0.037,"0.0233","0.328","0.005",0.726
"251","FK",3,"LG","Lydogesmia_juncea","LYJU","6/1/22","Early",16,8,12,1,75,"perennial","forb","C3",0.059,"0.0123","0.1353","0.0033",0.421
"252","FK",3,"MG","Lydogesmia_juncea","LYJU","6/1/22","Early",19.4,34,57,5,90,"perennial","forb","C3",0.048,"0.024","0.6015","0.006",0.585
"253","FK",3,"HG","Lydogesmia_juncea","LYJU","6/1/22","Early",15.8,38,12,2,55,"perennial","forb","C3",0.044,"0.0144","0.2251","0.0041",0.478
"254","FK",1,"LG","Oenothera_suffrtescuns","OESU","5/30/22","Early",NA,NA,NA,NA,NA,"","","",NA,"",NA,NA,NA
"255","FK",1,"MG","Oenothera_suffrtescuns","OESU","5/30/22","Early",NA,NA,NA,NA,NA,"","","",NA,"",NA,NA,NA
"256","FK",1,"HG","Oenothera_suffrtescuns","OESU","5/30/22","Early",NA,NA,NA,NA,NA,"","","",NA,"",NA,NA,NA
"257","FK",2,"LG","Oenothera_suffrtescuns","OESU","5/31/22","Early",NA,NA,NA,NA,NA,"","","",NA,"",NA,NA,NA
"258","FK",2,"MG","Oenothera_suffrtescuns","OESU","5/31/22","Early",NA,NA,NA,NA,NA,"","","",NA,"",NA,NA,NA
"259","FK",2,"HG","Oenothera_suffrtescuns","OESU","5/31/22","Early",NA,NA,NA,NA,NA,"","","",NA,"",NA,NA,NA
"260","FK",3,"LG","Oenothera_suffrtescuns","OESU","6/1/22","Early",NA,NA,NA,NA,NA,"","","",NA,"",NA,NA,NA
"261","FK",3,"MG","Oenothera_suffrtescuns","OESU","6/1/22","Early",NA,NA,NA,NA,NA,"","","",NA,"",NA,NA,NA
"262","FK",3,"HG","Oenothera_suffrtescuns","OESU","6/1/22","Early",NA,NA,NA,NA,NA,"","","",NA,"",NA,NA,NA
"263","FK",1,"LG","Pascopyrum_smithii","PASM","5/30/22","Early",12.5,1,3,0,75,"perennial","graminoid","C3",0.046,"0.058","0.0726","0.0189",2.437
"264","FK",1,"MG","Pascopyrum_smithii","PASM","5/30/22","Early",20.3,1,3,2,60,"perennial","graminoid","C3",0.045,"0.1455","0.1901","0.0479",5.338
"265","FK",1,"HG","Pascopyrum_smithii","PASM","5/30/22","Early",12.2,1,3,2,60,"perennial","graminoid","C3",0.038,"0.0987","0.1235","0.0314",3.28
"266","FK",2,"LG","Pascopyrum_smithii","PASM","5/31/22","Early",12.9,1,3,0,95,"perennial","graminoid","C3",0.038,"0.0605","0.1089","0.0209",2.03
"267","FK",2,"MG","Pascopyrum_smithii","PASM","5/31/22","Early",15.2,1,3,0,95,"perennial","graminoid","C3",0.035,"0.1011","0.0946","0.034",3.526
"268","FK",2,"HG","Pascopyrum_smithii","PASM","5/31/22","Early",18.6,1,3,0,95,"perennial","graminoid","C3",0.04,"0.1048","0.1748","0.0337",3.391
"269","FK",3,"LG","Pascopyrum_smithii","PASM","6/1/22","Early",16.4,1,3,1,90,"perennial","graminoid","C3",0.048,"0.1083","0.1193","0.0367",3.474
"270","FK",3,"MG","Pascopyrum_smithii","PASM","6/1/22","Early",17.4,1,3,0,95,"perennial","graminoid","C3",0.053,"0.1178","0.1099","0.0387",3.392
"271","FK",3,"HG","Pascopyrum_smithii","PASM","6/1/22","Early",11.9,1,3,0,98,"perennial","graminoid","C3",0.051,"0.0374","0.0527","0.0121",1.049
"272","FK",1,"LG","Pediomelum_esculentum","PEES","5/30/22","Early",5.3,1,3,0,95,"perennial","forb","C3",0.045,"0.1533","0.0845","0.0355",4.424
"273","FK",1,"MG","Pediomelum_esculentum","PEES","5/30/22","Early",7.9,3,6,0,99,"perennial","forb","C3",0.036,"0.4168","0.9468","0.0957",10.754
"274","FK",1,"HG","Pediomelum_esculentum","PEES","5/30/22","Early",9.7,2,4,1,95,"perennial","forb","C3",0.058,"0.4682","0.5919","0.988",10.774
"275","FK",2,"LG","Pediomelum_esculentum","PEES","5/31/22","Early",7.5,4,5,0,100,"perennial","forb","C3",0.038,"0.8191","0.9333","0.1686",15.975
"276","FK",2,"MG","Pediomelum_esculentum","PEES","5/31/22","Early",5.2,5,6,0,100,"perennial","forb","C3",0.042,"0.5771","0.9183","0.1129",12.61
"277","FK",2,"HG","Pediomelum_esculentum","PEES","5/31/22","Early",7.9,8,7,0,98,"perennial","forb","C3",0.043,"0.5708","0.8365","0.139",13.114
"278","FK",3,"LG","Pediomelum_esculentum","PEES","6/1/22","Early",6.8,4,8,0,98,"perennial","forb","C3",0.063,"0.3542","0.7136","0.0878",8.652
"279","FK",3,"MG","Pediomelum_esculentum","PEES","6/1/22","Early",8.2,1,3,0,97,"perennial","forb","C3",0.063,"0.718","0.3253","0.1434",14.86
"280","FK",3,"HG","Pediomelum_esculentum","PEES","6/1/22","Early",5.6,4,9,0,98,"perennial","forb","C3",0.044,"0.5412","0.7578","0.1127",10.707
"281","FK",1,"LG","Plantago_patagonica","PLPA","5/30/22","Early",4.4,0,5,5,90,"annual","forb","C3",0.038,"0.0151","0.0093","0.0031",0.484
"282","FK",1,"MG","Plantago_patagonica","PLPA","5/30/22","Early",4,0,5,1,99,"annual","forb","C3",0.046,"0.0062","0.0074","0.0007",0.288
"283","FK",1,"HG","Plantago_patagonica","PLPA","5/30/22","Early",3.8,1,4,1,99,"annual","forb","C3",0.03,"0.0103","0.0075","0.0018",0.367
"284","FK",2,"LG","Plantago_patagonica","PLPA","5/31/22","Early",3.2,0,9,3,95,"annual","forb","C3",0.04,"0.0087","0.0091","0.0016",0.336
"285","FK",2,"MG","Plantago_patagonica","PLPA","5/31/22","Early",2.9,0,5,4,98,"annual","forb","C3",0.031,"0.0045","0.0062","0.0006",0.172
"286","FK",2,"HG","Plantago_patagonica","PLPA","5/31/22","Early",3.4,0,4,2,95,"annual","forb","C3",0.032,"0.0094","0.0037","0.0019",0.302
"287","FK",3,"LG","Plantago_patagonica","PLPA","6/1/22","Early",2.4,1,3,4,98,"annual","forb","C3",0.041,"0.0044","0.0036","0.0006",0.137
"288","FK",3,"MG","Plantago_patagonica","PLPA","6/1/22","Early",3.8,0,5,3,98,"annual","forb","C3",0.048,"0.013","0.0061","0.002",0.348
"289","FK",3,"HG","Plantago_patagonica","PLPA","6/1/22","Early",2.9,0,5,7,98,"annual","forb","C3",0.041,"0.0113","0.0049","0.0015",0.242
"290","FK",1,"LG","Poa_secunda","POSE","5/30/22","Early",5,1,1,2,75,"perennial","graminoid","C3",0.027,"0.0048","0.0059","0.0013",0.212
"291","FK",1,"MG","Poa_secunda","POSE","5/30/22","Early",17.1,1,2,0,100,"perennial","graminoid","C3",0.04,"0.0214","0.0151","0.0076",1.039
"292","FK",1,"HG","Poa_secunda","POSE","5/30/22","Early",4.5,1,3,0,70,"perennial","graminoid","C3",0.031,"0.0088","0.0082","0.0027",NA
"293","FK",2,"LG","Poa_secunda","POSE","5/31/22","Early",5.1,1,3,1,75,"perennial","graminoid","C3",0.034,"0.0078","0.0101","0.0021",0.416
"294","FK",2,"MG","Poa_secunda","POSE","5/31/22","Early",4.4,0,2,0,75,"perennial","graminoid","C3",0.048,"0.0115","0.0041","0.0034",0.412
"295","FK",2,"HG","Poa_secunda","POSE","5/31/22","Early",5.9,1,4,0,95,"perennial","graminoid","C3",0.021,"0.0103","0.0063","0.0032",0.622
"296","FK",3,"LG","Poa_secunda","POSE","6/1/22","Early",4.6,0,2,1,90,"perennial","graminoid","C3",0.034,"0.012","0.0036","0.0093",0.681
"297","FK",3,"MG","Poa_secunda","POSE","6/1/22","Early",4.5,1,2,1,70,"perennial","graminoid","C3",0.027,"0.0054","0.0021","0.0017",0.188
"298","FK",3,"HG","Poa_secunda","POSE","6/1/22","Early",11.9,1,2,0,99,"perennial","graminoid","C3",0.036,"0.00198","0.0083","0.0087",0.966
"299","FK",1,"LG","Psoralidium_tenuiflorum","PSTE","5/30/22","Early",NA,NA,NA,NA,NA,"perennial","forb","C3",NA,"",NA,NA,NA
"300","FK",1,"MG","Psoralidium_tenuiflorum","PSTE","5/30/22","Early",NA,NA,NA,NA,NA,"perennial","forb","C3",NA,"",NA,NA,NA
"301","FK",1,"HG","Psoralidium_tenuiflorum","PSTE","5/30/22","Early",NA,NA,NA,NA,NA,"perennial","forb","C3",NA,"",NA,NA,NA
"302","FK",2,"LG","Psoralidium_tenuiflorum","PSTE","5/31/22","Early",NA,NA,NA,NA,NA,"perennial","forb","C3",NA,"",NA,NA,NA
"303","FK",2,"MG","Psoralidium_tenuiflorum","PSTE","5/31/22","Early",NA,NA,NA,NA,NA,"perennial","forb","C3",NA,"",NA,NA,NA
"304","FK",2,"HG","Psoralidium_tenuiflorum","PSTE","5/31/22","Early",NA,NA,NA,NA,NA,"perennial","forb","C3",NA,"",NA,NA,NA
"305","FK",3,"LG","Psoralidium_tenuiflorum","PSTE","6/1/22","Early",NA,NA,NA,NA,NA,"perennial","forb","C3",NA,"",NA,NA,NA
"306","FK",3,"MG","Psoralidium_tenuiflorum","PSTE","6/1/22","Early",NA,NA,NA,NA,NA,"perennial","forb","C3",NA,"",NA,NA,NA
"307","FK",3,"HG","Psoralidium_tenuiflorum","PSTE","6/1/22","Early",NA,NA,NA,NA,NA,"perennial","forb","C3",NA,"",NA,NA,NA
"308","FK",1,"LG","Sphaeralcea_coccinea","SPCO","5/30/22","Early",9.2,3,5,0,98,"perennial","forb","C3",0.058,"0.1017","0.2092","0.0319",3.537
"309","FK",1,"MG","Sphaeralcea_coccinea","SPCO","5/30/22","Early",8.1,5,6,0,98,"perennial","forb","C3",0.031,"0.1495","0.231","0.0371",5.07
"310","FK",1,"HG","Sphaeralcea_coccinea","SPCO","5/30/22","Early",8.3,11,8,0,99,"perennial","forb","C3",0.044,"0.1723","0.4036","0.0477",NA
"311","FK",2,"LG","Sphaeralcea_coccinea","SPCO","5/31/22","Early",7.1,4,6,2,90,"perennial","forb","C3",0.043,"0.0848","0.1511","0.0226",2.941
"312","FK",2,"MG","Sphaeralcea_coccinea","SPCO","5/31/22","Early",8.4,8,7,0,100,"perennial","forb","C3",0.042,"0.1816","0.1201","0.0534",5.191
"313","FK",2,"HG","Sphaeralcea_coccinea","SPCO","5/31/22","Early",4.6,3,5,1,90,"perennial","forb","C3",0.047,"0.0976","0.1925","0.0258",3.734
"314","FK",3,"LG","Sphaeralcea_coccinea","SPCO","6/1/22","Early",5.4,2,9,0,97,"perennial","forb","C3",0.039,"0.1025","0.179","0.0303",3.586
"315","FK",3,"MG","Sphaeralcea_coccinea","SPCO","6/1/22","Early",8.3,3,6,0,99,"perennial","forb","C3",0.039,"0.0655","0.173","0.0215",2.604
"316","FK",3,"HG","Sphaeralcea_coccinea","SPCO","6/1/22","Early",6.9,3,9,0,97,"perennial","forb","C3",0.045,"0.0884","0.2336","0.0268",3.237
"317","FK",1,"LG","Sporobolus_cryptandrus","SPCR","7/1/22","Late",23.9,1,0,0,98,"perennial","graminoid","C4",0.023,"0.1923","0.3164","0.0674",8.276
"318","FK",1,"MG","Sporobolus_cryptandrus","SPCR","7/1/22","Late",20.2,1,2,2,89,"perennial","graminoid","C4",0.02,"0.0984","0.1323","0.0306",5.48
"319","FK",1,"HG","Sporobolus_cryptandrus","SPCR","7/1/22","Late",28,1,4,4,86,"perennial","graminoid","C4",0.025,"0.0533","0.019","0.44",2.188
"320","FK",2,"LG","Sporobolus_cryptandrus","SPCR","7/1/22","Late",13,1,4,0,92,"perennial","graminoid","C4",0.024,"0.0545","0.1087","0.0189",3.152
"321","FK",2,"MG","Sporobolus_cryptandrus","SPCR","7/1/22","Late",18.2,1,4,1,97,"perennial","graminoid","C4",0.034,"0.1633","0.24","0.0686",8.532
"322","FK",2,"HG","Sporobolus_cryptandrus","SPCR","7/1/22","Late",14.6,2,3,0,99,"perennial","graminoid","C4",0.019,"0.0894","0.1378","0.0318",4.146
"323","FK",3,"LG","Sporobolus_cryptandrus","SPCR","7/1/22","Late",17.9,1,3,2,85,"perennial","graminoid","C4",0.02,"0.083","0.1146","0.0301",4.469
"324","FK",3,"MG","Sporobolus_cryptandrus","SPCR","7/1/22","Late",21.1,1,4,0,98,"perennial","graminoid","C4",0.02,"0.0749","0.2498","0.03",4.164
"325","FK",3,"HG","Sporobolus_cryptandrus","SPCR","7/1/22","Late",26.2,1,3,1,97,"perennial","graminoid","C4",0.03,"0.0826","0.1586","0.0482",6.692
"326","FK",1,"LG","Taraxacum_officinale","TAOF","5/30/22","Early",4.5,0,3,0,100,"perennial","forb","C3",0.045,"0.0869","0.031","0.014",6.757
"327","FK",1,"MG","Taraxacum_officinale","TAOF","5/30/22","Early",7.2,0,6,0,95,"perennial","forb","C3",0.029,"0.10108","0.039","0.0162",5.414
"328","FK",1,"HG","Taraxacum_officinale","TAOF","5/30/22","Early",3.4,0,10,1,95,"perennial","forb","C3",0.028,"0.0544","0.0917","0.0093",2.345
"329","FK",2,"LG","Taraxacum_officinale","TAOF","5/31/22","Early",4.1,0,12,0,80,"perennial","forb","C3",0.028,"0.0554","0.0965","0.0102",2.248
"330","FK",2,"MG","Taraxacum_officinale","TAOF","5/31/22","Early",4.3,0,13,0,95,"perennial","forb","C3",0.028,"0.1241","0.1272","0.00203",4.666
"331","FK",2,"HG","Taraxacum_officinale","TAOF","5/31/22","Early",4.1,0,7,0,70,"perennial","forb","C3",0.05,"0.0749","0.0874","0.0128",6.571
"332","FK",3,"LG","Taraxacum_officinale","TAOF","6/1/22","Early",3.7,0,8,0,97,"perennial","forb","C3",0.042,"0.0599","0.0469","0.0101",2.806
"333","FK",3,"MG","Taraxacum_officinale","TAOF","6/1/22","Early",4.6,0,7,0,98,"perennial","forb","C3",0.041,"0.0657","0.0695","0.107",2.316
"334","FK",3,"HG","Taraxacum_officinale","TAOF","6/1/22","Early",4.4,0,9,0,85,"perennial","forb","C3",0.042,"0.1034","0.076","0.0153",3.957
"335","FK",1,"LG","Tragopogon_dubius","TRDU","5/30/22","Early",17.6,2,21,0,98,"annual_biennial","forb","C3",0.042,"0.1665","0.671","0.0278",5.588
"336","FK",1,"MG","Tragopogon_dubius","TRDU","5/30/22","Early",24.9,6,23,1,95,"annual_biennial","forb","C3",0.031,"0.2598","1.0294","0.0442",8.618
"337","FK",1,"HG","Tragopogon_dubius","TRDU","5/30/22","Early",17.3,0,23,2,97,"annual_biennial","forb","C3",0.034,"0.1199","0.621","0.0234",2.298
"338","FK",2,"LG","Tragopogon_dubius","TRDU","5/31/22","Early",19.4,3,18,0,95,"annual_biennial","forb","C3",0.033,"0.1563","0.6737","0.0294",4.932
"339","FK",2,"MG","Tragopogon_dubius","TRDU","5/31/22","Early",17.8,0,17,1,95,"annual_biennial","forb","C3",0.048,"0.1706","0.603","0.0326",5.877
"340","FK",2,"HG","Tragopogon_dubius","TRDU","5/31/22","Early",19.7,6,22,1,92,"annual_biennial","forb","C3",0.035,"0.1618","0.7619","0.0317",5.738
"341","FK",3,"LG","Tragopogon_dubius","TRDU","6/1/22","Early",21.8,1,19,1,95,"annual_biennial","forb","C3",0.055,"0.1697","0.8413","0.0327",5.366
"342","FK",3,"MG","Tragopogon_dubius","TRDU","6/1/22","Early",20.3,4,21,0,99,"annual_biennial","forb","C3",0.078,"0.2545","1.0875","0.0476",8.251
"343","FK",3,"HG","Tragopogon_dubius","TRDU","6/1/22","Early",12.8,0,19,0,90,"annual_biennial","forb","C3",0.055,"0.1218","0.3468","0.0227",4.176
"344","FK",1,"LG","Vicia_americana","VIAM","5/30/22","Early",NA,NA,NA,NA,NA,"","","",NA,"",NA,NA,NA
"345","FK",1,"MG","Vicia_americana","VIAM","5/30/22","Early",NA,NA,NA,NA,NA,"","","",NA,"",NA,NA,NA
"346","FK",1,"HG","Vicia_americana","VIAM","5/30/22","Early",NA,NA,NA,NA,NA,"","","",NA,"",NA,NA,NA
"347","FK",2,"LG","Vicia_americana","VIAM","5/31/22","Early",NA,NA,NA,NA,NA,"","","",NA,"",NA,NA,NA
"348","FK",2,"MG","Vicia_americana","VIAM","5/31/22","Early",NA,NA,NA,NA,NA,"","","",0,"",NA,NA,NA
"349","FK",2,"HG","Vicia_americana","VIAM","5/31/22","Early",NA,NA,NA,NA,NA,"","","",NA,"",NA,NA,NA
"350","FK",3,"LG","Vicia_americana","VIAM","6/1/22","Early",NA,NA,NA,NA,NA,"","","",NA,"",NA,NA,NA
"351","FK",3,"MG","Vicia_americana","VIAM","6/1/22","Early",NA,NA,NA,NA,NA,"","","",NA,"",NA,NA,NA
"352","FK",3,"HG","Vicia_americana","VIAM","6/1/22","Early",NA,NA,NA,NA,NA,"","","",NA,"",NA,NA,NA
"353","FK",1,"LG","Vulpia_octoflora","VUOC","5/30/22","Early",8.2,0,1,2,80,"annual","graminoid","C3",0.034,"0.0012","0.008","0.0001",0.071
"354","FK",1,"MG","Vulpia_octoflora","VUOC","5/30/22","Early",4.4,0,3,0,95,"annual","graminoid","C3",0.032,"0.0003","0.0027","1e-05",0.022
"355","FK",1,"HG","Vulpia_octoflora","VUOC","5/30/22","Early",5.2,0,2,1,90,"annual","graminoid","C3",0.045,"0.0012","0.0052","0.0001",0.062
"356","FK",2,"LG","Vulpia_octoflora","VUOC","5/31/22","Early",6.9,1,1,4,60,"annual","graminoid","C3",0.037,"0.0017","0.0102","0.0005",0.075
"357","FK",2,"MG","Vulpia_octoflora","VUOC","5/31/22","Early",9.1,0,2,1,95,"annual","graminoid","C3",0.033,"0.0007","0.0058","1e-05",0.049
"358","FK",2,"HG","Vulpia_octoflora","VUOC","5/31/22","Early",8,0,2,0,95,"annual","graminoid","C3",0.03,"0.0003","0.0063","1e-05",0.022
"359","FK",3,"LG","Vulpia_octoflora","VUOC","6/1/22","Early",7.6,1,2,5,90,"annual","graminoid","C3",0.03,"0.0006","0.0068","1e-05",0.029
"360","FK",3,"MG","Vulpia_octoflora","VUOC","6/1/22","Early",6.2,0,1,3,80,"annual","graminoid","C3",0.024,"0.0008","0.0056","1e-05",0.024
"361","FK",3,"HG","Vulpia_octoflora","VUOC","6/1/22","Early",6.1,0,1,2,70,"annual","graminoid","C3",0.037,"0.0013","0.0062","1e-05",NA
